2026-09-19 13:34:12 INFO [eta] 日志已就绪：目录 runtime/logs（按天轮转，保留 14 天，终端级别 INFO / 文件级别 DEBUG）
2026-09-19 13:34:13 INFO [eta.providers.agent_chat] 智能体会话调用完成 | 返回 2 字，耗时 0ms
2026-09-19 13:34:13 INFO [eta.providers.agent_chat] 智能体会话调用完成 | 返回 2 字，耗时 0ms
2026-09-19 13:34:13 WARNING [eta.providers.agent_chat] 智能体会话请求失败，2s 后重试一次：connection reset
2026-09-19 13:34:15 WARNING [eta.services.photo_check] 多图联合解析失败，该批降级逐张解析：多图联合失败
2026-09-19 13:34:15 WARNING [eta.services.photo_check] Markdown 结构化失败：DeepSeek 超时
2026-09-19 13:34:15 WARNING [eta.services.photo_check] 智能体会话解析失败，降级 OCR 转录解析：invalid_api_key
2026-09-19 13:34:15 WARNING [eta.services.photo_check] 多图联合解析失败，该批降级逐张解析：多图联合失败（测试桩）
2026-09-19 13:34:15 DEBUG [asyncio] Using selector: KqueueSelector
2026-09-19 13:34:15 DEBUG [eta.access] GET /api/health → 200 (28ms)
2026-09-19 13:34:15 DEBUG [asyncio] Using selector: KqueueSelector
2026-09-19 13:34:15 DEBUG [eta.access] GET /api/ontology → 200 (3ms)
2026-09-19 13:34:15 DEBUG [asyncio] Using selector: KqueueSelector
2026-09-19 13:34:15 DEBUG [eta.access] POST /api/students/import → 200 (5ms)
2026-09-19 13:34:15 DEBUG [asyncio] Using selector: KqueueSelector
2026-09-19 13:34:15 DEBUG [eta.access] GET /api/students → 200 (3ms)
2026-09-19 13:34:15 DEBUG [asyncio] Using selector: KqueueSelector
2026-09-19 13:34:15 DEBUG [eta.access] POST /api/errors/scan → 200 (5ms)
2026-09-19 13:34:15 DEBUG [asyncio] Using selector: KqueueSelector
2026-09-19 13:34:15 DEBUG [eta.access] GET /api/errors → 200 (3ms)
2026-09-19 13:34:15 DEBUG [asyncio] Using selector: KqueueSelector
2026-09-19 13:34:15 DEBUG [eta.access] POST /api/errors/1/confirm → 200 (5ms)
2026-09-19 13:34:15 DEBUG [asyncio] Using selector: KqueueSelector
2026-09-19 13:34:15 DEBUG [eta.access] POST /api/errors/scan → 200 (5ms)
2026-09-19 13:34:15 DEBUG [asyncio] Using selector: KqueueSelector
2026-09-19 13:34:15 DEBUG [eta.access] POST /api/errors/2/confirm → 200 (5ms)
2026-09-19 13:34:15 DEBUG [asyncio] Using selector: KqueueSelector
2026-09-19 13:34:15 DEBUG [eta.access] POST /api/errors/scan → 200 (5ms)
2026-09-19 13:34:15 DEBUG [asyncio] Using selector: KqueueSelector
2026-09-19 13:34:15 DEBUG [eta.access] GET /api/errors → 200 (2ms)
2026-09-19 13:34:15 DEBUG [asyncio] Using selector: KqueueSelector
2026-09-19 13:34:15 DEBUG [eta.access] POST /api/errors/3/confirm → 200 (4ms)
2026-09-19 13:34:15 DEBUG [asyncio] Using selector: KqueueSelector
2026-09-19 13:34:15 DEBUG [eta.access] POST /api/errors/scan → 200 (6ms)
2026-09-19 13:34:15 DEBUG [asyncio] Using selector: KqueueSelector
2026-09-19 13:34:15 DEBUG [eta.access] GET /api/errors → 200 (2ms)
2026-09-19 13:34:15 DEBUG [asyncio] Using selector: KqueueSelector
2026-09-19 13:34:15 DEBUG [eta.access] POST /api/errors/4/confirm → 200 (4ms)
2026-09-19 13:34:15 DEBUG [asyncio] Using selector: KqueueSelector
2026-09-19 13:34:15 DEBUG [eta.access] POST /api/errors/scan → 200 (6ms)
2026-09-19 13:34:15 DEBUG [asyncio] Using selector: KqueueSelector
2026-09-19 13:34:15 DEBUG [eta.access] GET /api/errors → 200 (2ms)
2026-09-19 13:34:15 DEBUG [asyncio] Using selector: KqueueSelector
2026-09-19 13:34:15 DEBUG [eta.access] POST /api/errors/5/confirm → 200 (5ms)
2026-09-19 13:34:15 DEBUG [asyncio] Using selector: KqueueSelector
2026-09-19 13:34:15 DEBUG [eta.access] POST /api/errors/scan → 200 (4ms)
2026-09-19 13:34:15 DEBUG [asyncio] Using selector: KqueueSelector
2026-09-19 13:34:15 DEBUG [eta.access] GET /api/errors → 200 (2ms)
2026-09-19 13:34:15 DEBUG [asyncio] Using selector: KqueueSelector
2026-09-19 13:34:15 DEBUG [eta.access] POST /api/errors/6/confirm → 200 (5ms)
2026-09-19 13:34:15 DEBUG [asyncio] Using selector: KqueueSelector
2026-09-19 13:34:15 DEBUG [eta.access] POST /api/errors/scan → 200 (4ms)
2026-09-19 13:34:15 DEBUG [asyncio] Using selector: KqueueSelector
2026-09-19 13:34:15 DEBUG [eta.access] GET /api/errors → 200 (2ms)
2026-09-19 13:34:15 DEBUG [asyncio] Using selector: KqueueSelector
2026-09-19 13:34:15 DEBUG [eta.access] POST /api/errors/7/confirm → 200 (4ms)
2026-09-19 13:34:15 DEBUG [asyncio] Using selector: KqueueSelector
2026-09-19 13:34:15 DEBUG [eta.access] POST /api/errors/scan → 200 (4ms)
2026-09-19 13:34:15 DEBUG [asyncio] Using selector: KqueueSelector
2026-09-19 13:34:15 DEBUG [eta.access] GET /api/errors → 200 (2ms)
2026-09-19 13:34:15 DEBUG [asyncio] Using selector: KqueueSelector
2026-09-19 13:34:16 DEBUG [eta.access] POST /api/errors/8/confirm → 200 (4ms)
2026-09-19 13:34:16 DEBUG [asyncio] Using selector: KqueueSelector
2026-09-19 13:34:16 DEBUG [eta.access] POST /api/errors/scan → 200 (5ms)
2026-09-19 13:34:16 DEBUG [asyncio] Using selector: KqueueSelector
2026-09-19 13:34:16 DEBUG [eta.access] GET /api/errors → 200 (3ms)
2026-09-19 13:34:16 DEBUG [asyncio] Using selector: KqueueSelector
2026-09-19 13:34:16 DEBUG [eta.access] POST /api/errors/9/confirm → 200 (4ms)
2026-09-19 13:34:16 DEBUG [asyncio] Using selector: KqueueSelector
2026-09-19 13:34:16 DEBUG [eta.access] POST /api/errors/scan → 200 (6ms)
2026-09-19 13:34:16 DEBUG [asyncio] Using selector: KqueueSelector
2026-09-19 13:34:16 DEBUG [eta.access] GET /api/errors → 200 (2ms)
2026-09-19 13:34:16 DEBUG [asyncio] Using selector: KqueueSelector
2026-09-19 13:34:16 DEBUG [eta.access] POST /api/errors/10/confirm → 200 (5ms)
2026-09-19 13:34:16 DEBUG [asyncio] Using selector: KqueueSelector
2026-09-19 13:34:16 DEBUG [eta.access] POST /api/errors/scan → 200 (5ms)
2026-09-19 13:34:16 DEBUG [asyncio] Using selector: KqueueSelector
2026-09-19 13:34:16 DEBUG [eta.access] GET /api/errors → 200 (2ms)
2026-09-19 13:34:16 DEBUG [asyncio] Using selector: KqueueSelector
2026-09-19 13:34:16 DEBUG [eta.access] POST /api/errors/11/confirm → 200 (5ms)
2026-09-19 13:34:16 DEBUG [asyncio] Using selector: KqueueSelector
2026-09-19 13:34:16 DEBUG [eta.access] POST /api/errors/scan → 200 (5ms)
2026-09-19 13:34:16 DEBUG [asyncio] Using selector: KqueueSelector
2026-09-19 13:34:16 DEBUG [eta.access] GET /api/errors → 200 (2ms)
2026-09-19 13:34:16 DEBUG [asyncio] Using selector: KqueueSelector
2026-09-19 13:34:16 DEBUG [eta.access] POST /api/errors/12/confirm → 200 (5ms)
2026-09-19 13:34:16 DEBUG [asyncio] Using selector: KqueueSelector
2026-09-19 13:34:16 DEBUG [eta.access] POST /api/errors/scan → 200 (4ms)
2026-09-19 13:34:16 DEBUG [asyncio] Using selector: KqueueSelector
2026-09-19 13:34:16 DEBUG [eta.access] GET /api/errors → 200 (2ms)
2026-09-19 13:34:16 DEBUG [asyncio] Using selector: KqueueSelector
2026-09-19 13:34:16 DEBUG [eta.access] POST /api/errors/13/confirm → 200 (5ms)
2026-09-19 13:34:16 DEBUG [asyncio] Using selector: KqueueSelector
2026-09-19 13:34:16 DEBUG [eta.access] POST /api/errors/scan → 200 (5ms)
2026-09-19 13:34:16 DEBUG [asyncio] Using selector: KqueueSelector
2026-09-19 13:34:16 DEBUG [eta.access] GET /api/errors → 200 (2ms)
2026-09-19 13:34:16 DEBUG [asyncio] Using selector: KqueueSelector
2026-09-19 13:34:16 DEBUG [eta.access] POST /api/errors/14/confirm → 200 (4ms)
2026-09-19 13:34:16 DEBUG [asyncio] Using selector: KqueueSelector
2026-09-19 13:34:16 DEBUG [eta.access] POST /api/practice/generate → 200 (4ms)
2026-09-19 13:34:16 DEBUG [asyncio] Using selector: KqueueSelector
2026-09-19 13:34:16 DEBUG [eta.access] POST /api/practice/1/approve → 200 (3ms)
2026-09-19 13:34:16 DEBUG [asyncio] Using selector: KqueueSelector
2026-09-19 13:34:16 DEBUG [eta.access] GET /api/decision-sheet → 200 (7ms)
2026-09-19 13:34:16 DEBUG [asyncio] Using selector: KqueueSelector
2026-09-19 13:34:16 DEBUG [eta.access] GET /api/review-sheet → 200 (5ms)
2026-09-19 13:34:16 DEBUG [asyncio] Using selector: KqueueSelector
2026-09-19 13:34:16 DEBUG [eta.access] GET /api/trends/categories → 200 (3ms)
2026-09-19 13:34:16 DEBUG [asyncio] Using selector: KqueueSelector
2026-09-19 13:34:16 DEBUG [eta.access] GET /api/stats/teacher-overrides → 200 (2ms)
2026-09-19 13:34:16 DEBUG [asyncio] Using selector: KqueueSelector
2026-09-19 13:34:16 DEBUG [eta.access] GET /api/export/errors.csv → 200 (3ms)
2026-09-19 13:34:16 DEBUG [asyncio] Using selector: KqueueSelector
2026-09-19 13:34:16 DEBUG [eta.access] POST /api/errors/scan → 200 (5ms)
2026-09-19 13:34:16 DEBUG [asyncio] Using selector: KqueueSelector
2026-09-19 13:34:16 DEBUG [eta.access] POST /api/errors/scan → 400 (1ms)
2026-09-19 13:34:16 DEBUG [asyncio] Using selector: KqueueSelector
2026-09-19 13:34:16 DEBUG [eta.access] POST /api/errors/scan → 200 (4ms)
2026-09-19 13:34:16 DEBUG [asyncio] Using selector: KqueueSelector
2026-09-19 13:34:16 DEBUG [eta.access] POST /api/errors/1/confirm → 400 (2ms)
2026-09-19 13:34:16 DEBUG [asyncio] Using selector: KqueueSelector
2026-09-19 13:34:16 DEBUG [eta.access] POST /api/students/import → 200 (4ms)
2026-09-19 13:34:16 DEBUG [asyncio] Using selector: KqueueSelector
2026-09-19 13:34:16 DEBUG [eta.access] POST /api/errors/scan-batch → 200 (14ms)
2026-09-19 13:34:16 DEBUG [asyncio] Using selector: KqueueSelector
2026-09-19 13:34:16 DEBUG [eta.access] GET /api/errors → 200 (2ms)
2026-09-19 13:34:16 DEBUG [asyncio] Using selector: KqueueSelector
2026-09-19 13:34:16 DEBUG [eta.access] POST /api/students/import → 200 (4ms)
2026-09-19 13:34:16 DEBUG [asyncio] Using selector: KqueueSelector
2026-09-19 13:34:16 DEBUG [eta.access] POST /api/errors/scan-batch → 200 (9ms)
2026-09-19 13:34:16 DEBUG [asyncio] Using selector: KqueueSelector
2026-09-19 13:34:16 DEBUG [eta.access] POST /api/students/import → 200 (3ms)
2026-09-19 13:34:16 DEBUG [asyncio] Using selector: KqueueSelector
2026-09-19 13:34:16 DEBUG [eta.access] POST /api/errors/scan-batch → 200 (6ms)
2026-09-19 13:34:16 DEBUG [asyncio] Using selector: KqueueSelector
2026-09-19 13:34:16 DEBUG [eta.access] POST /api/students/import → 200 (5ms)
2026-09-19 13:34:16 DEBUG [asyncio] Using selector: KqueueSelector
2026-09-19 13:34:16 DEBUG [eta.access] POST /api/errors/scan-photos → 200 (2ms)
2026-09-19 13:34:16 DEBUG [asyncio] Using selector: KqueueSelector
2026-09-19 13:34:16 DEBUG [eta.access] GET /api/errors → 200 (2ms)
2026-09-19 13:34:16 DEBUG [asyncio] Using selector: KqueueSelector
2026-09-19 13:34:16 DEBUG [eta.access] POST /api/errors/scan-photos-submit → 200 (12ms)
2026-09-19 13:34:16 DEBUG [asyncio] Using selector: KqueueSelector
2026-09-19 13:34:16 DEBUG [eta.access] GET /api/errors → 200 (2ms)
2026-09-19 13:34:16 DEBUG [asyncio] Using selector: KqueueSelector
2026-09-19 13:34:16 DEBUG [eta.access] POST /api/errors/scan-photos → 400 (3ms)
2026-09-19 13:34:16 DEBUG [asyncio] Using selector: KqueueSelector
2026-09-19 13:34:16 DEBUG [eta.access] POST /api/errors/scan-photos → 400 (1ms)
2026-09-19 13:34:16 DEBUG [asyncio] Using selector: KqueueSelector
2026-09-19 13:34:16 DEBUG [eta.access] POST /api/errors/scan-photos → 400 (2ms)
2026-09-19 13:34:16 DEBUG [asyncio] Using selector: KqueueSelector
2026-09-19 13:34:16 DEBUG [eta.access] POST /api/errors/scan → 200 (4ms)
2026-09-19 13:34:16 DEBUG [asyncio] Using selector: KqueueSelector
2026-09-19 13:34:16 DEBUG [eta.access] POST /api/errors/scan → 200 (4ms)
2026-09-19 13:34:16 DEBUG [asyncio] Using selector: KqueueSelector
2026-09-19 13:34:16 DEBUG [eta.access] GET /api/errors → 200 (2ms)
2026-09-19 13:34:16 DEBUG [asyncio] Using selector: KqueueSelector
2026-09-19 13:34:16 DEBUG [eta.access] POST /api/errors/confirm-bulk → 200 (3ms)
2026-09-19 13:34:16 DEBUG [asyncio] Using selector: KqueueSelector
2026-09-19 13:34:16 DEBUG [eta.access] GET /api/errors → 200 (2ms)
2026-09-19 13:34:16 DEBUG [asyncio] Using selector: KqueueSelector
2026-09-19 13:34:16 DEBUG [eta.access] POST /api/errors/confirm-bulk → 200 (4ms)
2026-09-19 13:34:16 DEBUG [asyncio] Using selector: KqueueSelector
2026-09-19 13:34:16 DEBUG [eta.access] GET /api/errors → 200 (2ms)
2026-09-19 13:34:16 DEBUG [asyncio] Using selector: KqueueSelector
2026-09-19 13:34:16 DEBUG [eta.access] POST /api/errors/confirm-bulk → 400 (2ms)
2026-09-19 13:34:16 DEBUG [asyncio] Using selector: KqueueSelector
2026-09-19 13:34:16 DEBUG [eta.access] POST /api/students → 200 (4ms)
2026-09-19 13:34:16 DEBUG [asyncio] Using selector: KqueueSelector
2026-09-19 13:34:16 DEBUG [eta.access] POST /api/students → 400 (2ms)
2026-09-19 13:34:16 DEBUG [asyncio] Using selector: KqueueSelector
2026-09-19 13:34:16 DEBUG [eta.access] POST /api/errors/scan → 200 (6ms)
2026-09-19 13:34:16 DEBUG [asyncio] Using selector: KqueueSelector
2026-09-19 13:34:16 DEBUG [eta.access] PUT /api/students/9101 → 200 (4ms)
2026-09-19 13:34:16 DEBUG [asyncio] Using selector: KqueueSelector
2026-09-19 13:34:16 DEBUG [eta.access] GET /api/errors → 200 (2ms)
2026-09-19 13:34:16 DEBUG [asyncio] Using selector: KqueueSelector
2026-09-19 13:34:16 DEBUG [eta.access] POST /api/students → 200 (4ms)
2026-09-19 13:34:16 DEBUG [asyncio] Using selector: KqueueSelector
2026-09-19 13:34:16 DEBUG [eta.access] PUT /api/students/9201 → 400 (2ms)
2026-09-19 13:34:16 DEBUG [asyncio] Using selector: KqueueSelector
2026-09-19 13:34:16 DEBUG [eta.access] DELETE /api/students/9201 → 200 (4ms)
2026-09-19 13:34:16 DEBUG [asyncio] Using selector: KqueueSelector
2026-09-19 13:34:16 DEBUG [eta.access] GET /api/errors → 200 (2ms)
2026-09-19 13:34:16 DEBUG [asyncio] Using selector: KqueueSelector
2026-09-19 13:34:16 DEBUG [eta.access] DELETE /api/students/9201 → 404 (1ms)
2026-09-19 13:34:16 DEBUG [asyncio] Using selector: KqueueSelector
2026-09-19 13:34:16 DEBUG [eta.access] POST /api/students → 200 (4ms)
2026-09-19 13:34:16 DEBUG [asyncio] Using selector: KqueueSelector
2026-09-19 13:34:16 DEBUG [eta.access] POST /api/errors/scan → 200 (6ms)
2026-09-19 13:34:16 DEBUG [asyncio] Using selector: KqueueSelector
2026-09-19 13:34:16 DEBUG [eta.access] DELETE /api/students/9102 → 200 (3ms)
2026-09-19 13:34:16 DEBUG [asyncio] Using selector: KqueueSelector
2026-09-19 13:34:16 DEBUG [eta.access] GET /api/errors → 200 (3ms)
2026-09-19 13:34:16 DEBUG [asyncio] Using selector: KqueueSelector
2026-09-19 13:34:16 DEBUG [eta.access] POST /api/classes → 200 (4ms)
2026-09-19 13:34:16 DEBUG [asyncio] Using selector: KqueueSelector
2026-09-19 13:34:16 DEBUG [eta.access] GET /api/classes → 200 (2ms)
2026-09-19 13:34:16 DEBUG [asyncio] Using selector: KqueueSelector
2026-09-19 13:34:16 DEBUG [eta.access] POST /api/classes → 400 (2ms)
2026-09-19 13:34:16 DEBUG [asyncio] Using selector: KqueueSelector
2026-09-19 13:34:16 DEBUG [eta.access] POST /api/classes → 400 (2ms)
2026-09-19 13:34:16 DEBUG [asyncio] Using selector: KqueueSelector
2026-09-19 13:34:16 DEBUG [eta.access] POST /api/students → 200 (3ms)
2026-09-19 13:34:16 DEBUG [asyncio] Using selector: KqueueSelector
2026-09-19 13:34:16 DEBUG [eta.access] POST /api/errors/scan → 200 (5ms)
2026-09-19 13:34:16 DEBUG [asyncio] Using selector: KqueueSelector
2026-09-19 13:34:16 DEBUG [eta.access] PUT /api/classes/九(1)班 → 200 (4ms)
2026-09-19 13:34:16 DEBUG [asyncio] Using selector: KqueueSelector
2026-09-19 13:34:16 DEBUG [eta.access] GET /api/classes → 200 (1ms)
2026-09-19 13:34:16 DEBUG [asyncio] Using selector: KqueueSelector
2026-09-19 13:34:16 DEBUG [eta.access] GET /api/students → 200 (2ms)
2026-09-19 13:34:16 DEBUG [asyncio] Using selector: KqueueSelector
2026-09-19 13:34:16 DEBUG [eta.access] GET /api/errors → 200 (2ms)
2026-09-19 13:34:16 DEBUG [asyncio] Using selector: KqueueSelector
2026-09-19 13:34:16 DEBUG [eta.access] DELETE /api/classes/九(2)班 → 200 (4ms)
2026-09-19 13:34:16 DEBUG [asyncio] Using selector: KqueueSelector
2026-09-19 13:34:16 DEBUG [eta.access] GET /api/students → 200 (1ms)
2026-09-19 13:34:16 DEBUG [asyncio] Using selector: KqueueSelector
2026-09-19 13:34:16 DEBUG [eta.access] GET /api/errors → 200 (2ms)
2026-09-19 13:34:16 DEBUG [asyncio] Using selector: KqueueSelector
2026-09-19 13:34:16 DEBUG [eta.access] POST /api/classes → 200 (3ms)
2026-09-19 13:34:16 DEBUG [asyncio] Using selector: KqueueSelector
2026-09-19 13:34:16 DEBUG [eta.access] POST /api/classes → 200 (4ms)
2026-09-19 13:34:16 DEBUG [asyncio] Using selector: KqueueSelector
2026-09-19 13:34:16 DEBUG [eta.access] POST /api/students → 200 (3ms)
2026-09-19 13:34:16 DEBUG [asyncio] Using selector: KqueueSelector
2026-09-19 13:34:16 DEBUG [eta.access] PUT /api/classes/九(3)班 → 400 (2ms)
2026-09-19 13:34:16 DEBUG [asyncio] Using selector: KqueueSelector
2026-09-19 13:34:16 DEBUG [eta.access] DELETE /api/classes/九(3)班 → 200 (3ms)
2026-09-19 13:34:16 DEBUG [asyncio] Using selector: KqueueSelector
2026-09-19 13:34:16 DEBUG [eta.access] DELETE /api/classes/九(1)班 → 200 (3ms)
2026-09-19 13:34:16 DEBUG [asyncio] Using selector: KqueueSelector
2026-09-19 13:34:16 DEBUG [eta.access] GET /api/classes → 200 (1ms)
2026-09-19 13:34:16 DEBUG [asyncio] Using selector: KqueueSelector
2026-09-19 13:34:16 DEBUG [eta.access] POST /api/classes → 200 (4ms)
2026-09-19 13:34:16 DEBUG [asyncio] Using selector: KqueueSelector
2026-09-19 13:34:16 DEBUG [eta.access] POST /api/students → 200 (4ms)
2026-09-19 13:34:16 DEBUG [asyncio] Using selector: KqueueSelector
2026-09-19 13:34:16 DEBUG [eta.access] POST /api/errors/scan → 200 (5ms)
2026-09-19 13:34:16 DEBUG [asyncio] Using selector: KqueueSelector
2026-09-19 13:34:16 DEBUG [eta.access] DELETE /api/classes/旧库班 → 200 (3ms)
2026-09-19 13:34:16 DEBUG [asyncio] Using selector: KqueueSelector
2026-09-19 13:34:16 DEBUG [eta.access] POST /api/errors/scan → 200 (5ms)
2026-09-19 13:34:16 DEBUG [asyncio] Using selector: KqueueSelector
2026-09-19 13:34:16 DEBUG [eta.access] POST /api/errors/1/confirm → 200 (3ms)
2026-09-19 13:34:16 DEBUG [asyncio] Using selector: KqueueSelector
2026-09-19 13:34:16 DEBUG [eta.access] POST /api/errors/scan → 200 (3ms)
2026-09-19 13:34:16 DEBUG [asyncio] Using selector: KqueueSelector
2026-09-19 13:34:16 DEBUG [eta.access] POST /api/errors/2/confirm → 200 (5ms)
2026-09-19 13:34:16 DEBUG [asyncio] Using selector: KqueueSelector
2026-09-19 13:34:16 DEBUG [eta.access] POST /api/errors/scan → 200 (3ms)
2026-09-19 13:34:16 DEBUG [asyncio] Using selector: KqueueSelector
2026-09-19 13:34:16 DEBUG [eta.access] POST /api/errors/3/confirm → 200 (4ms)
2026-09-19 13:34:16 DEBUG [asyncio] Using selector: KqueueSelector
2026-09-19 13:34:16 DEBUG [eta.access] POST /api/errors/scan → 200 (4ms)
2026-09-19 13:34:16 DEBUG [asyncio] Using selector: KqueueSelector
2026-09-19 13:34:16 DEBUG [eta.access] POST /api/errors/4/confirm → 200 (4ms)
2026-09-19 13:34:16 DEBUG [asyncio] Using selector: KqueueSelector
2026-09-19 13:34:16 DEBUG [eta.access] POST /api/decision-sheet/ai → 200 (6ms)
2026-09-19 13:34:17 DEBUG [asyncio] Using selector: KqueueSelector
2026-09-19 13:34:17 DEBUG [eta.access] POST /api/decision-sheet/ai → 400 (3ms)
2026-09-19 13:34:17 DEBUG [asyncio] Using selector: KqueueSelector
2026-09-19 13:34:17 DEBUG [eta.access] POST /api/practice/generate → 422 (2ms)
2026-09-19 13:34:17 DEBUG [asyncio] Using selector: KqueueSelector
2026-09-19 13:34:17 DEBUG [eta.access] POST /api/practice/generate → 422 (1ms)
2026-09-19 13:34:17 DEBUG [asyncio] Using selector: KqueueSelector
2026-09-19 13:34:17 DEBUG [eta.access] POST /api/practice/generate → 200 (3ms)
2026-09-19 13:34:17 DEBUG [asyncio] Using selector: KqueueSelector
2026-09-19 13:34:17 DEBUG [eta.access] POST /api/practice/generate → 200 (6ms)
2026-09-19 13:34:17 DEBUG [asyncio] Using selector: KqueueSelector
2026-09-19 13:34:17 DEBUG [eta.access] POST /api/practice/generate → 200 (4ms)
2026-09-19 13:34:17 DEBUG [asyncio] Using selector: KqueueSelector
2026-09-19 13:34:17 DEBUG [eta.access] POST /api/practice/generate → 400 (1ms)
2026-09-19 13:34:17 DEBUG [asyncio] Using selector: KqueueSelector
2026-09-19 13:34:17 DEBUG [eta.access] POST /api/practice/generate → 400 (2ms)
2026-09-19 13:34:17 DEBUG [asyncio] Using selector: KqueueSelector
2026-09-19 13:34:17 DEBUG [eta.access] POST /api/paper/generate → 400 (2ms)
2026-09-19 13:34:17 DEBUG [asyncio] Using selector: KqueueSelector
2026-09-19 13:34:17 DEBUG [eta.access] POST /api/errors/scan → 200 (4ms)
2026-09-19 13:34:17 DEBUG [asyncio] Using selector: KqueueSelector
2026-09-19 13:34:17 DEBUG [eta.access] POST /api/errors/1/confirm → 200 (4ms)
2026-09-19 13:34:17 DEBUG [asyncio] Using selector: KqueueSelector
2026-09-19 13:34:17 DEBUG [eta.access] POST /api/errors/scan → 200 (4ms)
2026-09-19 13:34:17 DEBUG [asyncio] Using selector: KqueueSelector
2026-09-19 13:34:17 DEBUG [eta.access] POST /api/errors/2/confirm → 200 (4ms)
2026-09-19 13:34:17 DEBUG [asyncio] Using selector: KqueueSelector
2026-09-19 13:34:17 DEBUG [eta.access] POST /api/paper/generate → 200 (4ms)
2026-09-19 13:34:17 DEBUG [asyncio] Using selector: KqueueSelector
2026-09-19 13:34:17 DEBUG [eta.access] POST /api/paper/generate → 200 (4ms)
2026-09-19 13:34:17 DEBUG [asyncio] Using selector: KqueueSelector
2026-09-19 13:34:17 DEBUG [eta.access] POST /api/paper/generate → 422 (2ms)
2026-09-19 13:34:17 DEBUG [asyncio] Using selector: KqueueSelector
2026-09-19 13:34:17 DEBUG [eta.access] POST /api/paper/generate → 422 (1ms)
2026-09-19 13:34:17 DEBUG [asyncio] Using selector: KqueueSelector
2026-09-19 13:34:17 DEBUG [eta.access] POST /api/paper/generate → 200 (5ms)
2026-09-19 13:34:17 DEBUG [asyncio] Using selector: KqueueSelector
2026-09-19 13:34:17 DEBUG [eta.access] GET /api/papers → 200 (2ms)
2026-09-19 13:34:17 DEBUG [asyncio] Using selector: KqueueSelector
2026-09-19 13:34:17 DEBUG [eta.access] POST /api/paper/1/approve → 200 (2ms)
2026-09-19 13:34:17 DEBUG [asyncio] Using selector: KqueueSelector
2026-09-19 13:34:17 DEBUG [eta.access] POST /api/paper/1/approve → 404 (2ms)
2026-09-19 13:34:17 DEBUG [asyncio] Using selector: KqueueSelector
2026-09-19 13:34:17 DEBUG [eta.access] GET /api/papers → 200 (2ms)
2026-09-19 13:34:17 DEBUG [asyncio] Using selector: KqueueSelector
2026-09-19 13:34:17 DEBUG [eta.access] POST /api/practice/generate → 200 (3ms)
2026-09-19 13:34:17 DEBUG [asyncio] Using selector: KqueueSelector
2026-09-19 13:34:17 DEBUG [eta.access] GET /api/practices/export → 400 (18ms)
2026-09-19 13:34:17 DEBUG [asyncio] Using selector: KqueueSelector
2026-09-19 13:34:17 DEBUG [eta.access] GET /api/practices/export → 200 (2ms)
2026-09-19 13:34:17 DEBUG [asyncio] Using selector: KqueueSelector
2026-09-19 13:34:17 DEBUG [eta.access] POST /api/practice/1/approve → 200 (3ms)
2026-09-19 13:34:17 DEBUG [asyncio] Using selector: KqueueSelector
2026-09-19 13:34:17 DEBUG [eta.access] GET /api/practices/export → 200 (2ms)
2026-09-19 13:34:17 DEBUG [asyncio] Using selector: KqueueSelector
2026-09-19 13:34:17 DEBUG [eta.access] GET /api/practices/export → 200 (159ms)
2026-09-19 13:34:17 DEBUG [asyncio] Using selector: KqueueSelector
2026-09-19 13:34:17 DEBUG [eta.access] POST /api/practice/generate → 200 (5ms)
2026-09-19 13:34:17 DEBUG [asyncio] Using selector: KqueueSelector
2026-09-19 13:34:17 DEBUG [eta.access] POST /api/practice/2/approve → 200 (3ms)
2026-09-19 13:34:17 DEBUG [asyncio] Using selector: KqueueSelector
2026-09-19 13:34:17 DEBUG [eta.access] GET /api/practices/export → 200 (3ms)
2026-09-19 13:34:17 DEBUG [asyncio] Using selector: KqueueSelector
2026-09-19 13:34:17 DEBUG [eta.access] GET /api/practices/export → 400 (1ms)
2026-09-19 13:34:17 DEBUG [asyncio] Using selector: KqueueSelector
2026-09-19 13:34:17 DEBUG [eta.access] POST /api/errors/scan → 200 (5ms)
2026-09-19 13:34:17 DEBUG [asyncio] Using selector: KqueueSelector
2026-09-19 13:34:17 DEBUG [eta.access] POST /api/errors/1/confirm → 200 (4ms)
2026-09-19 13:34:17 DEBUG [asyncio] Using selector: KqueueSelector
2026-09-19 13:34:17 DEBUG [eta.access] POST /api/errors/scan → 200 (3ms)
2026-09-19 13:34:17 DEBUG [asyncio] Using selector: KqueueSelector
2026-09-19 13:34:17 DEBUG [eta.access] POST /api/errors/2/confirm → 200 (5ms)
2026-09-19 13:34:17 DEBUG [asyncio] Using selector: KqueueSelector
2026-09-19 13:34:17 DEBUG [eta.access] POST /api/paper/generate → 200 (4ms)
2026-09-19 13:34:17 DEBUG [asyncio] Using selector: KqueueSelector
2026-09-19 13:34:17 DEBUG [eta.access] GET /api/papers/1/export → 400 (2ms)
2026-09-19 13:34:17 DEBUG [asyncio] Using selector: KqueueSelector
2026-09-19 13:34:17 DEBUG [eta.access] POST /api/paper/1/approve → 200 (3ms)
2026-09-19 13:34:17 DEBUG [asyncio] Using selector: KqueueSelector
2026-09-19 13:34:17 DEBUG [eta.access] GET /api/papers/1/export → 200 (2ms)
2026-09-19 13:34:17 DEBUG [asyncio] Using selector: KqueueSelector
2026-09-19 13:34:17 DEBUG [eta.access] GET /api/papers/1/export → 200 (39ms)
2026-09-19 13:34:17 DEBUG [asyncio] Using selector: KqueueSelector
2026-09-19 13:34:17 DEBUG [eta.access] GET /api/papers/999/export → 404 (2ms)
2026-09-19 13:34:17 DEBUG [asyncio] Using selector: KqueueSelector
2026-09-19 13:34:17 DEBUG [eta.access] POST /api/classes → 200 (5ms)
2026-09-19 13:34:17 DEBUG [asyncio] Using selector: KqueueSelector
2026-09-19 13:34:17 DEBUG [eta.access] POST /api/students → 200 (3ms)
2026-09-19 13:34:17 DEBUG [asyncio] Using selector: KqueueSelector
2026-09-19 13:34:17 DEBUG [eta.access] POST /api/errors/scan → 200 (6ms)
2026-09-19 13:34:17 DEBUG [asyncio] Using selector: KqueueSelector
2026-09-19 13:34:17 DEBUG [eta.access] POST /api/errors/1/confirm → 200 (4ms)
2026-09-19 13:34:17 DEBUG [asyncio] Using selector: KqueueSelector
2026-09-19 13:34:17 DEBUG [eta.access] POST /api/errors/scan → 200 (5ms)
2026-09-19 13:34:17 DEBUG [asyncio] Using selector: KqueueSelector
2026-09-19 13:34:17 DEBUG [eta.access] POST /api/errors/2/confirm → 200 (4ms)
2026-09-19 13:34:17 DEBUG [asyncio] Using selector: KqueueSelector
2026-09-19 13:34:17 DEBUG [eta.access] POST /api/errors/scan → 200 (5ms)
2026-09-19 13:34:17 DEBUG [asyncio] Using selector: KqueueSelector
2026-09-19 13:34:17 DEBUG [eta.access] POST /api/errors/3/confirm → 200 (15ms)
2026-09-19 13:34:17 DEBUG [asyncio] Using selector: KqueueSelector
2026-09-19 13:34:17 DEBUG [eta.access] POST /api/errors/scan → 200 (5ms)
2026-09-19 13:34:17 DEBUG [asyncio] Using selector: KqueueSelector
2026-09-19 13:34:17 DEBUG [eta.access] POST /api/errors/4/confirm → 200 (5ms)
2026-09-19 13:34:17 DEBUG [asyncio] Using selector: KqueueSelector
2026-09-19 13:34:17 DEBUG [eta.access] POST /api/errors/scan → 200 (7ms)
2026-09-19 13:34:17 DEBUG [asyncio] Using selector: KqueueSelector
2026-09-19 13:34:17 DEBUG [eta.access] POST /api/errors/5/confirm → 200 (4ms)
2026-09-19 13:34:17 DEBUG [asyncio] Using selector: KqueueSelector
2026-09-19 13:34:17 DEBUG [eta.access] GET /api/decision-sheet/export → 200 (6ms)
2026-09-19 13:34:17 DEBUG [asyncio] Using selector: KqueueSelector
2026-09-19 13:34:17 DEBUG [eta.access] GET /api/decision-sheet/export → 200 (47ms)
2026-09-19 13:34:17 DEBUG [asyncio] Using selector: KqueueSelector
2026-09-19 13:34:17 DEBUG [eta.access] POST /api/students/import → 200 (10ms)
2026-09-19 13:34:17 DEBUG [asyncio] Using selector: KqueueSelector
2026-09-19 13:34:17 DEBUG [eta.access] POST /api/errors/scan → 200 (5ms)
2026-09-19 13:34:17 DEBUG [asyncio] Using selector: KqueueSelector
2026-09-19 13:34:17 DEBUG [eta.access] POST /api/errors/1/confirm → 200 (5ms)
2026-09-19 13:34:17 DEBUG [asyncio] Using selector: KqueueSelector
2026-09-19 13:34:17 DEBUG [eta.access] POST /api/errors/scan → 200 (5ms)
2026-09-19 13:34:17 DEBUG [asyncio] Using selector: KqueueSelector
2026-09-19 13:34:17 DEBUG [eta.access] POST /api/errors/2/confirm → 200 (5ms)
2026-09-19 13:34:17 DEBUG [asyncio] Using selector: KqueueSelector
2026-09-19 13:34:17 INFO [eta.export] 导出学生综合信息：2 名学生（class=九(1)班）
2026-09-19 13:34:17 DEBUG [eta.access] GET /api/students/export.csv → 200 (6ms)
2026-09-19 13:34:18 DEBUG [asyncio] Using selector: KqueueSelector
2026-09-19 13:34:18 DEBUG [eta.access] POST /api/check/dictation → 200 (12ms)
2026-09-19 13:34:18 DEBUG [asyncio] Using selector: KqueueSelector
2026-09-19 13:34:18 DEBUG [eta.access] GET /api/errors → 200 (2ms)
2026-09-19 13:34:18 DEBUG [asyncio] Using selector: KqueueSelector
2026-09-19 13:34:18 DEBUG [eta.access] GET /api/check/sessions → 200 (3ms)
2026-09-19 13:34:18 DEBUG [asyncio] Using selector: KqueueSelector
2026-09-19 13:34:18 DEBUG [eta.access] GET /api/check/sessions/1 → 200 (3ms)
2026-09-19 13:34:18 DEBUG [asyncio] Using selector: KqueueSelector
2026-09-19 13:34:18 DEBUG [eta.access] POST /api/check/assignment → 200 (14ms)
2026-09-19 13:34:18 DEBUG [asyncio] Using selector: KqueueSelector
2026-09-19 13:34:18 DEBUG [eta.access] GET /api/errors → 200 (2ms)
2026-09-19 13:34:18 DEBUG [asyncio] Using selector: KqueueSelector
2026-09-19 13:34:18 DEBUG [eta.access] POST /api/check/assignment → 200 (11ms)
2026-09-19 13:34:18 DEBUG [asyncio] Using selector: KqueueSelector
2026-09-19 13:34:18 DEBUG [eta.access] GET /api/errors → 200 (3ms)
2026-09-19 13:34:18 DEBUG [asyncio] Using selector: KqueueSelector
2026-09-19 13:34:18 DEBUG [eta.access] POST /api/check/assignment → 200 (5ms)
2026-09-19 13:34:18 DEBUG [asyncio] Using selector: KqueueSelector
2026-09-19 13:34:18 DEBUG [eta.access] POST /api/check/assignment → 200 (8ms)
2026-09-19 13:34:18 DEBUG [asyncio] Using selector: KqueueSelector
2026-09-19 13:34:18 DEBUG [eta.access] POST /api/check/dictation → 400 (1ms)
2026-09-19 13:34:18 DEBUG [asyncio] Using selector: KqueueSelector
2026-09-19 13:34:18 DEBUG [eta.access] POST /api/check/assignment → 400 (2ms)
2026-09-19 13:34:18 DEBUG [asyncio] Using selector: KqueueSelector
2026-09-19 13:34:18 DEBUG [eta.access] GET /api/check/sessions/999999 → 404 (2ms)
2026-09-19 13:34:18 DEBUG [asyncio] Using selector: KqueueSelector
2026-09-19 13:34:18 DEBUG [eta.access] POST /api/check/dictation → 200 (4ms)
2026-09-19 13:34:18 DEBUG [asyncio] Using selector: KqueueSelector
2026-09-19 13:34:18 DEBUG [eta.access] PATCH /api/check/sessions/1 → 200 (5ms)
2026-09-19 13:34:18 DEBUG [asyncio] Using selector: KqueueSelector
2026-09-19 13:34:18 DEBUG [eta.access] GET /api/check/sessions → 200 (2ms)
2026-09-19 13:34:18 DEBUG [asyncio] Using selector: KqueueSelector
2026-09-19 13:34:18 DEBUG [eta.access] POST /api/students/import → 200 (6ms)
2026-09-19 13:34:18 DEBUG [asyncio] Using selector: KqueueSelector
2026-09-19 13:34:18 DEBUG [eta.access] POST /api/check/read-papers → 200 (2ms)
2026-09-19 13:34:18 DEBUG [asyncio] Using selector: KqueueSelector
2026-09-19 13:34:18 WARNING [eta.services.papers] 读纸 OCR 失败（第 1 张）：未配置
2026-09-19 13:34:18 DEBUG [eta.access] POST /api/check/read-papers → 200 (2ms)
2026-09-19 13:34:18 DEBUG [asyncio] Using selector: KqueueSelector
2026-09-19 13:34:18 DEBUG [eta.access] POST /api/students/import → 200 (4ms)
2026-09-19 13:34:18 DEBUG [asyncio] Using selector: KqueueSelector
2026-09-19 13:34:18 DEBUG [eta.access] POST /api/check/dictation → 200 (9ms)
2026-09-19 13:34:18 DEBUG [asyncio] Using selector: KqueueSelector
2026-09-19 13:34:18 DEBUG [eta.access] GET /api/check/sessions/1/export → 200 (3ms)
2026-09-19 13:34:18 DEBUG [asyncio] Using selector: KqueueSelector
2026-09-19 13:34:18 DEBUG [eta.access] GET /api/check/sessions/999999/export → 404 (2ms)
2026-09-19 13:34:18 DEBUG [asyncio] Using selector: KqueueSelector
2026-09-19 13:34:18 DEBUG [eta.access] POST /api/students → 200 (3ms)
2026-09-19 13:34:18 DEBUG [asyncio] Using selector: KqueueSelector
2026-09-19 13:34:18 DEBUG [eta.access] POST /api/students → 200 (4ms)
2026-09-19 13:34:18 DEBUG [asyncio] Using selector: KqueueSelector
2026-09-19 13:34:18 DEBUG [eta.access] POST /api/students → 200 (4ms)
2026-09-19 13:34:18 DEBUG [asyncio] Using selector: KqueueSelector
2026-09-19 13:34:18 DEBUG [eta.access] POST /api/students → 200 (3ms)
2026-09-19 13:34:18 DEBUG [asyncio] Using selector: KqueueSelector
2026-09-19 13:34:18 DEBUG [eta.access] POST /api/students → 200 (6ms)
2026-09-19 13:34:18 DEBUG [asyncio] Using selector: KqueueSelector
2026-09-19 13:34:18 DEBUG [eta.access] POST /api/students → 200 (4ms)
2026-09-19 13:34:18 DEBUG [asyncio] Using selector: KqueueSelector
2026-09-19 13:34:18 DEBUG [eta.access] POST /api/students/S01/cleanup → 200 (5ms)
2026-09-19 13:34:18 DEBUG [asyncio] Using selector: KqueueSelector
2026-09-19 13:34:18 DEBUG [eta.access] GET /api/students/S01/profile → 200 (3ms)
2026-09-19 13:34:18 DEBUG [asyncio] Using selector: KqueueSelector
2026-09-19 13:34:18 DEBUG [eta.access] POST /api/students/S01/cleanup → 200 (4ms)
2026-09-19 13:34:18 DEBUG [asyncio] Using selector: KqueueSelector
2026-09-19 13:34:18 DEBUG [eta.access] GET /api/students/S01/profile → 200 (2ms)
2026-09-19 13:34:18 DEBUG [asyncio] Using selector: KqueueSelector
2026-09-19 13:34:18 DEBUG [eta.access] POST /api/students → 200 (4ms)
2026-09-19 13:34:18 DEBUG [asyncio] Using selector: KqueueSelector
2026-09-19 13:34:18 DEBUG [eta.access] POST /api/students → 200 (4ms)
2026-09-19 13:34:18 DEBUG [asyncio] Using selector: KqueueSelector
2026-09-19 13:34:18 DEBUG [eta.access] POST /api/students/S01/cleanup → 200 (2ms)
2026-09-19 13:34:18 DEBUG [asyncio] Using selector: KqueueSelector
2026-09-19 13:34:18 DEBUG [eta.access] POST /api/students → 200 (5ms)
2026-09-19 13:34:18 DEBUG [asyncio] Using selector: KqueueSelector
2026-09-19 13:34:18 DEBUG [eta.access] POST /api/students → 200 (3ms)
2026-09-19 13:34:18 DEBUG [asyncio] Using selector: KqueueSelector
2026-09-19 13:34:18 DEBUG [eta.access] POST /api/students/S01/cleanup → 200 (5ms)
2026-09-19 13:34:18 DEBUG [asyncio] Using selector: KqueueSelector
2026-09-19 13:34:18 DEBUG [eta.access] POST /api/students → 200 (6ms)
2026-09-19 13:34:18 DEBUG [asyncio] Using selector: KqueueSelector
2026-09-19 13:34:18 DEBUG [eta.access] POST /api/students → 200 (3ms)
2026-09-19 13:34:18 DEBUG [asyncio] Using selector: KqueueSelector
2026-09-19 13:34:18 DEBUG [eta.access] POST /api/students/S01/cleanup → 200 (5ms)
2026-09-19 13:34:18 DEBUG [asyncio] Using selector: KqueueSelector
2026-09-19 13:34:18 DEBUG [eta.access] POST /api/students → 200 (4ms)
2026-09-19 13:34:18 DEBUG [asyncio] Using selector: KqueueSelector
2026-09-19 13:34:18 DEBUG [eta.access] POST /api/students/P01/cleanup → 400 (3ms)
2026-09-19 13:34:18 DEBUG [asyncio] Using selector: KqueueSelector
2026-09-19 13:34:18 DEBUG [eta.access] POST /api/students/P01/cleanup → 400 (2ms)
2026-09-19 13:34:18 DEBUG [asyncio] Using selector: KqueueSelector
2026-09-19 13:34:18 DEBUG [eta.access] POST /api/students/NOPE/cleanup → 404 (2ms)
2026-09-19 13:34:18 DEBUG [asyncio] Using selector: KqueueSelector
2026-09-19 13:34:18 DEBUG [eta.access] POST /api/students → 200 (5ms)
2026-09-19 13:34:18 DEBUG [asyncio] Using selector: KqueueSelector
2026-09-19 13:34:18 DEBUG [eta.access] POST /api/students/V01/cleanup → 400 (2ms)
2026-09-19 13:34:19 WARNING [eta.ocr] dual 文档流 mineru 通道失败（降级继续）：MinerU 链路抖动
2026-09-19 13:34:19 WARNING [eta.ocr] dual 文档流 mineru 通道失败（降级继续）：down
2026-09-19 13:34:19 WARNING [eta.ocr] dual 文档流 paddleocr 通道失败（降级继续）：down
2026-09-19 13:34:19 DEBUG [asyncio] Using selector: KqueueSelector
2026-09-19 13:34:19 DEBUG [eta.access] GET /api/logs/files → 200 (6ms)
2026-09-19 13:34:19 DEBUG [asyncio] Using selector: KqueueSelector
2026-09-19 13:34:19 DEBUG [eta.access] GET /api/logs/view → 200 (2ms)
2026-09-19 13:34:19 DEBUG [asyncio] Using selector: KqueueSelector
2026-09-19 13:34:19 DEBUG [eta.access] GET /api/logs/download → 200 (2ms)
2026-09-19 13:34:19 DEBUG [asyncio] Using selector: KqueueSelector
2026-09-19 13:34:19 DEBUG [eta.access] GET /api/logs/view → 400 (2ms)
2026-09-19 13:34:19 DEBUG [asyncio] Using selector: KqueueSelector
2026-09-19 13:34:19 DEBUG [eta.access] GET /api/logs/view → 400 (1ms)
2026-09-19 13:34:19 DEBUG [asyncio] Using selector: KqueueSelector
2026-09-19 13:34:19 DEBUG [eta.access] GET /api/logs/view → 400 (1ms)
2026-09-19 13:34:19 DEBUG [asyncio] Using selector: KqueueSelector
2026-09-19 13:34:19 DEBUG [eta.access] GET /api/logs/view → 400 (1ms)
2026-09-19 13:34:19 DEBUG [asyncio] Using selector: KqueueSelector
2026-09-19 13:34:19 DEBUG [eta.access] GET /api/logs/view → 400 (1ms)
2026-09-19 13:34:19 DEBUG [asyncio] Using selector: KqueueSelector
2026-09-19 13:34:19 DEBUG [eta.access] GET /api/logs/view → 404 (1ms)
2026-09-19 13:34:19 DEBUG [asyncio] Using selector: KqueueSelector
2026-09-19 13:34:19 ERROR [eta.logs] 浏览器 [ERROR] 页面=#/scan 页面脚本错误
at boot
2026-09-19 13:34:19 DEBUG [eta.access] POST /api/logs/client → 200 (2ms)
2026-09-19 13:34:19 INFO [eta.ocr] MinerU batch=b1 创建，上传图片 (5 bytes)
2026-09-19 13:34:20 WARNING [eta.trace] 运行留痕写入失败：[Errno 20] Not a directory: '/private/var/folders/sh/v4ws268d63928m_6n_jzds6m0000gn/T/pytest-of-zbloom/pytest-3/test_record_never_raises_on_io0/blocker/sub'
2026-09-19 13:34:20 DEBUG [asyncio] Using selector: KqueueSelector
2026-09-19 13:34:20 DEBUG [eta.access] POST /api/check/organize-upload → 200 (3ms)
2026-09-19 13:34:20 DEBUG [asyncio] Using selector: KqueueSelector
2026-09-19 13:34:20 DEBUG [eta.access] POST /api/check/organize-upload → 200 (1ms)
2026-09-19 13:34:20 DEBUG [asyncio] Using selector: KqueueSelector
2026-09-19 13:34:20 DEBUG [eta.access] POST /api/check/organize-upload → 400 (2ms)
2026-09-19 13:34:20 DEBUG [asyncio] Using selector: KqueueSelector
2026-09-19 13:34:20 DEBUG [eta.access] POST /api/students/import → 200 (5ms)
2026-09-19 13:34:20 DEBUG [asyncio] Using selector: KqueueSelector
2026-09-19 13:34:20 DEBUG [eta.access] POST /api/check/photo-parse → 200 (4ms)
2026-09-19 13:34:20 DEBUG [asyncio] Using selector: KqueueSelector
2026-09-19 13:34:20 DEBUG [eta.access] POST /api/check/photo-parse → 200 (3ms)
2026-09-19 13:34:20 DEBUG [asyncio] Using selector: KqueueSelector
2026-09-19 13:34:20 DEBUG [eta.access] POST /api/check/photo-parse → 200 (3ms)
2026-09-19 13:34:20 DEBUG [asyncio] Using selector: KqueueSelector
2026-09-19 13:34:20 WARNING [eta.services.photo_check] 批改读图失败（张三/bad.jpg）：识别失败
2026-09-19 13:34:20 DEBUG [eta.access] POST /api/check/photo-parse → 200 (3ms)
2026-09-19 13:34:20 DEBUG [asyncio] Using selector: KqueueSelector
2026-09-19 13:34:20 DEBUG [eta.access] POST /api/check/photo-parse → 422 (2ms)
2026-09-19 13:34:21 DEBUG [asyncio] Using selector: KqueueSelector
2026-09-19 13:34:21 DEBUG [eta.access] POST /api/students/import → 200 (4ms)
2026-09-19 13:34:21 DEBUG [asyncio] Using selector: KqueueSelector
2026-09-19 13:34:21 DEBUG [eta.access] POST /api/check/assignment → 200 (10ms)
2026-09-19 13:34:21 DEBUG [asyncio] Using selector: KqueueSelector
2026-09-19 13:34:21 DEBUG [eta.access] GET /api/errors → 200 (2ms)
2026-09-19 13:34:21 DEBUG [asyncio] Using selector: KqueueSelector
2026-09-19 13:34:21 DEBUG [eta.access] GET /api/check/sessions/1/files → 200 (2ms)
2026-09-19 13:34:21 DEBUG [asyncio] Using selector: KqueueSelector
2026-09-19 13:34:21 DEBUG [eta.access] GET /api/check/sessions → 200 (3ms)
2026-09-19 13:34:21 DEBUG [asyncio] Using selector: KqueueSelector
2026-09-19 13:34:21 DEBUG [eta.access] POST /api/check/assignment → 200 (8ms)
2026-09-19 13:34:21 DEBUG [asyncio] Using selector: KqueueSelector
2026-09-19 13:34:21 DEBUG [eta.access] GET /api/check/sessions/1 → 200 (4ms)
2026-09-19 13:34:21 DEBUG [asyncio] Using selector: KqueueSelector
2026-09-19 13:34:21 DEBUG [eta.access] POST /api/students/import → 200 (4ms)
2026-09-19 13:34:21 DEBUG [asyncio] Using selector: KqueueSelector
2026-09-19 13:34:21 DEBUG [eta.access] POST /api/check/assignment → 200 (8ms)
2026-09-19 13:34:21 DEBUG [asyncio] Using selector: KqueueSelector
2026-09-19 13:34:21 DEBUG [eta.access] POST /api/students/import → 200 (3ms)
2026-09-19 13:34:21 DEBUG [asyncio] Using selector: KqueueSelector
2026-09-19 13:34:21 DEBUG [eta.access] POST /api/check/assignment → 200 (8ms)
2026-09-19 13:34:21 DEBUG [asyncio] Using selector: KqueueSelector
2026-09-19 13:34:21 DEBUG [eta.access] GET /api/check/sessions → 200 (3ms)
2026-09-19 13:34:21 DEBUG [asyncio] Using selector: KqueueSelector
2026-09-19 13:34:21 DEBUG [eta.access] GET /api/check/sessions → 200 (2ms)
2026-09-19 13:34:21 DEBUG [asyncio] Using selector: KqueueSelector
2026-09-19 13:34:21 DEBUG [eta.access] POST /api/students/import → 200 (3ms)
2026-09-19 13:34:21 DEBUG [asyncio] Using selector: KqueueSelector
2026-09-19 13:34:21 DEBUG [eta.access] POST /api/check/assignment → 200 (9ms)
2026-09-19 13:34:21 DEBUG [asyncio] Using selector: KqueueSelector
2026-09-19 13:34:21 DEBUG [eta.access] GET /api/check/sessions/1/files → 200 (2ms)
2026-09-19 13:34:21 DEBUG [asyncio] Using selector: KqueueSelector
2026-09-19 13:34:21 DEBUG [eta.access] DELETE /api/check/sessions/1 → 200 (4ms)
2026-09-19 13:34:21 DEBUG [asyncio] Using selector: KqueueSelector
2026-09-19 13:34:21 DEBUG [eta.access] GET /api/check/sessions/1 → 404 (2ms)
2026-09-19 13:34:21 DEBUG [asyncio] Using selector: KqueueSelector
2026-09-19 13:34:21 DEBUG [eta.access] GET /api/check/sessions/1/files → 404 (2ms)
2026-09-19 13:34:21 DEBUG [asyncio] Using selector: KqueueSelector
2026-09-19 13:34:21 DEBUG [eta.access] GET /api/errors → 200 (2ms)
2026-09-19 13:34:21 DEBUG [asyncio] Using selector: KqueueSelector
2026-09-19 13:34:21 DEBUG [eta.access] POST /api/students/import → 200 (3ms)
2026-09-19 13:34:21 DEBUG [asyncio] Using selector: KqueueSelector
2026-09-19 13:34:21 DEBUG [eta.access] POST /api/check/assignment → 200 (8ms)
2026-09-19 13:34:21 DEBUG [asyncio] Using selector: KqueueSelector
2026-09-19 13:34:21 DEBUG [eta.access] DELETE /api/check/sessions/2 → 200 (4ms)
2026-09-19 13:34:21 DEBUG [asyncio] Using selector: KqueueSelector
2026-09-19 13:34:21 DEBUG [eta.access] GET /api/errors → 200 (2ms)
2026-09-19 13:34:21 DEBUG [asyncio] Using selector: KqueueSelector
2026-09-19 13:34:21 DEBUG [eta.access] DELETE /api/check/sessions/999999 → 404 (1ms)
2026-09-19 13:34:21 DEBUG [asyncio] Using selector: KqueueSelector
2026-09-19 13:34:21 DEBUG [eta.access] POST /api/students/import → 200 (5ms)
2026-09-19 13:34:21 DEBUG [asyncio] Using selector: KqueueSelector
2026-09-19 13:34:21 DEBUG [eta.access] POST /api/check/photo-parse → 200 (3ms)
2026-09-19 13:34:21 DEBUG [asyncio] Using selector: KqueueSelector
2026-09-19 13:34:21 DEBUG [eta.access] POST /api/check/photo-parse → 200 (3ms)
2026-09-19 13:34:21 DEBUG [asyncio] Using selector: KqueueSelector
2026-09-19 13:34:21 DEBUG [eta.access] POST /api/check/md-reparse → 200 (2ms)
2026-09-19 13:34:21 DEBUG [asyncio] Using selector: KqueueSelector
2026-09-19 13:34:21 DEBUG [eta.access] POST /api/check/md-reparse → 400 (1ms)
2026-09-19 13:34:21 DEBUG [asyncio] Using selector: KqueueSelector
2026-09-19 13:34:21 DEBUG [eta.access] POST /api/students/import → 200 (4ms)
2026-09-19 13:34:21 DEBUG [asyncio] Using selector: KqueueSelector
2026-09-19 13:34:21 DEBUG [eta.access] POST /api/check/assignment → 200 (4ms)
2026-09-19 13:34:21 DEBUG [asyncio] Using selector: KqueueSelector
2026-09-19 13:34:21 DEBUG [eta.access] POST /api/students/import → 200 (4ms)
2026-09-19 13:34:21 DEBUG [asyncio] Using selector: KqueueSelector
2026-09-19 13:34:21 DEBUG [eta.access] POST /api/check/assignment → 200 (4ms)
2026-09-19 13:34:21 DEBUG [asyncio] Using selector: KqueueSelector
2026-09-19 13:34:21 DEBUG [eta.access] GET /api/check/sessions → 200 (2ms)
2026-09-19 13:34:21 DEBUG [asyncio] Using selector: KqueueSelector
2026-09-19 13:34:21 DEBUG [eta.access] GET /api/check/sessions → 200 (2ms)
2026-09-19 13:34:21 DEBUG [asyncio] Using selector: KqueueSelector
2026-09-19 13:34:21 DEBUG [eta.access] GET /api/check/sessions → 200 (2ms)
2026-09-19 13:34:36 INFO [eta] 日志已就绪：目录 runtime/logs（按天轮转，保留 14 天，终端级别 INFO / 文件级别 DEBUG）
2026-09-19 13:35:56 INFO [eta] 日志已就绪：目录 runtime/logs（按天轮转，保留 14 天，终端级别 INFO / 文件级别 DEBUG）
2026-09-19 13:35:56 INFO [eta.providers.agent_chat] 智能体会话调用完成 | 返回 2 字，耗时 0ms
2026-09-19 13:35:56 INFO [eta.providers.agent_chat] 智能体会话调用完成 | 返回 2 字，耗时 0ms
2026-09-19 13:35:56 WARNING [eta.providers.agent_chat] 智能体会话请求失败，2s 后重试一次：connection reset
2026-09-19 13:35:58 WARNING [eta.services.photo_check] 多图联合解析失败，该批降级逐张解析：多图联合失败
2026-09-19 13:35:58 WARNING [eta.services.photo_check] Markdown 结构化失败：DeepSeek 超时
2026-09-19 13:35:58 WARNING [eta.services.photo_check] 智能体会话解析失败，降级 OCR 转录解析：invalid_api_key
2026-09-19 13:35:59 WARNING [eta.services.photo_check] 多图联合解析失败，该批降级逐张解析：多图联合失败（测试桩）
2026-09-19 13:35:59 DEBUG [asyncio] Using selector: KqueueSelector
2026-09-19 13:35:59 DEBUG [eta.access] GET /api/health → 200 (30ms)
2026-09-19 13:35:59 DEBUG [asyncio] Using selector: KqueueSelector
2026-09-19 13:35:59 DEBUG [eta.access] GET /api/ontology → 200 (2ms)
2026-09-19 13:35:59 DEBUG [asyncio] Using selector: KqueueSelector
2026-09-19 13:35:59 DEBUG [eta.access] POST /api/students/import → 200 (6ms)
2026-09-19 13:35:59 DEBUG [asyncio] Using selector: KqueueSelector
2026-09-19 13:35:59 DEBUG [eta.access] GET /api/students → 200 (2ms)
2026-09-19 13:35:59 DEBUG [asyncio] Using selector: KqueueSelector
2026-09-19 13:35:59 DEBUG [eta.access] POST /api/errors/scan → 200 (6ms)
2026-09-19 13:35:59 DEBUG [asyncio] Using selector: KqueueSelector
2026-09-19 13:35:59 DEBUG [eta.access] GET /api/errors → 200 (2ms)
2026-09-19 13:35:59 DEBUG [asyncio] Using selector: KqueueSelector
2026-09-19 13:35:59 DEBUG [eta.access] POST /api/errors/1/confirm → 200 (5ms)
2026-09-19 13:35:59 DEBUG [asyncio] Using selector: KqueueSelector
2026-09-19 13:35:59 DEBUG [eta.access] POST /api/errors/scan → 200 (7ms)
2026-09-19 13:35:59 DEBUG [asyncio] Using selector: KqueueSelector
2026-09-19 13:35:59 DEBUG [eta.access] POST /api/errors/2/confirm → 200 (5ms)
2026-09-19 13:35:59 DEBUG [asyncio] Using selector: KqueueSelector
2026-09-19 13:35:59 DEBUG [eta.access] POST /api/errors/scan → 200 (5ms)
2026-09-19 13:35:59 DEBUG [asyncio] Using selector: KqueueSelector
2026-09-19 13:35:59 DEBUG [eta.access] GET /api/errors → 200 (2ms)
2026-09-19 13:35:59 DEBUG [asyncio] Using selector: KqueueSelector
2026-09-19 13:35:59 DEBUG [eta.access] POST /api/errors/3/confirm → 200 (5ms)
2026-09-19 13:35:59 DEBUG [asyncio] Using selector: KqueueSelector
2026-09-19 13:35:59 DEBUG [eta.access] POST /api/errors/scan → 200 (4ms)
2026-09-19 13:35:59 DEBUG [asyncio] Using selector: KqueueSelector
2026-09-19 13:35:59 DEBUG [eta.access] GET /api/errors → 200 (2ms)
2026-09-19 13:35:59 DEBUG [asyncio] Using selector: KqueueSelector
2026-09-19 13:35:59 DEBUG [eta.access] POST /api/errors/4/confirm → 200 (5ms)
2026-09-19 13:35:59 DEBUG [asyncio] Using selector: KqueueSelector
2026-09-19 13:35:59 DEBUG [eta.access] POST /api/errors/scan → 200 (5ms)
2026-09-19 13:35:59 DEBUG [asyncio] Using selector: KqueueSelector
2026-09-19 13:35:59 DEBUG [eta.access] GET /api/errors → 200 (2ms)
2026-09-19 13:35:59 DEBUG [asyncio] Using selector: KqueueSelector
2026-09-19 13:35:59 DEBUG [eta.access] POST /api/errors/5/confirm → 200 (4ms)
2026-09-19 13:35:59 DEBUG [asyncio] Using selector: KqueueSelector
2026-09-19 13:35:59 DEBUG [eta.access] POST /api/errors/scan → 200 (6ms)
2026-09-19 13:35:59 DEBUG [asyncio] Using selector: KqueueSelector
2026-09-19 13:35:59 DEBUG [eta.access] GET /api/errors → 200 (2ms)
2026-09-19 13:35:59 DEBUG [asyncio] Using selector: KqueueSelector
2026-09-19 13:35:59 DEBUG [eta.access] POST /api/errors/6/confirm → 200 (5ms)
2026-09-19 13:35:59 DEBUG [asyncio] Using selector: KqueueSelector
2026-09-19 13:35:59 DEBUG [eta.access] POST /api/errors/scan → 200 (6ms)
2026-09-19 13:35:59 DEBUG [asyncio] Using selector: KqueueSelector
2026-09-19 13:35:59 DEBUG [eta.access] GET /api/errors → 200 (2ms)
2026-09-19 13:35:59 DEBUG [asyncio] Using selector: KqueueSelector
2026-09-19 13:35:59 DEBUG [eta.access] POST /api/errors/7/confirm → 200 (6ms)
2026-09-19 13:35:59 DEBUG [asyncio] Using selector: KqueueSelector
2026-09-19 13:35:59 DEBUG [eta.access] POST /api/errors/scan → 200 (6ms)
2026-09-19 13:35:59 DEBUG [asyncio] Using selector: KqueueSelector
2026-09-19 13:35:59 DEBUG [eta.access] GET /api/errors → 200 (3ms)
2026-09-19 13:35:59 DEBUG [asyncio] Using selector: KqueueSelector
2026-09-19 13:35:59 DEBUG [eta.access] POST /api/errors/8/confirm → 200 (4ms)
2026-09-19 13:35:59 DEBUG [asyncio] Using selector: KqueueSelector
2026-09-19 13:35:59 DEBUG [eta.access] POST /api/errors/scan → 200 (7ms)
2026-09-19 13:35:59 DEBUG [asyncio] Using selector: KqueueSelector
2026-09-19 13:35:59 DEBUG [eta.access] GET /api/errors → 200 (2ms)
2026-09-19 13:35:59 DEBUG [asyncio] Using selector: KqueueSelector
2026-09-19 13:35:59 DEBUG [eta.access] POST /api/errors/9/confirm → 200 (5ms)
2026-09-19 13:35:59 DEBUG [asyncio] Using selector: KqueueSelector
2026-09-19 13:35:59 DEBUG [eta.access] POST /api/errors/scan → 200 (5ms)
2026-09-19 13:35:59 DEBUG [asyncio] Using selector: KqueueSelector
2026-09-19 13:35:59 DEBUG [eta.access] GET /api/errors → 200 (2ms)
2026-09-19 13:35:59 DEBUG [asyncio] Using selector: KqueueSelector
2026-09-19 13:35:59 DEBUG [eta.access] POST /api/errors/10/confirm → 200 (6ms)
2026-09-19 13:35:59 DEBUG [asyncio] Using selector: KqueueSelector
2026-09-19 13:35:59 DEBUG [eta.access] POST /api/errors/scan → 200 (5ms)
2026-09-19 13:35:59 DEBUG [asyncio] Using selector: KqueueSelector
2026-09-19 13:35:59 DEBUG [eta.access] GET /api/errors → 200 (2ms)
2026-09-19 13:35:59 DEBUG [asyncio] Using selector: KqueueSelector
2026-09-19 13:35:59 DEBUG [eta.access] POST /api/errors/11/confirm → 200 (5ms)
2026-09-19 13:35:59 DEBUG [asyncio] Using selector: KqueueSelector
2026-09-19 13:35:59 DEBUG [eta.access] POST /api/errors/scan → 200 (7ms)
2026-09-19 13:35:59 DEBUG [asyncio] Using selector: KqueueSelector
2026-09-19 13:35:59 DEBUG [eta.access] GET /api/errors → 200 (2ms)
2026-09-19 13:35:59 DEBUG [asyncio] Using selector: KqueueSelector
2026-09-19 13:35:59 DEBUG [eta.access] POST /api/errors/12/confirm → 200 (5ms)
2026-09-19 13:35:59 DEBUG [asyncio] Using selector: KqueueSelector
2026-09-19 13:35:59 DEBUG [eta.access] POST /api/errors/scan → 200 (5ms)
2026-09-19 13:35:59 DEBUG [asyncio] Using selector: KqueueSelector
2026-09-19 13:35:59 DEBUG [eta.access] GET /api/errors → 200 (2ms)
2026-09-19 13:35:59 DEBUG [asyncio] Using selector: KqueueSelector
2026-09-19 13:35:59 DEBUG [eta.access] POST /api/errors/13/confirm → 200 (5ms)
2026-09-19 13:35:59 DEBUG [asyncio] Using selector: KqueueSelector
2026-09-19 13:35:59 DEBUG [eta.access] POST /api/errors/scan → 200 (6ms)
2026-09-19 13:35:59 DEBUG [asyncio] Using selector: KqueueSelector
2026-09-19 13:35:59 DEBUG [eta.access] GET /api/errors → 200 (3ms)
2026-09-19 13:35:59 DEBUG [asyncio] Using selector: KqueueSelector
2026-09-19 13:35:59 DEBUG [eta.access] POST /api/errors/14/confirm → 200 (5ms)
2026-09-19 13:35:59 DEBUG [asyncio] Using selector: KqueueSelector
2026-09-19 13:35:59 DEBUG [eta.access] POST /api/practice/generate → 200 (5ms)
2026-09-19 13:35:59 DEBUG [asyncio] Using selector: KqueueSelector
2026-09-19 13:35:59 DEBUG [eta.access] POST /api/practice/1/approve → 200 (3ms)
2026-09-19 13:35:59 DEBUG [asyncio] Using selector: KqueueSelector
2026-09-19 13:35:59 DEBUG [eta.access] GET /api/decision-sheet → 200 (10ms)
2026-09-19 13:35:59 DEBUG [asyncio] Using selector: KqueueSelector
2026-09-19 13:35:59 DEBUG [eta.access] GET /api/review-sheet → 200 (5ms)
2026-09-19 13:35:59 DEBUG [asyncio] Using selector: KqueueSelector
2026-09-19 13:35:59 DEBUG [eta.access] GET /api/trends/categories → 200 (5ms)
2026-09-19 13:35:59 DEBUG [asyncio] Using selector: KqueueSelector
2026-09-19 13:35:59 DEBUG [eta.access] GET /api/stats/teacher-overrides → 200 (2ms)
2026-09-19 13:35:59 DEBUG [asyncio] Using selector: KqueueSelector
2026-09-19 13:35:59 DEBUG [eta.access] GET /api/export/errors.csv → 200 (4ms)
2026-09-19 13:35:59 DEBUG [asyncio] Using selector: KqueueSelector
2026-09-19 13:35:59 DEBUG [eta.access] POST /api/errors/scan → 200 (5ms)
2026-09-19 13:35:59 DEBUG [asyncio] Using selector: KqueueSelector
2026-09-19 13:35:59 DEBUG [eta.access] POST /api/errors/scan → 400 (1ms)
2026-09-19 13:35:59 DEBUG [asyncio] Using selector: KqueueSelector
2026-09-19 13:35:59 DEBUG [eta.access] POST /api/errors/scan → 200 (5ms)
2026-09-19 13:35:59 DEBUG [asyncio] Using selector: KqueueSelector
2026-09-19 13:35:59 DEBUG [eta.access] POST /api/errors/1/confirm → 400 (2ms)
2026-09-19 13:35:59 DEBUG [asyncio] Using selector: KqueueSelector
2026-09-19 13:35:59 DEBUG [eta.access] POST /api/students/import → 200 (4ms)
2026-09-19 13:35:59 DEBUG [asyncio] Using selector: KqueueSelector
2026-09-19 13:35:59 DEBUG [eta.access] POST /api/errors/scan-batch → 200 (14ms)
2026-09-19 13:35:59 DEBUG [asyncio] Using selector: KqueueSelector
2026-09-19 13:35:59 DEBUG [eta.access] GET /api/errors → 200 (3ms)
2026-09-19 13:35:59 DEBUG [asyncio] Using selector: KqueueSelector
2026-09-19 13:35:59 DEBUG [eta.access] POST /api/students/import → 200 (4ms)
2026-09-19 13:35:59 DEBUG [asyncio] Using selector: KqueueSelector
2026-09-19 13:35:59 DEBUG [eta.access] POST /api/errors/scan-batch → 200 (10ms)
2026-09-19 13:35:59 DEBUG [asyncio] Using selector: KqueueSelector
2026-09-19 13:35:59 DEBUG [eta.access] POST /api/students/import → 200 (4ms)
2026-09-19 13:35:59 DEBUG [asyncio] Using selector: KqueueSelector
2026-09-19 13:35:59 DEBUG [eta.access] POST /api/errors/scan-batch → 200 (6ms)
2026-09-19 13:35:59 DEBUG [asyncio] Using selector: KqueueSelector
2026-09-19 13:35:59 DEBUG [eta.access] POST /api/students/import → 200 (6ms)
2026-09-19 13:35:59 DEBUG [asyncio] Using selector: KqueueSelector
2026-09-19 13:35:59 DEBUG [eta.access] POST /api/errors/scan-photos → 200 (3ms)
2026-09-19 13:35:59 DEBUG [asyncio] Using selector: KqueueSelector
2026-09-19 13:35:59 DEBUG [eta.access] GET /api/errors → 200 (3ms)
2026-09-19 13:35:59 DEBUG [asyncio] Using selector: KqueueSelector
2026-09-19 13:35:59 DEBUG [eta.access] POST /api/errors/scan-photos-submit → 200 (16ms)
2026-09-19 13:35:59 DEBUG [asyncio] Using selector: KqueueSelector
2026-09-19 13:35:59 DEBUG [eta.access] GET /api/errors → 200 (3ms)
2026-09-19 13:36:00 DEBUG [asyncio] Using selector: KqueueSelector
2026-09-19 13:36:00 DEBUG [eta.access] POST /api/errors/scan-photos → 400 (3ms)
2026-09-19 13:36:00 DEBUG [asyncio] Using selector: KqueueSelector
2026-09-19 13:36:00 DEBUG [eta.access] POST /api/errors/scan-photos → 400 (2ms)
2026-09-19 13:36:00 DEBUG [asyncio] Using selector: KqueueSelector
2026-09-19 13:36:00 DEBUG [eta.access] POST /api/errors/scan-photos → 400 (2ms)
2026-09-19 13:36:00 DEBUG [asyncio] Using selector: KqueueSelector
2026-09-19 13:36:00 DEBUG [eta.access] POST /api/errors/scan → 200 (5ms)
2026-09-19 13:36:00 DEBUG [asyncio] Using selector: KqueueSelector
2026-09-19 13:36:00 DEBUG [eta.access] POST /api/errors/scan → 200 (5ms)
2026-09-19 13:36:00 DEBUG [asyncio] Using selector: KqueueSelector
2026-09-19 13:36:00 DEBUG [eta.access] GET /api/errors → 200 (3ms)
2026-09-19 13:36:00 DEBUG [asyncio] Using selector: KqueueSelector
2026-09-19 13:36:00 DEBUG [eta.access] POST /api/errors/confirm-bulk → 200 (4ms)
2026-09-19 13:36:00 DEBUG [asyncio] Using selector: KqueueSelector
2026-09-19 13:36:00 DEBUG [eta.access] GET /api/errors → 200 (3ms)
2026-09-19 13:36:00 DEBUG [asyncio] Using selector: KqueueSelector
2026-09-19 13:36:00 DEBUG [eta.access] POST /api/errors/confirm-bulk → 200 (3ms)
2026-09-19 13:36:00 DEBUG [asyncio] Using selector: KqueueSelector
2026-09-19 13:36:00 DEBUG [eta.access] GET /api/errors → 200 (2ms)
2026-09-19 13:36:00 DEBUG [asyncio] Using selector: KqueueSelector
2026-09-19 13:36:00 DEBUG [eta.access] POST /api/errors/confirm-bulk → 400 (2ms)
2026-09-19 13:36:00 DEBUG [asyncio] Using selector: KqueueSelector
2026-09-19 13:36:00 DEBUG [eta.access] POST /api/students → 200 (5ms)
2026-09-19 13:36:00 DEBUG [asyncio] Using selector: KqueueSelector
2026-09-19 13:36:00 DEBUG [eta.access] POST /api/students → 400 (3ms)
2026-09-19 13:36:00 DEBUG [asyncio] Using selector: KqueueSelector
2026-09-19 13:36:00 DEBUG [eta.access] POST /api/errors/scan → 200 (7ms)
2026-09-19 13:36:00 DEBUG [asyncio] Using selector: KqueueSelector
2026-09-19 13:36:00 DEBUG [eta.access] PUT /api/students/9101 → 200 (5ms)
2026-09-19 13:36:00 DEBUG [asyncio] Using selector: KqueueSelector
2026-09-19 13:36:00 DEBUG [eta.access] GET /api/errors → 200 (2ms)
2026-09-19 13:36:00 DEBUG [asyncio] Using selector: KqueueSelector
2026-09-19 13:36:00 DEBUG [eta.access] POST /api/students → 200 (5ms)
2026-09-19 13:36:00 DEBUG [asyncio] Using selector: KqueueSelector
2026-09-19 13:36:00 DEBUG [eta.access] PUT /api/students/9201 → 400 (2ms)
2026-09-19 13:36:00 DEBUG [asyncio] Using selector: KqueueSelector
2026-09-19 13:36:00 DEBUG [eta.access] DELETE /api/students/9201 → 200 (4ms)
2026-09-19 13:36:00 DEBUG [asyncio] Using selector: KqueueSelector
2026-09-19 13:36:00 DEBUG [eta.access] GET /api/errors → 200 (3ms)
2026-09-19 13:36:00 DEBUG [asyncio] Using selector: KqueueSelector
2026-09-19 13:36:00 DEBUG [eta.access] DELETE /api/students/9201 → 404 (1ms)
2026-09-19 13:36:00 DEBUG [asyncio] Using selector: KqueueSelector
2026-09-19 13:36:00 DEBUG [eta.access] POST /api/students → 200 (4ms)
2026-09-19 13:36:00 DEBUG [asyncio] Using selector: KqueueSelector
2026-09-19 13:36:00 DEBUG [eta.access] POST /api/errors/scan → 200 (6ms)
2026-09-19 13:36:00 DEBUG [asyncio] Using selector: KqueueSelector
2026-09-19 13:36:00 DEBUG [eta.access] DELETE /api/students/9102 → 200 (3ms)
2026-09-19 13:36:00 DEBUG [asyncio] Using selector: KqueueSelector
2026-09-19 13:36:00 DEBUG [eta.access] GET /api/errors → 200 (3ms)
2026-09-19 13:36:00 DEBUG [asyncio] Using selector: KqueueSelector
2026-09-19 13:36:00 DEBUG [eta.access] POST /api/classes → 200 (5ms)
2026-09-19 13:36:00 DEBUG [asyncio] Using selector: KqueueSelector
2026-09-19 13:36:00 DEBUG [eta.access] GET /api/classes → 200 (3ms)
2026-09-19 13:36:00 DEBUG [asyncio] Using selector: KqueueSelector
2026-09-19 13:36:00 DEBUG [eta.access] POST /api/classes → 400 (2ms)
2026-09-19 13:36:00 DEBUG [asyncio] Using selector: KqueueSelector
2026-09-19 13:36:00 DEBUG [eta.access] POST /api/classes → 400 (2ms)
2026-09-19 13:36:00 DEBUG [asyncio] Using selector: KqueueSelector
2026-09-19 13:36:00 DEBUG [eta.access] POST /api/students → 200 (4ms)
2026-09-19 13:36:00 DEBUG [asyncio] Using selector: KqueueSelector
2026-09-19 13:36:00 DEBUG [eta.access] POST /api/errors/scan → 200 (4ms)
2026-09-19 13:36:00 DEBUG [asyncio] Using selector: KqueueSelector
2026-09-19 13:36:00 DEBUG [eta.access] PUT /api/classes/九(1)班 → 200 (7ms)
2026-09-19 13:36:00 DEBUG [asyncio] Using selector: KqueueSelector
2026-09-19 13:36:00 DEBUG [eta.access] GET /api/classes → 200 (1ms)
2026-09-19 13:36:00 DEBUG [asyncio] Using selector: KqueueSelector
2026-09-19 13:36:00 DEBUG [eta.access] GET /api/students → 200 (2ms)
2026-09-19 13:36:00 DEBUG [asyncio] Using selector: KqueueSelector
2026-09-19 13:36:00 DEBUG [eta.access] GET /api/errors → 200 (2ms)
2026-09-19 13:36:00 DEBUG [asyncio] Using selector: KqueueSelector
2026-09-19 13:36:00 DEBUG [eta.access] DELETE /api/classes/九(2)班 → 200 (4ms)
2026-09-19 13:36:00 DEBUG [asyncio] Using selector: KqueueSelector
2026-09-19 13:36:00 DEBUG [eta.access] GET /api/students → 200 (1ms)
2026-09-19 13:36:00 DEBUG [asyncio] Using selector: KqueueSelector
2026-09-19 13:36:00 DEBUG [eta.access] GET /api/errors → 200 (3ms)
2026-09-19 13:36:00 DEBUG [asyncio] Using selector: KqueueSelector
2026-09-19 13:36:00 DEBUG [eta.access] POST /api/classes → 200 (3ms)
2026-09-19 13:36:00 DEBUG [asyncio] Using selector: KqueueSelector
2026-09-19 13:36:00 DEBUG [eta.access] POST /api/classes → 200 (4ms)
2026-09-19 13:36:00 DEBUG [asyncio] Using selector: KqueueSelector
2026-09-19 13:36:00 DEBUG [eta.access] POST /api/students → 200 (4ms)
2026-09-19 13:36:00 DEBUG [asyncio] Using selector: KqueueSelector
2026-09-19 13:36:00 DEBUG [eta.access] PUT /api/classes/九(3)班 → 400 (2ms)
2026-09-19 13:36:00 DEBUG [asyncio] Using selector: KqueueSelector
2026-09-19 13:36:00 DEBUG [eta.access] DELETE /api/classes/九(3)班 → 200 (5ms)
2026-09-19 13:36:00 DEBUG [asyncio] Using selector: KqueueSelector
2026-09-19 13:36:00 DEBUG [eta.access] DELETE /api/classes/九(1)班 → 200 (3ms)
2026-09-19 13:36:00 DEBUG [asyncio] Using selector: KqueueSelector
2026-09-19 13:36:00 DEBUG [eta.access] GET /api/classes → 200 (2ms)
2026-09-19 13:36:00 DEBUG [asyncio] Using selector: KqueueSelector
2026-09-19 13:36:00 DEBUG [eta.access] POST /api/classes → 200 (4ms)
2026-09-19 13:36:00 DEBUG [asyncio] Using selector: KqueueSelector
2026-09-19 13:36:00 DEBUG [eta.access] POST /api/students → 200 (5ms)
2026-09-19 13:36:00 DEBUG [asyncio] Using selector: KqueueSelector
2026-09-19 13:36:00 DEBUG [eta.access] POST /api/errors/scan → 200 (5ms)
2026-09-19 13:36:00 DEBUG [asyncio] Using selector: KqueueSelector
2026-09-19 13:36:00 DEBUG [eta.access] DELETE /api/classes/旧库班 → 200 (4ms)
2026-09-19 13:36:00 DEBUG [asyncio] Using selector: KqueueSelector
2026-09-19 13:36:00 DEBUG [eta.access] POST /api/errors/scan → 200 (5ms)
2026-09-19 13:36:00 DEBUG [asyncio] Using selector: KqueueSelector
2026-09-19 13:36:00 DEBUG [eta.access] POST /api/errors/1/confirm → 200 (4ms)
2026-09-19 13:36:00 DEBUG [asyncio] Using selector: KqueueSelector
2026-09-19 13:36:00 DEBUG [eta.access] POST /api/errors/scan → 200 (4ms)
2026-09-19 13:36:00 DEBUG [asyncio] Using selector: KqueueSelector
2026-09-19 13:36:00 DEBUG [eta.access] POST /api/errors/2/confirm → 200 (5ms)
2026-09-19 13:36:00 DEBUG [asyncio] Using selector: KqueueSelector
2026-09-19 13:36:00 DEBUG [eta.access] POST /api/errors/scan → 200 (3ms)
2026-09-19 13:36:00 DEBUG [asyncio] Using selector: KqueueSelector
2026-09-19 13:36:00 DEBUG [eta.access] POST /api/errors/3/confirm → 200 (4ms)
2026-09-19 13:36:00 DEBUG [asyncio] Using selector: KqueueSelector
2026-09-19 13:36:00 DEBUG [eta.access] POST /api/errors/scan → 200 (4ms)
2026-09-19 13:36:00 DEBUG [asyncio] Using selector: KqueueSelector
2026-09-19 13:36:00 DEBUG [eta.access] POST /api/errors/4/confirm → 200 (4ms)
2026-09-19 13:36:00 DEBUG [asyncio] Using selector: KqueueSelector
2026-09-19 13:36:00 DEBUG [eta.access] POST /api/decision-sheet/ai → 200 (6ms)
2026-09-19 13:36:00 DEBUG [asyncio] Using selector: KqueueSelector
2026-09-19 13:36:00 DEBUG [eta.access] POST /api/decision-sheet/ai → 400 (3ms)
2026-09-19 13:36:00 DEBUG [asyncio] Using selector: KqueueSelector
2026-09-19 13:36:00 DEBUG [eta.access] POST /api/practice/generate → 422 (1ms)
2026-09-19 13:36:00 DEBUG [asyncio] Using selector: KqueueSelector
2026-09-19 13:36:00 DEBUG [eta.access] POST /api/practice/generate → 422 (1ms)
2026-09-19 13:36:00 DEBUG [asyncio] Using selector: KqueueSelector
2026-09-19 13:36:00 DEBUG [eta.access] POST /api/practice/generate → 200 (4ms)
2026-09-19 13:36:00 DEBUG [asyncio] Using selector: KqueueSelector
2026-09-19 13:36:00 DEBUG [eta.access] POST /api/practice/generate → 200 (5ms)
2026-09-19 13:36:00 DEBUG [asyncio] Using selector: KqueueSelector
2026-09-19 13:36:00 DEBUG [eta.access] POST /api/practice/generate → 200 (5ms)
2026-09-19 13:36:00 DEBUG [asyncio] Using selector: KqueueSelector
2026-09-19 13:36:00 DEBUG [eta.access] POST /api/practice/generate → 400 (2ms)
2026-09-19 13:36:00 DEBUG [asyncio] Using selector: KqueueSelector
2026-09-19 13:36:00 DEBUG [eta.access] POST /api/practice/generate → 400 (2ms)
2026-09-19 13:36:00 DEBUG [asyncio] Using selector: KqueueSelector
2026-09-19 13:36:00 DEBUG [eta.access] POST /api/paper/generate → 400 (4ms)
2026-09-19 13:36:00 DEBUG [asyncio] Using selector: KqueueSelector
2026-09-19 13:36:00 DEBUG [eta.access] POST /api/errors/scan → 200 (4ms)
2026-09-19 13:36:00 DEBUG [asyncio] Using selector: KqueueSelector
2026-09-19 13:36:00 DEBUG [eta.access] POST /api/errors/1/confirm → 200 (4ms)
2026-09-19 13:36:00 DEBUG [asyncio] Using selector: KqueueSelector
2026-09-19 13:36:00 DEBUG [eta.access] POST /api/errors/scan → 200 (3ms)
2026-09-19 13:36:00 DEBUG [asyncio] Using selector: KqueueSelector
2026-09-19 13:36:00 DEBUG [eta.access] POST /api/errors/2/confirm → 200 (5ms)
2026-09-19 13:36:00 DEBUG [asyncio] Using selector: KqueueSelector
2026-09-19 13:36:00 DEBUG [eta.access] POST /api/paper/generate → 200 (4ms)
2026-09-19 13:36:00 DEBUG [asyncio] Using selector: KqueueSelector
2026-09-19 13:36:00 DEBUG [eta.access] POST /api/paper/generate → 200 (4ms)
2026-09-19 13:36:00 DEBUG [asyncio] Using selector: KqueueSelector
2026-09-19 13:36:00 DEBUG [eta.access] POST /api/paper/generate → 422 (3ms)
2026-09-19 13:36:00 DEBUG [asyncio] Using selector: KqueueSelector
2026-09-19 13:36:00 DEBUG [eta.access] POST /api/paper/generate → 422 (1ms)
2026-09-19 13:36:00 DEBUG [asyncio] Using selector: KqueueSelector
2026-09-19 13:36:00 DEBUG [eta.access] POST /api/paper/generate → 200 (5ms)
2026-09-19 13:36:00 DEBUG [asyncio] Using selector: KqueueSelector
2026-09-19 13:36:00 DEBUG [eta.access] GET /api/papers → 200 (3ms)
2026-09-19 13:36:00 DEBUG [asyncio] Using selector: KqueueSelector
2026-09-19 13:36:00 DEBUG [eta.access] POST /api/paper/1/approve → 200 (2ms)
2026-09-19 13:36:00 DEBUG [asyncio] Using selector: KqueueSelector
2026-09-19 13:36:00 DEBUG [eta.access] POST /api/paper/1/approve → 404 (2ms)
2026-09-19 13:36:00 DEBUG [asyncio] Using selector: KqueueSelector
2026-09-19 13:36:00 DEBUG [eta.access] GET /api/papers → 200 (3ms)
2026-09-19 13:36:00 DEBUG [asyncio] Using selector: KqueueSelector
2026-09-19 13:36:00 DEBUG [eta.access] POST /api/practice/generate → 200 (3ms)
2026-09-19 13:36:00 DEBUG [asyncio] Using selector: KqueueSelector
2026-09-19 13:36:00 DEBUG [eta.access] GET /api/practices/export → 400 (19ms)
2026-09-19 13:36:00 DEBUG [asyncio] Using selector: KqueueSelector
2026-09-19 13:36:00 DEBUG [eta.access] GET /api/practices/export → 200 (2ms)
2026-09-19 13:36:00 DEBUG [asyncio] Using selector: KqueueSelector
2026-09-19 13:36:00 DEBUG [eta.access] POST /api/practice/1/approve → 200 (2ms)
2026-09-19 13:36:00 DEBUG [asyncio] Using selector: KqueueSelector
2026-09-19 13:36:00 DEBUG [eta.access] GET /api/practices/export → 200 (2ms)
2026-09-19 13:36:00 DEBUG [asyncio] Using selector: KqueueSelector
2026-09-19 13:36:00 DEBUG [eta.access] GET /api/practices/export → 200 (171ms)
2026-09-19 13:36:01 DEBUG [asyncio] Using selector: KqueueSelector
2026-09-19 13:36:01 DEBUG [eta.access] POST /api/practice/generate → 200 (3ms)
2026-09-19 13:36:01 DEBUG [asyncio] Using selector: KqueueSelector
2026-09-19 13:36:01 DEBUG [eta.access] POST /api/practice/2/approve → 200 (3ms)
2026-09-19 13:36:01 DEBUG [asyncio] Using selector: KqueueSelector
2026-09-19 13:36:01 DEBUG [eta.access] GET /api/practices/export → 200 (2ms)
2026-09-19 13:36:01 DEBUG [asyncio] Using selector: KqueueSelector
2026-09-19 13:36:01 DEBUG [eta.access] GET /api/practices/export → 400 (1ms)
2026-09-19 13:36:01 DEBUG [asyncio] Using selector: KqueueSelector
2026-09-19 13:36:01 DEBUG [eta.access] POST /api/errors/scan → 200 (5ms)
2026-09-19 13:36:01 DEBUG [asyncio] Using selector: KqueueSelector
2026-09-19 13:36:01 DEBUG [eta.access] POST /api/errors/1/confirm → 200 (4ms)
2026-09-19 13:36:01 DEBUG [asyncio] Using selector: KqueueSelector
2026-09-19 13:36:01 DEBUG [eta.access] POST /api/errors/scan → 200 (4ms)
2026-09-19 13:36:01 DEBUG [asyncio] Using selector: KqueueSelector
2026-09-19 13:36:01 DEBUG [eta.access] POST /api/errors/2/confirm → 200 (11ms)
2026-09-19 13:36:01 DEBUG [asyncio] Using selector: KqueueSelector
2026-09-19 13:36:01 DEBUG [eta.access] POST /api/paper/generate → 200 (4ms)
2026-09-19 13:36:01 DEBUG [asyncio] Using selector: KqueueSelector
2026-09-19 13:36:01 DEBUG [eta.access] GET /api/papers/1/export → 400 (2ms)
2026-09-19 13:36:01 DEBUG [asyncio] Using selector: KqueueSelector
2026-09-19 13:36:01 DEBUG [eta.access] POST /api/paper/1/approve → 200 (2ms)
2026-09-19 13:36:01 DEBUG [asyncio] Using selector: KqueueSelector
2026-09-19 13:36:01 DEBUG [eta.access] GET /api/papers/1/export → 200 (2ms)
2026-09-19 13:36:01 DEBUG [asyncio] Using selector: KqueueSelector
2026-09-19 13:36:01 DEBUG [eta.access] GET /api/papers/1/export → 200 (36ms)
2026-09-19 13:36:01 DEBUG [asyncio] Using selector: KqueueSelector
2026-09-19 13:36:01 DEBUG [eta.access] GET /api/papers/999/export → 404 (2ms)
2026-09-19 13:36:01 DEBUG [asyncio] Using selector: KqueueSelector
2026-09-19 13:36:01 DEBUG [eta.access] POST /api/classes → 200 (4ms)
2026-09-19 13:36:01 DEBUG [asyncio] Using selector: KqueueSelector
2026-09-19 13:36:01 DEBUG [eta.access] POST /api/students → 200 (4ms)
2026-09-19 13:36:01 DEBUG [asyncio] Using selector: KqueueSelector
2026-09-19 13:36:01 DEBUG [eta.access] POST /api/errors/scan → 200 (6ms)
2026-09-19 13:36:01 DEBUG [asyncio] Using selector: KqueueSelector
2026-09-19 13:36:01 DEBUG [eta.access] POST /api/errors/1/confirm → 200 (4ms)
2026-09-19 13:36:01 DEBUG [asyncio] Using selector: KqueueSelector
2026-09-19 13:36:01 DEBUG [eta.access] POST /api/errors/scan → 200 (5ms)
2026-09-19 13:36:01 DEBUG [asyncio] Using selector: KqueueSelector
2026-09-19 13:36:01 DEBUG [eta.access] POST /api/errors/2/confirm → 200 (5ms)
2026-09-19 13:36:01 DEBUG [asyncio] Using selector: KqueueSelector
2026-09-19 13:36:01 DEBUG [eta.access] POST /api/errors/scan → 200 (5ms)
2026-09-19 13:36:01 DEBUG [asyncio] Using selector: KqueueSelector
2026-09-19 13:36:01 DEBUG [eta.access] POST /api/errors/3/confirm → 200 (4ms)
2026-09-19 13:36:01 DEBUG [asyncio] Using selector: KqueueSelector
2026-09-19 13:36:01 DEBUG [eta.access] POST /api/errors/scan → 200 (5ms)
2026-09-19 13:36:01 DEBUG [asyncio] Using selector: KqueueSelector
2026-09-19 13:36:01 DEBUG [eta.access] POST /api/errors/4/confirm → 200 (5ms)
2026-09-19 13:36:01 DEBUG [asyncio] Using selector: KqueueSelector
2026-09-19 13:36:01 DEBUG [eta.access] POST /api/errors/scan → 200 (4ms)
2026-09-19 13:36:01 DEBUG [asyncio] Using selector: KqueueSelector
2026-09-19 13:36:01 DEBUG [eta.access] POST /api/errors/5/confirm → 200 (5ms)
2026-09-19 13:36:01 DEBUG [asyncio] Using selector: KqueueSelector
2026-09-19 13:36:01 DEBUG [eta.access] GET /api/decision-sheet/export → 200 (4ms)
2026-09-19 13:36:01 DEBUG [asyncio] Using selector: KqueueSelector
2026-09-19 13:36:01 DEBUG [eta.access] GET /api/decision-sheet/export → 200 (48ms)
2026-09-19 13:36:01 DEBUG [asyncio] Using selector: KqueueSelector
2026-09-19 13:36:01 DEBUG [eta.access] POST /api/students/import → 200 (4ms)
2026-09-19 13:36:01 DEBUG [asyncio] Using selector: KqueueSelector
2026-09-19 13:36:01 DEBUG [eta.access] POST /api/errors/scan → 200 (5ms)
2026-09-19 13:36:01 DEBUG [asyncio] Using selector: KqueueSelector
2026-09-19 13:36:01 DEBUG [eta.access] POST /api/errors/1/confirm → 200 (5ms)
2026-09-19 13:36:01 DEBUG [asyncio] Using selector: KqueueSelector
2026-09-19 13:36:01 DEBUG [eta.access] POST /api/errors/scan → 200 (7ms)
2026-09-19 13:36:01 DEBUG [asyncio] Using selector: KqueueSelector
2026-09-19 13:36:01 DEBUG [eta.access] POST /api/errors/2/confirm → 200 (5ms)
2026-09-19 13:36:01 DEBUG [asyncio] Using selector: KqueueSelector
2026-09-19 13:36:01 INFO [eta.export] 导出学生综合信息：2 名学生（class=九(1)班）
2026-09-19 13:36:01 DEBUG [eta.access] GET /api/students/export.csv → 200 (4ms)
2026-09-19 13:36:01 DEBUG [asyncio] Using selector: KqueueSelector
2026-09-19 13:36:01 DEBUG [eta.access] POST /api/check/dictation → 200 (25ms)
2026-09-19 13:36:01 DEBUG [asyncio] Using selector: KqueueSelector
2026-09-19 13:36:01 DEBUG [eta.access] GET /api/errors → 200 (2ms)
2026-09-19 13:36:01 DEBUG [asyncio] Using selector: KqueueSelector
2026-09-19 13:36:01 DEBUG [eta.access] GET /api/check/sessions → 200 (2ms)
2026-09-19 13:36:01 DEBUG [asyncio] Using selector: KqueueSelector
2026-09-19 13:36:01 DEBUG [eta.access] GET /api/check/sessions/1 → 200 (2ms)
2026-09-19 13:36:01 DEBUG [asyncio] Using selector: KqueueSelector
2026-09-19 13:36:01 DEBUG [eta.access] POST /api/check/assignment → 200 (15ms)
2026-09-19 13:36:01 DEBUG [asyncio] Using selector: KqueueSelector
2026-09-19 13:36:01 DEBUG [eta.access] GET /api/errors → 200 (2ms)
2026-09-19 13:36:01 DEBUG [asyncio] Using selector: KqueueSelector
2026-09-19 13:36:01 DEBUG [eta.access] POST /api/check/assignment → 200 (11ms)
2026-09-19 13:36:01 DEBUG [asyncio] Using selector: KqueueSelector
2026-09-19 13:36:01 DEBUG [eta.access] GET /api/errors → 200 (3ms)
2026-09-19 13:36:01 DEBUG [asyncio] Using selector: KqueueSelector
2026-09-19 13:36:01 DEBUG [eta.access] POST /api/check/assignment → 200 (3ms)
2026-09-19 13:36:01 DEBUG [asyncio] Using selector: KqueueSelector
2026-09-19 13:36:01 DEBUG [eta.access] POST /api/check/assignment → 200 (9ms)
2026-09-19 13:36:01 DEBUG [asyncio] Using selector: KqueueSelector
2026-09-19 13:36:01 DEBUG [eta.access] POST /api/check/dictation → 400 (2ms)
2026-09-19 13:36:01 DEBUG [asyncio] Using selector: KqueueSelector
2026-09-19 13:36:01 DEBUG [eta.access] POST /api/check/assignment → 400 (2ms)
2026-09-19 13:36:01 DEBUG [asyncio] Using selector: KqueueSelector
2026-09-19 13:36:01 DEBUG [eta.access] GET /api/check/sessions/999999 → 404 (1ms)
2026-09-19 13:36:01 DEBUG [asyncio] Using selector: KqueueSelector
2026-09-19 13:36:01 DEBUG [eta.access] POST /api/check/dictation → 200 (5ms)
2026-09-19 13:36:01 DEBUG [asyncio] Using selector: KqueueSelector
2026-09-19 13:36:01 DEBUG [eta.access] PATCH /api/check/sessions/1 → 200 (4ms)
2026-09-19 13:36:01 DEBUG [asyncio] Using selector: KqueueSelector
2026-09-19 13:36:01 DEBUG [eta.access] GET /api/check/sessions → 200 (2ms)
2026-09-19 13:36:01 DEBUG [asyncio] Using selector: KqueueSelector
2026-09-19 13:36:01 DEBUG [eta.access] POST /api/students/import → 200 (4ms)
2026-09-19 13:36:01 DEBUG [asyncio] Using selector: KqueueSelector
2026-09-19 13:36:01 DEBUG [eta.access] POST /api/check/read-papers → 200 (3ms)
2026-09-19 13:36:01 DEBUG [asyncio] Using selector: KqueueSelector
2026-09-19 13:36:01 WARNING [eta.services.papers] 读纸 OCR 失败（第 1 张）：未配置
2026-09-19 13:36:01 DEBUG [eta.access] POST /api/check/read-papers → 200 (2ms)
2026-09-19 13:36:01 DEBUG [asyncio] Using selector: KqueueSelector
2026-09-19 13:36:01 DEBUG [eta.access] POST /api/students/import → 200 (5ms)
2026-09-19 13:36:01 DEBUG [asyncio] Using selector: KqueueSelector
2026-09-19 13:36:01 DEBUG [eta.access] POST /api/check/dictation → 200 (8ms)
2026-09-19 13:36:01 DEBUG [asyncio] Using selector: KqueueSelector
2026-09-19 13:36:01 DEBUG [eta.access] GET /api/check/sessions/1/export → 200 (3ms)
2026-09-19 13:36:01 DEBUG [asyncio] Using selector: KqueueSelector
2026-09-19 13:36:01 DEBUG [eta.access] GET /api/check/sessions/999999/export → 404 (2ms)
2026-09-19 13:36:02 DEBUG [asyncio] Using selector: KqueueSelector
2026-09-19 13:36:02 DEBUG [eta.access] POST /api/students → 200 (4ms)
2026-09-19 13:36:02 DEBUG [asyncio] Using selector: KqueueSelector
2026-09-19 13:36:02 DEBUG [eta.access] POST /api/students → 200 (4ms)
2026-09-19 13:36:02 DEBUG [asyncio] Using selector: KqueueSelector
2026-09-19 13:36:02 DEBUG [eta.access] POST /api/students → 200 (4ms)
2026-09-19 13:36:02 DEBUG [asyncio] Using selector: KqueueSelector
2026-09-19 13:36:02 DEBUG [eta.access] POST /api/students → 200 (6ms)
2026-09-19 13:36:02 DEBUG [asyncio] Using selector: KqueueSelector
2026-09-19 13:36:02 DEBUG [eta.access] POST /api/students → 200 (4ms)
2026-09-19 13:36:02 DEBUG [asyncio] Using selector: KqueueSelector
2026-09-19 13:36:02 DEBUG [eta.access] POST /api/students → 200 (5ms)
2026-09-19 13:36:02 DEBUG [asyncio] Using selector: KqueueSelector
2026-09-19 13:36:02 DEBUG [eta.access] POST /api/students/S01/cleanup → 200 (6ms)
2026-09-19 13:36:02 DEBUG [asyncio] Using selector: KqueueSelector
2026-09-19 13:36:02 DEBUG [eta.access] GET /api/students/S01/profile → 200 (2ms)
2026-09-19 13:36:02 DEBUG [asyncio] Using selector: KqueueSelector
2026-09-19 13:36:02 DEBUG [eta.access] POST /api/students/S01/cleanup → 200 (6ms)
2026-09-19 13:36:02 DEBUG [asyncio] Using selector: KqueueSelector
2026-09-19 13:36:02 DEBUG [eta.access] GET /api/students/S01/profile → 200 (2ms)
2026-09-19 13:36:02 DEBUG [asyncio] Using selector: KqueueSelector
2026-09-19 13:36:02 DEBUG [eta.access] POST /api/students → 200 (3ms)
2026-09-19 13:36:02 DEBUG [asyncio] Using selector: KqueueSelector
2026-09-19 13:36:02 DEBUG [eta.access] POST /api/students → 200 (4ms)
2026-09-19 13:36:02 DEBUG [asyncio] Using selector: KqueueSelector
2026-09-19 13:36:02 DEBUG [eta.access] POST /api/students/S01/cleanup → 200 (3ms)
2026-09-19 13:36:02 DEBUG [asyncio] Using selector: KqueueSelector
2026-09-19 13:36:02 DEBUG [eta.access] POST /api/students → 200 (3ms)
2026-09-19 13:36:02 DEBUG [asyncio] Using selector: KqueueSelector
2026-09-19 13:36:02 DEBUG [eta.access] POST /api/students → 200 (5ms)
2026-09-19 13:36:02 DEBUG [asyncio] Using selector: KqueueSelector
2026-09-19 13:36:02 DEBUG [eta.access] POST /api/students/S01/cleanup → 200 (4ms)
2026-09-19 13:36:02 DEBUG [asyncio] Using selector: KqueueSelector
2026-09-19 13:36:02 DEBUG [eta.access] POST /api/students → 200 (4ms)
2026-09-19 13:36:02 DEBUG [asyncio] Using selector: KqueueSelector
2026-09-19 13:36:02 DEBUG [eta.access] POST /api/students → 200 (5ms)
2026-09-19 13:36:02 DEBUG [asyncio] Using selector: KqueueSelector
2026-09-19 13:36:02 DEBUG [eta.access] POST /api/students/S01/cleanup → 200 (3ms)
2026-09-19 13:36:02 DEBUG [asyncio] Using selector: KqueueSelector
2026-09-19 13:36:02 DEBUG [eta.access] POST /api/students → 200 (4ms)
2026-09-19 13:36:02 DEBUG [asyncio] Using selector: KqueueSelector
2026-09-19 13:36:02 DEBUG [eta.access] POST /api/students/P01/cleanup → 400 (3ms)
2026-09-19 13:36:02 DEBUG [asyncio] Using selector: KqueueSelector
2026-09-19 13:36:02 DEBUG [eta.access] POST /api/students/P01/cleanup → 400 (2ms)
2026-09-19 13:36:02 DEBUG [asyncio] Using selector: KqueueSelector
2026-09-19 13:36:02 DEBUG [eta.access] POST /api/students/NOPE/cleanup → 404 (3ms)
2026-09-19 13:36:02 DEBUG [asyncio] Using selector: KqueueSelector
2026-09-19 13:36:02 DEBUG [eta.access] POST /api/students → 200 (4ms)
2026-09-19 13:36:02 DEBUG [asyncio] Using selector: KqueueSelector
2026-09-19 13:36:02 DEBUG [eta.access] POST /api/students/V01/cleanup → 400 (2ms)
2026-09-19 13:36:02 WARNING [eta.ocr] dual 文档流 mineru 通道失败（降级继续）：MinerU 链路抖动
2026-09-19 13:36:02 WARNING [eta.ocr] dual 文档流 mineru 通道失败（降级继续）：down
2026-09-19 13:36:02 WARNING [eta.ocr] dual 文档流 paddleocr 通道失败（降级继续）：down
2026-09-19 13:36:03 DEBUG [asyncio] Using selector: KqueueSelector
2026-09-19 13:36:03 DEBUG [eta.access] GET /api/logs/files → 200 (5ms)
2026-09-19 13:36:03 DEBUG [asyncio] Using selector: KqueueSelector
2026-09-19 13:36:03 DEBUG [eta.access] GET /api/logs/view → 200 (2ms)
2026-09-19 13:36:03 DEBUG [asyncio] Using selector: KqueueSelector
2026-09-19 13:36:03 DEBUG [eta.access] GET /api/logs/download → 200 (2ms)
2026-09-19 13:36:03 DEBUG [asyncio] Using selector: KqueueSelector
2026-09-19 13:36:03 DEBUG [eta.access] GET /api/logs/view → 400 (1ms)
2026-09-19 13:36:03 DEBUG [asyncio] Using selector: KqueueSelector
2026-09-19 13:36:03 DEBUG [eta.access] GET /api/logs/view → 400 (1ms)
2026-09-19 13:36:03 DEBUG [asyncio] Using selector: KqueueSelector
2026-09-19 13:36:03 DEBUG [eta.access] GET /api/logs/view → 400 (2ms)
2026-09-19 13:36:03 DEBUG [asyncio] Using selector: KqueueSelector
2026-09-19 13:36:03 DEBUG [eta.access] GET /api/logs/view → 400 (1ms)
2026-09-19 13:36:03 DEBUG [asyncio] Using selector: KqueueSelector
2026-09-19 13:36:03 DEBUG [eta.access] GET /api/logs/view → 400 (1ms)
2026-09-19 13:36:03 DEBUG [asyncio] Using selector: KqueueSelector
2026-09-19 13:36:03 DEBUG [eta.access] GET /api/logs/view → 404 (3ms)
2026-09-19 13:36:03 DEBUG [asyncio] Using selector: KqueueSelector
2026-09-19 13:36:03 ERROR [eta.logs] 浏览器 [ERROR] 页面=#/scan 页面脚本错误
at boot
2026-09-19 13:36:03 DEBUG [eta.access] POST /api/logs/client → 200 (3ms)
2026-09-19 13:36:03 INFO [eta.ocr] MinerU batch=b1 创建，上传图片 (5 bytes)
2026-09-19 13:36:04 WARNING [eta.trace] 运行留痕写入失败：[Errno 20] Not a directory: '/private/var/folders/sh/v4ws268d63928m_6n_jzds6m0000gn/T/pytest-of-zbloom/pytest-5/test_record_never_raises_on_io0/blocker/sub'
2026-09-19 13:36:04 DEBUG [asyncio] Using selector: KqueueSelector
2026-09-19 13:36:04 DEBUG [eta.access] POST /api/check/organize-upload → 200 (2ms)
2026-09-19 13:36:04 DEBUG [asyncio] Using selector: KqueueSelector
2026-09-19 13:36:04 DEBUG [eta.access] POST /api/check/organize-upload → 200 (2ms)
2026-09-19 13:36:04 DEBUG [asyncio] Using selector: KqueueSelector
2026-09-19 13:36:04 DEBUG [eta.access] POST /api/check/organize-upload → 400 (4ms)
2026-09-19 13:36:04 DEBUG [asyncio] Using selector: KqueueSelector
2026-09-19 13:36:04 DEBUG [eta.access] POST /api/students/import → 200 (5ms)
2026-09-19 13:36:04 DEBUG [asyncio] Using selector: KqueueSelector
2026-09-19 13:36:04 DEBUG [eta.access] POST /api/check/photo-parse → 200 (4ms)
2026-09-19 13:36:04 DEBUG [asyncio] Using selector: KqueueSelector
2026-09-19 13:36:04 DEBUG [eta.access] POST /api/check/photo-parse → 200 (3ms)
2026-09-19 13:36:04 DEBUG [asyncio] Using selector: KqueueSelector
2026-09-19 13:36:04 DEBUG [eta.access] POST /api/check/photo-parse → 200 (3ms)
2026-09-19 13:36:04 DEBUG [asyncio] Using selector: KqueueSelector
2026-09-19 13:36:04 WARNING [eta.services.photo_check] 批改读图失败（张三/bad.jpg）：识别失败
2026-09-19 13:36:04 DEBUG [eta.access] POST /api/check/photo-parse → 200 (3ms)
2026-09-19 13:36:04 DEBUG [asyncio] Using selector: KqueueSelector
2026-09-19 13:36:04 DEBUG [eta.access] POST /api/check/photo-parse → 422 (2ms)
2026-09-19 13:36:04 DEBUG [asyncio] Using selector: KqueueSelector
2026-09-19 13:36:04 DEBUG [eta.access] POST /api/students/import → 200 (4ms)
2026-09-19 13:36:04 DEBUG [asyncio] Using selector: KqueueSelector
2026-09-19 13:36:04 DEBUG [eta.access] POST /api/check/assignment → 200 (11ms)
2026-09-19 13:36:04 DEBUG [asyncio] Using selector: KqueueSelector
2026-09-19 13:36:04 DEBUG [eta.access] GET /api/errors → 200 (2ms)
2026-09-19 13:36:04 DEBUG [asyncio] Using selector: KqueueSelector
2026-09-19 13:36:04 DEBUG [eta.access] GET /api/check/sessions/1/files → 200 (2ms)
2026-09-19 13:36:04 DEBUG [asyncio] Using selector: KqueueSelector
2026-09-19 13:36:04 DEBUG [eta.access] GET /api/check/sessions → 200 (2ms)
2026-09-19 13:36:04 DEBUG [asyncio] Using selector: KqueueSelector
2026-09-19 13:36:04 DEBUG [eta.access] POST /api/check/assignment → 200 (8ms)
2026-09-19 13:36:04 DEBUG [asyncio] Using selector: KqueueSelector
2026-09-19 13:36:04 DEBUG [eta.access] GET /api/check/sessions/1 → 200 (3ms)
2026-09-19 13:36:04 DEBUG [asyncio] Using selector: KqueueSelector
2026-09-19 13:36:04 DEBUG [eta.access] POST /api/students/import → 200 (4ms)
2026-09-19 13:36:04 DEBUG [asyncio] Using selector: KqueueSelector
2026-09-19 13:36:04 DEBUG [eta.access] POST /api/check/assignment → 200 (9ms)
2026-09-19 13:36:04 DEBUG [asyncio] Using selector: KqueueSelector
2026-09-19 13:36:04 DEBUG [eta.access] POST /api/students/import → 200 (3ms)
2026-09-19 13:36:04 DEBUG [asyncio] Using selector: KqueueSelector
2026-09-19 13:36:04 DEBUG [eta.access] POST /api/check/assignment → 200 (8ms)
2026-09-19 13:36:04 DEBUG [asyncio] Using selector: KqueueSelector
2026-09-19 13:36:04 DEBUG [eta.access] GET /api/check/sessions → 200 (3ms)
2026-09-19 13:36:04 DEBUG [asyncio] Using selector: KqueueSelector
2026-09-19 13:36:04 DEBUG [eta.access] GET /api/check/sessions → 200 (3ms)
2026-09-19 13:36:04 DEBUG [asyncio] Using selector: KqueueSelector
2026-09-19 13:36:04 DEBUG [eta.access] POST /api/students/import → 200 (4ms)
2026-09-19 13:36:04 DEBUG [asyncio] Using selector: KqueueSelector
2026-09-19 13:36:04 DEBUG [eta.access] POST /api/check/assignment → 200 (9ms)
2026-09-19 13:36:04 DEBUG [asyncio] Using selector: KqueueSelector
2026-09-19 13:36:04 DEBUG [eta.access] GET /api/check/sessions/1/files → 200 (2ms)
2026-09-19 13:36:04 DEBUG [asyncio] Using selector: KqueueSelector
2026-09-19 13:36:04 DEBUG [eta.access] DELETE /api/check/sessions/1 → 200 (4ms)
2026-09-19 13:36:04 DEBUG [asyncio] Using selector: KqueueSelector
2026-09-19 13:36:04 DEBUG [eta.access] GET /api/check/sessions/1 → 404 (1ms)
2026-09-19 13:36:04 DEBUG [asyncio] Using selector: KqueueSelector
2026-09-19 13:36:04 DEBUG [eta.access] GET /api/check/sessions/1/files → 404 (2ms)
2026-09-19 13:36:04 DEBUG [asyncio] Using selector: KqueueSelector
2026-09-19 13:36:04 DEBUG [eta.access] GET /api/errors → 200 (2ms)
2026-09-19 13:36:04 DEBUG [asyncio] Using selector: KqueueSelector
2026-09-19 13:36:04 DEBUG [eta.access] POST /api/students/import → 200 (3ms)
2026-09-19 13:36:04 DEBUG [asyncio] Using selector: KqueueSelector
2026-09-19 13:36:04 DEBUG [eta.access] POST /api/check/assignment → 200 (8ms)
2026-09-19 13:36:04 DEBUG [asyncio] Using selector: KqueueSelector
2026-09-19 13:36:04 DEBUG [eta.access] DELETE /api/check/sessions/2 → 200 (3ms)
2026-09-19 13:36:04 DEBUG [asyncio] Using selector: KqueueSelector
2026-09-19 13:36:04 DEBUG [eta.access] GET /api/errors → 200 (2ms)
2026-09-19 13:36:04 DEBUG [asyncio] Using selector: KqueueSelector
2026-09-19 13:36:04 DEBUG [eta.access] DELETE /api/check/sessions/999999 → 404 (2ms)
2026-09-19 13:36:04 DEBUG [asyncio] Using selector: KqueueSelector
2026-09-19 13:36:04 DEBUG [eta.access] POST /api/students/import → 200 (4ms)
2026-09-19 13:36:04 DEBUG [asyncio] Using selector: KqueueSelector
2026-09-19 13:36:04 DEBUG [eta.access] POST /api/check/photo-parse → 200 (3ms)
2026-09-19 13:36:04 DEBUG [asyncio] Using selector: KqueueSelector
2026-09-19 13:36:04 DEBUG [eta.access] POST /api/check/photo-parse → 200 (2ms)
2026-09-19 13:36:04 DEBUG [asyncio] Using selector: KqueueSelector
2026-09-19 13:36:04 DEBUG [eta.access] POST /api/check/md-reparse → 200 (3ms)
2026-09-19 13:36:04 DEBUG [asyncio] Using selector: KqueueSelector
2026-09-19 13:36:04 DEBUG [eta.access] POST /api/check/md-reparse → 400 (1ms)
2026-09-19 13:36:04 DEBUG [asyncio] Using selector: KqueueSelector
2026-09-19 13:36:04 DEBUG [eta.access] POST /api/students/import → 200 (5ms)
2026-09-19 13:36:04 DEBUG [asyncio] Using selector: KqueueSelector
2026-09-19 13:36:04 DEBUG [eta.access] POST /api/check/assignment → 200 (4ms)
2026-09-19 13:36:04 DEBUG [asyncio] Using selector: KqueueSelector
2026-09-19 13:36:04 DEBUG [eta.access] POST /api/students/import → 200 (4ms)
2026-09-19 13:36:04 DEBUG [asyncio] Using selector: KqueueSelector
2026-09-19 13:36:04 DEBUG [eta.access] POST /api/check/assignment → 200 (5ms)
2026-09-19 13:36:04 DEBUG [asyncio] Using selector: KqueueSelector
2026-09-19 13:36:04 DEBUG [eta.access] GET /api/check/sessions → 200 (2ms)
2026-09-19 13:36:04 DEBUG [asyncio] Using selector: KqueueSelector
2026-09-19 13:36:04 DEBUG [eta.access] GET /api/check/sessions → 200 (2ms)
2026-09-19 13:36:04 DEBUG [asyncio] Using selector: KqueueSelector
2026-09-19 13:36:04 DEBUG [eta.access] GET /api/check/sessions → 200 (2ms)
2026-09-19 13:41:34 INFO [eta] 日志已就绪：目录 runtime/logs（按天轮转，保留 14 天，终端级别 INFO / 文件级别 DEBUG）
2026-09-19 13:41:34 DEBUG [asyncio] Using selector: KqueueSelector
2026-09-19 13:41:34 INFO [eta.main] ════════ 系统启动 ════════
2026-09-19 13:41:37 DEBUG [eta.access] GET /api/health → 200 (102ms)
2026-09-19 13:41:37 INFO [eta.main] ════════ 系统停止 ════════
2026-09-19 15:35:22 INFO [eta] 日志已就绪：目录 runtime/logs（按天轮转，保留 14 天，终端级别 INFO / 文件级别 DEBUG）
2026-09-19 15:35:22 INFO [eta.providers.agent_chat] 智能体会话调用完成 | 返回 2 字，耗时 0ms
2026-09-19 15:35:22 INFO [eta.providers.agent_chat] 智能体会话调用完成 | 返回 2 字，耗时 0ms
2026-09-19 15:35:22 WARNING [eta.providers.agent_chat] 智能体会话请求失败，2s 后重试一次：connection reset
2026-09-19 15:35:24 WARNING [eta.services.photo_check] 多图联合解析失败，该批降级逐张解析：多图联合失败
2026-09-19 15:35:25 WARNING [eta.services.photo_check] Markdown 结构化失败：DeepSeek 超时
2026-09-19 15:35:25 WARNING [eta.services.photo_check] 智能体会话解析失败，降级 OCR 转录解析：invalid_api_key
2026-09-19 15:35:25 WARNING [eta.services.photo_check] 多图联合解析失败，该批降级逐张解析：多图联合失败（测试桩）
2026-09-19 15:35:25 DEBUG [asyncio] Using selector: KqueueSelector
2026-09-19 15:35:25 DEBUG [eta.access] GET /api/health → 200 (26ms)
2026-09-19 15:35:25 DEBUG [asyncio] Using selector: KqueueSelector
2026-09-19 15:35:25 DEBUG [eta.access] GET /api/ontology → 200 (2ms)
2026-09-19 15:35:25 DEBUG [asyncio] Using selector: KqueueSelector
2026-09-19 15:35:25 DEBUG [eta.access] POST /api/students/import → 200 (6ms)
2026-09-19 15:35:25 DEBUG [asyncio] Using selector: KqueueSelector
2026-09-19 15:35:25 DEBUG [eta.access] GET /api/students → 200 (2ms)
2026-09-19 15:35:25 DEBUG [asyncio] Using selector: KqueueSelector
2026-09-19 15:35:25 DEBUG [eta.access] POST /api/errors/scan → 200 (6ms)
2026-09-19 15:35:25 DEBUG [asyncio] Using selector: KqueueSelector
2026-09-19 15:35:25 DEBUG [eta.access] GET /api/errors → 200 (3ms)
2026-09-19 15:35:25 DEBUG [asyncio] Using selector: KqueueSelector
2026-09-19 15:35:25 DEBUG [eta.access] POST /api/errors/1/confirm → 200 (4ms)
2026-09-19 15:35:25 DEBUG [asyncio] Using selector: KqueueSelector
2026-09-19 15:35:25 DEBUG [eta.access] POST /api/errors/scan → 200 (6ms)
2026-09-19 15:35:25 DEBUG [asyncio] Using selector: KqueueSelector
2026-09-19 15:35:25 DEBUG [eta.access] POST /api/errors/2/confirm → 200 (4ms)
2026-09-19 15:35:25 DEBUG [asyncio] Using selector: KqueueSelector
2026-09-19 15:35:25 DEBUG [eta.access] POST /api/errors/scan → 200 (5ms)
2026-09-19 15:35:25 DEBUG [asyncio] Using selector: KqueueSelector
2026-09-19 15:35:25 DEBUG [eta.access] GET /api/errors → 200 (2ms)
2026-09-19 15:35:25 DEBUG [asyncio] Using selector: KqueueSelector
2026-09-19 15:35:25 DEBUG [eta.access] POST /api/errors/3/confirm → 200 (4ms)
2026-09-19 15:35:25 DEBUG [asyncio] Using selector: KqueueSelector
2026-09-19 15:35:25 DEBUG [eta.access] POST /api/errors/scan → 200 (6ms)
2026-09-19 15:35:25 DEBUG [asyncio] Using selector: KqueueSelector
2026-09-19 15:35:25 DEBUG [eta.access] GET /api/errors → 200 (2ms)
2026-09-19 15:35:25 DEBUG [asyncio] Using selector: KqueueSelector
2026-09-19 15:35:25 DEBUG [eta.access] POST /api/errors/4/confirm → 200 (5ms)
2026-09-19 15:35:25 DEBUG [asyncio] Using selector: KqueueSelector
2026-09-19 15:35:25 DEBUG [eta.access] POST /api/errors/scan → 200 (5ms)
2026-09-19 15:35:25 DEBUG [asyncio] Using selector: KqueueSelector
2026-09-19 15:35:25 DEBUG [eta.access] GET /api/errors → 200 (2ms)
2026-09-19 15:35:25 DEBUG [asyncio] Using selector: KqueueSelector
2026-09-19 15:35:25 DEBUG [eta.access] POST /api/errors/5/confirm → 200 (4ms)
2026-09-19 15:35:25 DEBUG [asyncio] Using selector: KqueueSelector
2026-09-19 15:35:25 DEBUG [eta.access] POST /api/errors/scan → 200 (6ms)
2026-09-19 15:35:25 DEBUG [asyncio] Using selector: KqueueSelector
2026-09-19 15:35:25 DEBUG [eta.access] GET /api/errors → 200 (2ms)
2026-09-19 15:35:25 DEBUG [asyncio] Using selector: KqueueSelector
2026-09-19 15:35:25 DEBUG [eta.access] POST /api/errors/6/confirm → 200 (4ms)
2026-09-19 15:35:25 DEBUG [asyncio] Using selector: KqueueSelector
2026-09-19 15:35:25 DEBUG [eta.access] POST /api/errors/scan → 200 (5ms)
2026-09-19 15:35:25 DEBUG [asyncio] Using selector: KqueueSelector
2026-09-19 15:35:25 DEBUG [eta.access] GET /api/errors → 200 (2ms)
2026-09-19 15:35:25 DEBUG [asyncio] Using selector: KqueueSelector
2026-09-19 15:35:25 DEBUG [eta.access] POST /api/errors/7/confirm → 200 (4ms)
2026-09-19 15:35:25 DEBUG [asyncio] Using selector: KqueueSelector
2026-09-19 15:35:25 DEBUG [eta.access] POST /api/errors/scan → 200 (7ms)
2026-09-19 15:35:25 DEBUG [asyncio] Using selector: KqueueSelector
2026-09-19 15:35:25 DEBUG [eta.access] GET /api/errors → 200 (2ms)
2026-09-19 15:35:25 DEBUG [asyncio] Using selector: KqueueSelector
2026-09-19 15:35:25 DEBUG [eta.access] POST /api/errors/8/confirm → 200 (4ms)
2026-09-19 15:35:25 DEBUG [asyncio] Using selector: KqueueSelector
2026-09-19 15:35:25 DEBUG [eta.access] POST /api/errors/scan → 200 (6ms)
2026-09-19 15:35:25 DEBUG [asyncio] Using selector: KqueueSelector
2026-09-19 15:35:25 DEBUG [eta.access] GET /api/errors → 200 (2ms)
2026-09-19 15:35:25 DEBUG [asyncio] Using selector: KqueueSelector
2026-09-19 15:35:25 DEBUG [eta.access] POST /api/errors/9/confirm → 200 (4ms)
2026-09-19 15:35:25 DEBUG [asyncio] Using selector: KqueueSelector
2026-09-19 15:35:25 DEBUG [eta.access] POST /api/errors/scan → 200 (6ms)
2026-09-19 15:35:25 DEBUG [asyncio] Using selector: KqueueSelector
2026-09-19 15:35:25 DEBUG [eta.access] GET /api/errors → 200 (2ms)
2026-09-19 15:35:25 DEBUG [asyncio] Using selector: KqueueSelector
2026-09-19 15:35:25 DEBUG [eta.access] POST /api/errors/10/confirm → 200 (4ms)
2026-09-19 15:35:25 DEBUG [asyncio] Using selector: KqueueSelector
2026-09-19 15:35:25 DEBUG [eta.access] POST /api/errors/scan → 200 (6ms)
2026-09-19 15:35:25 DEBUG [asyncio] Using selector: KqueueSelector
2026-09-19 15:35:25 DEBUG [eta.access] GET /api/errors → 200 (2ms)
2026-09-19 15:35:25 DEBUG [asyncio] Using selector: KqueueSelector
2026-09-19 15:35:25 DEBUG [eta.access] POST /api/errors/11/confirm → 200 (4ms)
2026-09-19 15:35:25 DEBUG [asyncio] Using selector: KqueueSelector
2026-09-19 15:35:25 DEBUG [eta.access] POST /api/errors/scan → 200 (6ms)
2026-09-19 15:35:25 DEBUG [asyncio] Using selector: KqueueSelector
2026-09-19 15:35:25 DEBUG [eta.access] GET /api/errors → 200 (2ms)
2026-09-19 15:35:25 DEBUG [asyncio] Using selector: KqueueSelector
2026-09-19 15:35:25 DEBUG [eta.access] POST /api/errors/12/confirm → 200 (4ms)
2026-09-19 15:35:25 DEBUG [asyncio] Using selector: KqueueSelector
2026-09-19 15:35:25 DEBUG [eta.access] POST /api/errors/scan → 200 (6ms)
2026-09-19 15:35:25 DEBUG [asyncio] Using selector: KqueueSelector
2026-09-19 15:35:25 DEBUG [eta.access] GET /api/errors → 200 (2ms)
2026-09-19 15:35:25 DEBUG [asyncio] Using selector: KqueueSelector
2026-09-19 15:35:25 DEBUG [eta.access] POST /api/errors/13/confirm → 200 (4ms)
2026-09-19 15:35:25 DEBUG [asyncio] Using selector: KqueueSelector
2026-09-19 15:35:25 DEBUG [eta.access] POST /api/errors/scan → 200 (6ms)
2026-09-19 15:35:25 DEBUG [asyncio] Using selector: KqueueSelector
2026-09-19 15:35:25 DEBUG [eta.access] GET /api/errors → 200 (2ms)
2026-09-19 15:35:25 DEBUG [asyncio] Using selector: KqueueSelector
2026-09-19 15:35:25 DEBUG [eta.access] POST /api/errors/14/confirm → 200 (4ms)
2026-09-19 15:35:25 DEBUG [asyncio] Using selector: KqueueSelector
2026-09-19 15:35:25 DEBUG [eta.access] POST /api/practice/generate → 200 (4ms)
2026-09-19 15:35:25 DEBUG [asyncio] Using selector: KqueueSelector
2026-09-19 15:35:25 DEBUG [eta.access] POST /api/practice/1/approve → 200 (3ms)
2026-09-19 15:35:25 DEBUG [asyncio] Using selector: KqueueSelector
2026-09-19 15:35:25 DEBUG [eta.access] GET /api/decision-sheet → 200 (7ms)
2026-09-19 15:35:25 DEBUG [asyncio] Using selector: KqueueSelector
2026-09-19 15:35:25 DEBUG [eta.access] GET /api/review-sheet → 200 (5ms)
2026-09-19 15:35:25 DEBUG [asyncio] Using selector: KqueueSelector
2026-09-19 15:35:25 DEBUG [eta.access] GET /api/trends/categories → 200 (4ms)
2026-09-19 15:35:25 DEBUG [asyncio] Using selector: KqueueSelector
2026-09-19 15:35:25 DEBUG [eta.access] GET /api/stats/teacher-overrides → 200 (4ms)
2026-09-19 15:35:25 DEBUG [asyncio] Using selector: KqueueSelector
2026-09-19 15:35:25 DEBUG [eta.access] GET /api/export/errors.csv → 200 (3ms)
2026-09-19 15:35:25 DEBUG [asyncio] Using selector: KqueueSelector
2026-09-19 15:35:25 DEBUG [eta.access] POST /api/errors/scan → 200 (4ms)
2026-09-19 15:35:25 DEBUG [asyncio] Using selector: KqueueSelector
2026-09-19 15:35:25 DEBUG [eta.access] POST /api/errors/scan → 400 (1ms)
2026-09-19 15:35:25 DEBUG [asyncio] Using selector: KqueueSelector
2026-09-19 15:35:25 DEBUG [eta.access] POST /api/errors/scan → 200 (4ms)
2026-09-19 15:35:25 DEBUG [asyncio] Using selector: KqueueSelector
2026-09-19 15:35:25 DEBUG [eta.access] POST /api/errors/1/confirm → 400 (2ms)
2026-09-19 15:35:25 DEBUG [asyncio] Using selector: KqueueSelector
2026-09-19 15:35:25 DEBUG [eta.access] POST /api/students/import → 200 (4ms)
2026-09-19 15:35:25 DEBUG [asyncio] Using selector: KqueueSelector
2026-09-19 15:35:25 DEBUG [eta.access] POST /api/errors/scan-batch → 200 (13ms)
2026-09-19 15:35:25 DEBUG [asyncio] Using selector: KqueueSelector
2026-09-19 15:35:25 DEBUG [eta.access] GET /api/errors → 200 (4ms)
2026-09-19 15:35:25 DEBUG [asyncio] Using selector: KqueueSelector
2026-09-19 15:35:25 DEBUG [eta.access] POST /api/students/import → 200 (5ms)
2026-09-19 15:35:25 DEBUG [asyncio] Using selector: KqueueSelector
2026-09-19 15:35:25 DEBUG [eta.access] POST /api/errors/scan-batch → 200 (8ms)
2026-09-19 15:35:25 DEBUG [asyncio] Using selector: KqueueSelector
2026-09-19 15:35:26 DEBUG [eta.access] POST /api/students/import → 200 (3ms)
2026-09-19 15:35:26 DEBUG [asyncio] Using selector: KqueueSelector
2026-09-19 15:35:26 DEBUG [eta.access] POST /api/errors/scan-batch → 200 (5ms)
2026-09-19 15:35:26 DEBUG [asyncio] Using selector: KqueueSelector
2026-09-19 15:35:26 DEBUG [eta.access] POST /api/students/import → 200 (5ms)
2026-09-19 15:35:26 DEBUG [asyncio] Using selector: KqueueSelector
2026-09-19 15:35:26 DEBUG [eta.access] POST /api/errors/scan-photos → 200 (2ms)
2026-09-19 15:35:26 DEBUG [asyncio] Using selector: KqueueSelector
2026-09-19 15:35:26 DEBUG [eta.access] GET /api/errors → 200 (2ms)
2026-09-19 15:35:26 DEBUG [asyncio] Using selector: KqueueSelector
2026-09-19 15:35:26 DEBUG [eta.access] POST /api/errors/scan-photos-submit → 200 (12ms)
2026-09-19 15:35:26 DEBUG [asyncio] Using selector: KqueueSelector
2026-09-19 15:35:26 DEBUG [eta.access] GET /api/errors → 200 (2ms)
2026-09-19 15:35:26 DEBUG [asyncio] Using selector: KqueueSelector
2026-09-19 15:35:26 DEBUG [eta.access] POST /api/errors/scan-photos → 400 (2ms)
2026-09-19 15:35:26 DEBUG [asyncio] Using selector: KqueueSelector
2026-09-19 15:35:26 DEBUG [eta.access] POST /api/errors/scan-photos → 400 (1ms)
2026-09-19 15:35:26 DEBUG [asyncio] Using selector: KqueueSelector
2026-09-19 15:35:26 DEBUG [eta.access] POST /api/errors/scan-photos → 400 (2ms)
2026-09-19 15:35:26 DEBUG [asyncio] Using selector: KqueueSelector
2026-09-19 15:35:26 DEBUG [eta.access] POST /api/errors/scan → 200 (4ms)
2026-09-19 15:35:26 DEBUG [asyncio] Using selector: KqueueSelector
2026-09-19 15:35:26 DEBUG [eta.access] POST /api/errors/scan → 200 (4ms)
2026-09-19 15:35:26 DEBUG [asyncio] Using selector: KqueueSelector
2026-09-19 15:35:26 DEBUG [eta.access] GET /api/errors → 200 (2ms)
2026-09-19 15:35:26 DEBUG [asyncio] Using selector: KqueueSelector
2026-09-19 15:35:26 DEBUG [eta.access] POST /api/errors/confirm-bulk → 200 (4ms)
2026-09-19 15:35:26 DEBUG [asyncio] Using selector: KqueueSelector
2026-09-19 15:35:26 DEBUG [eta.access] GET /api/errors → 200 (2ms)
2026-09-19 15:35:26 DEBUG [asyncio] Using selector: KqueueSelector
2026-09-19 15:35:26 DEBUG [eta.access] POST /api/errors/confirm-bulk → 200 (3ms)
2026-09-19 15:35:26 DEBUG [asyncio] Using selector: KqueueSelector
2026-09-19 15:35:26 DEBUG [eta.access] GET /api/errors → 200 (2ms)
2026-09-19 15:35:26 DEBUG [asyncio] Using selector: KqueueSelector
2026-09-19 15:35:26 DEBUG [eta.access] POST /api/errors/confirm-bulk → 400 (2ms)
2026-09-19 15:35:26 DEBUG [asyncio] Using selector: KqueueSelector
2026-09-19 15:35:26 DEBUG [eta.access] POST /api/students → 200 (5ms)
2026-09-19 15:35:26 DEBUG [asyncio] Using selector: KqueueSelector
2026-09-19 15:35:26 DEBUG [eta.access] POST /api/students → 400 (2ms)
2026-09-19 15:35:26 DEBUG [asyncio] Using selector: KqueueSelector
2026-09-19 15:35:26 DEBUG [eta.access] POST /api/errors/scan → 200 (5ms)
2026-09-19 15:35:26 DEBUG [asyncio] Using selector: KqueueSelector
2026-09-19 15:35:26 DEBUG [eta.access] PUT /api/students/9101 → 200 (4ms)
2026-09-19 15:35:26 DEBUG [asyncio] Using selector: KqueueSelector
2026-09-19 15:35:26 DEBUG [eta.access] GET /api/errors → 200 (2ms)
2026-09-19 15:35:26 DEBUG [asyncio] Using selector: KqueueSelector
2026-09-19 15:35:26 DEBUG [eta.access] POST /api/students → 200 (4ms)
2026-09-19 15:35:26 DEBUG [asyncio] Using selector: KqueueSelector
2026-09-19 15:35:26 DEBUG [eta.access] PUT /api/students/9201 → 400 (3ms)
2026-09-19 15:35:26 DEBUG [asyncio] Using selector: KqueueSelector
2026-09-19 15:35:26 DEBUG [eta.access] DELETE /api/students/9201 → 200 (5ms)
2026-09-19 15:35:26 DEBUG [asyncio] Using selector: KqueueSelector
2026-09-19 15:35:26 DEBUG [eta.access] GET /api/errors → 200 (2ms)
2026-09-19 15:35:26 DEBUG [asyncio] Using selector: KqueueSelector
2026-09-19 15:35:26 DEBUG [eta.access] DELETE /api/students/9201 → 404 (1ms)
2026-09-19 15:35:26 DEBUG [asyncio] Using selector: KqueueSelector
2026-09-19 15:35:26 DEBUG [eta.access] POST /api/students → 200 (4ms)
2026-09-19 15:35:26 DEBUG [asyncio] Using selector: KqueueSelector
2026-09-19 15:35:26 DEBUG [eta.access] POST /api/errors/scan → 200 (5ms)
2026-09-19 15:35:26 DEBUG [asyncio] Using selector: KqueueSelector
2026-09-19 15:35:26 DEBUG [eta.access] DELETE /api/students/9102 → 200 (3ms)
2026-09-19 15:35:26 DEBUG [asyncio] Using selector: KqueueSelector
2026-09-19 15:35:26 DEBUG [eta.access] GET /api/errors → 200 (3ms)
2026-09-19 15:35:26 DEBUG [asyncio] Using selector: KqueueSelector
2026-09-19 15:35:26 DEBUG [eta.access] POST /api/classes → 200 (4ms)
2026-09-19 15:35:26 DEBUG [asyncio] Using selector: KqueueSelector
2026-09-19 15:35:26 DEBUG [eta.access] GET /api/classes → 200 (2ms)
2026-09-19 15:35:26 DEBUG [asyncio] Using selector: KqueueSelector
2026-09-19 15:35:26 DEBUG [eta.access] POST /api/classes → 400 (2ms)
2026-09-19 15:35:26 DEBUG [asyncio] Using selector: KqueueSelector
2026-09-19 15:35:26 DEBUG [eta.access] POST /api/classes → 400 (2ms)
2026-09-19 15:35:26 DEBUG [asyncio] Using selector: KqueueSelector
2026-09-19 15:35:26 DEBUG [eta.access] POST /api/students → 200 (4ms)
2026-09-19 15:35:26 DEBUG [asyncio] Using selector: KqueueSelector
2026-09-19 15:35:26 DEBUG [eta.access] POST /api/errors/scan → 200 (4ms)
2026-09-19 15:35:26 DEBUG [asyncio] Using selector: KqueueSelector
2026-09-19 15:35:26 DEBUG [eta.access] PUT /api/classes/九(1)班 → 200 (4ms)
2026-09-19 15:35:26 DEBUG [asyncio] Using selector: KqueueSelector
2026-09-19 15:35:26 DEBUG [eta.access] GET /api/classes → 200 (2ms)
2026-09-19 15:35:26 DEBUG [asyncio] Using selector: KqueueSelector
2026-09-19 15:35:26 DEBUG [eta.access] GET /api/students → 200 (2ms)
2026-09-19 15:35:26 DEBUG [asyncio] Using selector: KqueueSelector
2026-09-19 15:35:26 DEBUG [eta.access] GET /api/errors → 200 (2ms)
2026-09-19 15:35:26 DEBUG [asyncio] Using selector: KqueueSelector
2026-09-19 15:35:26 DEBUG [eta.access] DELETE /api/classes/九(2)班 → 200 (3ms)
2026-09-19 15:35:26 DEBUG [asyncio] Using selector: KqueueSelector
2026-09-19 15:35:26 DEBUG [eta.access] GET /api/students → 200 (1ms)
2026-09-19 15:35:26 DEBUG [asyncio] Using selector: KqueueSelector
2026-09-19 15:35:26 DEBUG [eta.access] GET /api/errors → 200 (2ms)
2026-09-19 15:35:26 DEBUG [asyncio] Using selector: KqueueSelector
2026-09-19 15:35:26 DEBUG [eta.access] POST /api/classes → 200 (4ms)
2026-09-19 15:35:26 DEBUG [asyncio] Using selector: KqueueSelector
2026-09-19 15:35:26 DEBUG [eta.access] POST /api/classes → 200 (4ms)
2026-09-19 15:35:26 DEBUG [asyncio] Using selector: KqueueSelector
2026-09-19 15:35:26 DEBUG [eta.access] POST /api/students → 200 (4ms)
2026-09-19 15:35:26 DEBUG [asyncio] Using selector: KqueueSelector
2026-09-19 15:35:26 DEBUG [eta.access] PUT /api/classes/九(3)班 → 400 (2ms)
2026-09-19 15:35:26 DEBUG [asyncio] Using selector: KqueueSelector
2026-09-19 15:35:26 DEBUG [eta.access] DELETE /api/classes/九(3)班 → 200 (3ms)
2026-09-19 15:35:26 DEBUG [asyncio] Using selector: KqueueSelector
2026-09-19 15:35:26 DEBUG [eta.access] DELETE /api/classes/九(1)班 → 200 (3ms)
2026-09-19 15:35:26 DEBUG [asyncio] Using selector: KqueueSelector
2026-09-19 15:35:26 DEBUG [eta.access] GET /api/classes → 200 (2ms)
2026-09-19 15:35:26 DEBUG [asyncio] Using selector: KqueueSelector
2026-09-19 15:35:26 DEBUG [eta.access] POST /api/classes → 200 (3ms)
2026-09-19 15:35:26 DEBUG [asyncio] Using selector: KqueueSelector
2026-09-19 15:35:26 DEBUG [eta.access] POST /api/students → 200 (4ms)
2026-09-19 15:35:26 DEBUG [asyncio] Using selector: KqueueSelector
2026-09-19 15:35:26 DEBUG [eta.access] POST /api/errors/scan → 200 (5ms)
2026-09-19 15:35:26 DEBUG [asyncio] Using selector: KqueueSelector
2026-09-19 15:35:26 DEBUG [eta.access] DELETE /api/classes/旧库班 → 200 (4ms)
2026-09-19 15:35:26 DEBUG [asyncio] Using selector: KqueueSelector
2026-09-19 15:35:26 DEBUG [eta.access] POST /api/errors/scan → 200 (5ms)
2026-09-19 15:35:26 DEBUG [asyncio] Using selector: KqueueSelector
2026-09-19 15:35:26 DEBUG [eta.access] POST /api/errors/1/confirm → 200 (4ms)
2026-09-19 15:35:26 DEBUG [asyncio] Using selector: KqueueSelector
2026-09-19 15:35:26 DEBUG [eta.access] POST /api/errors/scan → 200 (4ms)
2026-09-19 15:35:26 DEBUG [asyncio] Using selector: KqueueSelector
2026-09-19 15:35:26 DEBUG [eta.access] POST /api/errors/2/confirm → 200 (4ms)
2026-09-19 15:35:26 DEBUG [asyncio] Using selector: KqueueSelector
2026-09-19 15:35:26 DEBUG [eta.access] POST /api/errors/scan → 200 (4ms)
2026-09-19 15:35:26 DEBUG [asyncio] Using selector: KqueueSelector
2026-09-19 15:35:26 DEBUG [eta.access] POST /api/errors/3/confirm → 200 (4ms)
2026-09-19 15:35:26 DEBUG [asyncio] Using selector: KqueueSelector
2026-09-19 15:35:26 DEBUG [eta.access] POST /api/errors/scan → 200 (5ms)
2026-09-19 15:35:26 DEBUG [asyncio] Using selector: KqueueSelector
2026-09-19 15:35:26 DEBUG [eta.access] POST /api/errors/4/confirm → 200 (4ms)
2026-09-19 15:35:26 DEBUG [asyncio] Using selector: KqueueSelector
2026-09-19 15:35:26 DEBUG [eta.access] POST /api/decision-sheet/ai → 200 (7ms)
2026-09-19 15:35:26 DEBUG [asyncio] Using selector: KqueueSelector
2026-09-19 15:35:26 DEBUG [eta.access] POST /api/decision-sheet/ai → 400 (3ms)
2026-09-19 15:35:26 DEBUG [asyncio] Using selector: KqueueSelector
2026-09-19 15:35:26 DEBUG [eta.access] POST /api/practice/generate → 422 (1ms)
2026-09-19 15:35:26 DEBUG [asyncio] Using selector: KqueueSelector
2026-09-19 15:35:26 DEBUG [eta.access] POST /api/practice/generate → 422 (1ms)
2026-09-19 15:35:26 DEBUG [asyncio] Using selector: KqueueSelector
2026-09-19 15:35:26 DEBUG [eta.access] POST /api/practice/generate → 200 (4ms)
2026-09-19 15:35:26 DEBUG [asyncio] Using selector: KqueueSelector
2026-09-19 15:35:26 DEBUG [eta.access] POST /api/practice/generate → 200 (5ms)
2026-09-19 15:35:26 DEBUG [asyncio] Using selector: KqueueSelector
2026-09-19 15:35:26 DEBUG [eta.access] POST /api/practice/generate → 200 (4ms)
2026-09-19 15:35:26 DEBUG [asyncio] Using selector: KqueueSelector
2026-09-19 15:35:26 DEBUG [eta.access] POST /api/practice/generate → 400 (1ms)
2026-09-19 15:35:26 DEBUG [asyncio] Using selector: KqueueSelector
2026-09-19 15:35:26 DEBUG [eta.access] POST /api/practice/generate → 400 (2ms)
2026-09-19 15:35:26 DEBUG [asyncio] Using selector: KqueueSelector
2026-09-19 15:35:26 DEBUG [eta.access] POST /api/paper/generate → 400 (3ms)
2026-09-19 15:35:26 DEBUG [asyncio] Using selector: KqueueSelector
2026-09-19 15:35:26 DEBUG [eta.access] POST /api/errors/scan → 200 (4ms)
2026-09-19 15:35:26 DEBUG [asyncio] Using selector: KqueueSelector
2026-09-19 15:35:26 DEBUG [eta.access] POST /api/errors/1/confirm → 200 (4ms)
2026-09-19 15:35:26 DEBUG [asyncio] Using selector: KqueueSelector
2026-09-19 15:35:26 DEBUG [eta.access] POST /api/errors/scan → 200 (4ms)
2026-09-19 15:35:26 DEBUG [asyncio] Using selector: KqueueSelector
2026-09-19 15:35:26 DEBUG [eta.access] POST /api/errors/2/confirm → 200 (4ms)
2026-09-19 15:35:26 DEBUG [asyncio] Using selector: KqueueSelector
2026-09-19 15:35:26 DEBUG [eta.access] POST /api/paper/generate → 200 (4ms)
2026-09-19 15:35:26 DEBUG [asyncio] Using selector: KqueueSelector
2026-09-19 15:35:26 DEBUG [eta.access] POST /api/paper/generate → 200 (4ms)
2026-09-19 15:35:26 DEBUG [asyncio] Using selector: KqueueSelector
2026-09-19 15:35:26 DEBUG [eta.access] POST /api/paper/generate → 422 (2ms)
2026-09-19 15:35:26 DEBUG [asyncio] Using selector: KqueueSelector
2026-09-19 15:35:26 DEBUG [eta.access] POST /api/paper/generate → 422 (1ms)
2026-09-19 15:35:26 DEBUG [asyncio] Using selector: KqueueSelector
2026-09-19 15:35:26 DEBUG [eta.access] POST /api/paper/generate → 200 (4ms)
2026-09-19 15:35:26 DEBUG [asyncio] Using selector: KqueueSelector
2026-09-19 15:35:26 DEBUG [eta.access] GET /api/papers → 200 (2ms)
2026-09-19 15:35:26 DEBUG [asyncio] Using selector: KqueueSelector
2026-09-19 15:35:26 DEBUG [eta.access] POST /api/paper/1/approve → 200 (3ms)
2026-09-19 15:35:26 DEBUG [asyncio] Using selector: KqueueSelector
2026-09-19 15:35:26 DEBUG [eta.access] POST /api/paper/1/approve → 404 (2ms)
2026-09-19 15:35:26 DEBUG [asyncio] Using selector: KqueueSelector
2026-09-19 15:35:26 DEBUG [eta.access] GET /api/papers → 200 (2ms)
2026-09-19 15:35:26 DEBUG [asyncio] Using selector: KqueueSelector
2026-09-19 15:35:26 DEBUG [eta.access] POST /api/practice/generate → 200 (3ms)
2026-09-19 15:35:26 DEBUG [asyncio] Using selector: KqueueSelector
2026-09-19 15:35:26 DEBUG [eta.access] GET /api/practices/export → 400 (17ms)
2026-09-19 15:35:26 DEBUG [asyncio] Using selector: KqueueSelector
2026-09-19 15:35:26 DEBUG [eta.access] GET /api/practices/export → 200 (2ms)
2026-09-19 15:35:26 DEBUG [asyncio] Using selector: KqueueSelector
2026-09-19 15:35:26 DEBUG [eta.access] POST /api/practice/1/approve → 200 (3ms)
2026-09-19 15:35:26 DEBUG [asyncio] Using selector: KqueueSelector
2026-09-19 15:35:26 DEBUG [eta.access] GET /api/practices/export → 200 (2ms)
2026-09-19 15:35:26 DEBUG [asyncio] Using selector: KqueueSelector
2026-09-19 15:35:27 DEBUG [eta.access] GET /api/practices/export → 200 (174ms)
2026-09-19 15:35:27 DEBUG [asyncio] Using selector: KqueueSelector
2026-09-19 15:35:27 DEBUG [eta.access] POST /api/practice/generate → 200 (4ms)
2026-09-19 15:35:27 DEBUG [asyncio] Using selector: KqueueSelector
2026-09-19 15:35:27 DEBUG [eta.access] POST /api/practice/2/approve → 200 (3ms)
2026-09-19 15:35:27 DEBUG [asyncio] Using selector: KqueueSelector
2026-09-19 15:35:27 DEBUG [eta.access] GET /api/practices/export → 200 (2ms)
2026-09-19 15:35:27 DEBUG [asyncio] Using selector: KqueueSelector
2026-09-19 15:35:27 DEBUG [eta.access] GET /api/practices/export → 400 (1ms)
2026-09-19 15:35:27 DEBUG [asyncio] Using selector: KqueueSelector
2026-09-19 15:35:27 DEBUG [eta.access] POST /api/errors/scan → 200 (5ms)
2026-09-19 15:35:27 DEBUG [asyncio] Using selector: KqueueSelector
2026-09-19 15:35:27 DEBUG [eta.access] POST /api/errors/1/confirm → 200 (5ms)
2026-09-19 15:35:27 DEBUG [asyncio] Using selector: KqueueSelector
2026-09-19 15:35:27 DEBUG [eta.access] POST /api/errors/scan → 200 (4ms)
2026-09-19 15:35:27 DEBUG [asyncio] Using selector: KqueueSelector
2026-09-19 15:35:27 DEBUG [eta.access] POST /api/errors/2/confirm → 200 (5ms)
2026-09-19 15:35:27 DEBUG [asyncio] Using selector: KqueueSelector
2026-09-19 15:35:27 DEBUG [eta.access] POST /api/paper/generate → 200 (4ms)
2026-09-19 15:35:27 DEBUG [asyncio] Using selector: KqueueSelector
2026-09-19 15:35:27 DEBUG [eta.access] GET /api/papers/1/export → 400 (2ms)
2026-09-19 15:35:27 DEBUG [asyncio] Using selector: KqueueSelector
2026-09-19 15:35:27 DEBUG [eta.access] POST /api/paper/1/approve → 200 (3ms)
2026-09-19 15:35:27 DEBUG [asyncio] Using selector: KqueueSelector
2026-09-19 15:35:27 DEBUG [eta.access] GET /api/papers/1/export → 200 (2ms)
2026-09-19 15:35:27 DEBUG [asyncio] Using selector: KqueueSelector
2026-09-19 15:35:27 DEBUG [eta.access] GET /api/papers/1/export → 200 (35ms)
2026-09-19 15:35:27 DEBUG [asyncio] Using selector: KqueueSelector
2026-09-19 15:35:27 DEBUG [eta.access] GET /api/papers/999/export → 404 (2ms)
2026-09-19 15:35:27 DEBUG [asyncio] Using selector: KqueueSelector
2026-09-19 15:35:27 DEBUG [eta.access] POST /api/classes → 200 (15ms)
2026-09-19 15:35:27 DEBUG [asyncio] Using selector: KqueueSelector
2026-09-19 15:35:27 DEBUG [eta.access] POST /api/students → 200 (3ms)
2026-09-19 15:35:27 DEBUG [asyncio] Using selector: KqueueSelector
2026-09-19 15:35:27 DEBUG [eta.access] POST /api/errors/scan → 200 (5ms)
2026-09-19 15:35:27 DEBUG [asyncio] Using selector: KqueueSelector
2026-09-19 15:35:27 DEBUG [eta.access] POST /api/errors/1/confirm → 200 (5ms)
2026-09-19 15:35:27 DEBUG [asyncio] Using selector: KqueueSelector
2026-09-19 15:35:27 DEBUG [eta.access] POST /api/errors/scan → 200 (5ms)
2026-09-19 15:35:27 DEBUG [asyncio] Using selector: KqueueSelector
2026-09-19 15:35:27 DEBUG [eta.access] POST /api/errors/2/confirm → 200 (4ms)
2026-09-19 15:35:27 DEBUG [asyncio] Using selector: KqueueSelector
2026-09-19 15:35:27 DEBUG [eta.access] POST /api/errors/scan → 200 (6ms)
2026-09-19 15:35:27 DEBUG [asyncio] Using selector: KqueueSelector
2026-09-19 15:35:27 DEBUG [eta.access] POST /api/errors/3/confirm → 200 (4ms)
2026-09-19 15:35:27 DEBUG [asyncio] Using selector: KqueueSelector
2026-09-19 15:35:27 DEBUG [eta.access] POST /api/errors/scan → 200 (5ms)
2026-09-19 15:35:27 DEBUG [asyncio] Using selector: KqueueSelector
2026-09-19 15:35:27 DEBUG [eta.access] POST /api/errors/4/confirm → 200 (5ms)
2026-09-19 15:35:27 DEBUG [asyncio] Using selector: KqueueSelector
2026-09-19 15:35:27 DEBUG [eta.access] POST /api/errors/scan → 200 (5ms)
2026-09-19 15:35:27 DEBUG [asyncio] Using selector: KqueueSelector
2026-09-19 15:35:27 DEBUG [eta.access] POST /api/errors/5/confirm → 200 (4ms)
2026-09-19 15:35:27 DEBUG [asyncio] Using selector: KqueueSelector
2026-09-19 15:35:27 DEBUG [eta.access] GET /api/decision-sheet/export → 200 (5ms)
2026-09-19 15:35:27 DEBUG [asyncio] Using selector: KqueueSelector
2026-09-19 15:35:27 DEBUG [eta.access] GET /api/decision-sheet/export → 200 (43ms)
2026-09-19 15:35:27 DEBUG [asyncio] Using selector: KqueueSelector
2026-09-19 15:35:27 DEBUG [eta.access] POST /api/students/import → 200 (4ms)
2026-09-19 15:35:27 DEBUG [asyncio] Using selector: KqueueSelector
2026-09-19 15:35:27 DEBUG [eta.access] POST /api/errors/scan → 200 (5ms)
2026-09-19 15:35:27 DEBUG [asyncio] Using selector: KqueueSelector
2026-09-19 15:35:27 DEBUG [eta.access] POST /api/errors/1/confirm → 200 (5ms)
2026-09-19 15:35:27 DEBUG [asyncio] Using selector: KqueueSelector
2026-09-19 15:35:27 DEBUG [eta.access] POST /api/errors/scan → 200 (5ms)
2026-09-19 15:35:27 DEBUG [asyncio] Using selector: KqueueSelector
2026-09-19 15:35:27 DEBUG [eta.access] POST /api/errors/2/confirm → 200 (5ms)
2026-09-19 15:35:27 DEBUG [asyncio] Using selector: KqueueSelector
2026-09-19 15:35:27 INFO [eta.export] 导出学生综合信息：2 名学生（class=九(1)班）
2026-09-19 15:35:27 DEBUG [eta.access] GET /api/students/export.csv → 200 (5ms)
2026-09-19 15:35:27 DEBUG [asyncio] Using selector: KqueueSelector
2026-09-19 15:35:27 DEBUG [eta.access] POST /api/check/dictation → 200 (12ms)
2026-09-19 15:35:27 DEBUG [asyncio] Using selector: KqueueSelector
2026-09-19 15:35:27 DEBUG [eta.access] GET /api/errors → 200 (2ms)
2026-09-19 15:35:27 DEBUG [asyncio] Using selector: KqueueSelector
2026-09-19 15:35:27 DEBUG [eta.access] GET /api/check/sessions → 200 (2ms)
2026-09-19 15:35:27 DEBUG [asyncio] Using selector: KqueueSelector
2026-09-19 15:35:27 DEBUG [eta.access] GET /api/check/sessions/1 → 200 (2ms)
2026-09-19 15:35:27 DEBUG [asyncio] Using selector: KqueueSelector
2026-09-19 15:35:27 DEBUG [eta.access] POST /api/check/assignment → 200 (12ms)
2026-09-19 15:35:27 DEBUG [asyncio] Using selector: KqueueSelector
2026-09-19 15:35:27 DEBUG [eta.access] GET /api/errors → 200 (2ms)
2026-09-19 15:35:27 DEBUG [asyncio] Using selector: KqueueSelector
2026-09-19 15:35:27 DEBUG [eta.access] POST /api/check/assignment → 200 (10ms)
2026-09-19 15:35:27 DEBUG [asyncio] Using selector: KqueueSelector
2026-09-19 15:35:27 DEBUG [eta.access] GET /api/errors → 200 (3ms)
2026-09-19 15:35:27 DEBUG [asyncio] Using selector: KqueueSelector
2026-09-19 15:35:27 DEBUG [eta.access] POST /api/check/assignment → 200 (4ms)
2026-09-19 15:35:27 DEBUG [asyncio] Using selector: KqueueSelector
2026-09-19 15:35:27 DEBUG [eta.access] POST /api/check/assignment → 200 (13ms)
2026-09-19 15:35:27 DEBUG [asyncio] Using selector: KqueueSelector
2026-09-19 15:35:27 DEBUG [eta.access] POST /api/check/dictation → 400 (1ms)
2026-09-19 15:35:27 DEBUG [asyncio] Using selector: KqueueSelector
2026-09-19 15:35:27 DEBUG [eta.access] POST /api/check/assignment → 400 (2ms)
2026-09-19 15:35:27 DEBUG [asyncio] Using selector: KqueueSelector
2026-09-19 15:35:27 DEBUG [eta.access] GET /api/check/sessions/999999 → 404 (2ms)
2026-09-19 15:35:27 DEBUG [asyncio] Using selector: KqueueSelector
2026-09-19 15:35:27 DEBUG [eta.access] POST /api/check/dictation → 200 (4ms)
2026-09-19 15:35:27 DEBUG [asyncio] Using selector: KqueueSelector
2026-09-19 15:35:27 DEBUG [eta.access] PATCH /api/check/sessions/1 → 200 (4ms)
2026-09-19 15:35:27 DEBUG [asyncio] Using selector: KqueueSelector
2026-09-19 15:35:27 DEBUG [eta.access] GET /api/check/sessions → 200 (2ms)
2026-09-19 15:35:27 DEBUG [asyncio] Using selector: KqueueSelector
2026-09-19 15:35:27 DEBUG [eta.access] POST /api/students/import → 200 (5ms)
2026-09-19 15:35:27 DEBUG [asyncio] Using selector: KqueueSelector
2026-09-19 15:35:27 DEBUG [eta.access] POST /api/check/read-papers → 200 (2ms)
2026-09-19 15:35:27 DEBUG [asyncio] Using selector: KqueueSelector
2026-09-19 15:35:27 WARNING [eta.services.papers] 读纸 OCR 失败（第 1 张）：未配置
2026-09-19 15:35:27 DEBUG [eta.access] POST /api/check/read-papers → 200 (2ms)
2026-09-19 15:35:27 DEBUG [asyncio] Using selector: KqueueSelector
2026-09-19 15:35:27 DEBUG [eta.access] POST /api/students/import → 200 (4ms)
2026-09-19 15:35:27 DEBUG [asyncio] Using selector: KqueueSelector
2026-09-19 15:35:27 DEBUG [eta.access] POST /api/check/dictation → 200 (7ms)
2026-09-19 15:35:27 DEBUG [asyncio] Using selector: KqueueSelector
2026-09-19 15:35:27 DEBUG [eta.access] GET /api/check/sessions/1/export → 200 (3ms)
2026-09-19 15:35:27 DEBUG [asyncio] Using selector: KqueueSelector
2026-09-19 15:35:27 DEBUG [eta.access] GET /api/check/sessions/999999/export → 404 (3ms)
2026-09-19 15:35:28 DEBUG [asyncio] Using selector: KqueueSelector
2026-09-19 15:35:28 DEBUG [eta.access] POST /api/students → 200 (4ms)
2026-09-19 15:35:28 DEBUG [asyncio] Using selector: KqueueSelector
2026-09-19 15:35:28 DEBUG [eta.access] POST /api/students → 200 (4ms)
2026-09-19 15:35:28 DEBUG [asyncio] Using selector: KqueueSelector
2026-09-19 15:35:28 DEBUG [eta.access] POST /api/students → 200 (4ms)
2026-09-19 15:35:28 DEBUG [asyncio] Using selector: KqueueSelector
2026-09-19 15:35:28 DEBUG [eta.access] POST /api/students → 200 (5ms)
2026-09-19 15:35:28 DEBUG [asyncio] Using selector: KqueueSelector
2026-09-19 15:35:28 DEBUG [eta.access] POST /api/students → 200 (4ms)
2026-09-19 15:35:28 DEBUG [asyncio] Using selector: KqueueSelector
2026-09-19 15:35:28 DEBUG [eta.access] POST /api/students → 200 (4ms)
2026-09-19 15:35:28 DEBUG [asyncio] Using selector: KqueueSelector
2026-09-19 15:35:28 DEBUG [eta.access] POST /api/students/S01/cleanup → 200 (6ms)
2026-09-19 15:35:28 DEBUG [asyncio] Using selector: KqueueSelector
2026-09-19 15:35:28 DEBUG [eta.access] GET /api/students/S01/profile → 200 (2ms)
2026-09-19 15:35:28 DEBUG [asyncio] Using selector: KqueueSelector
2026-09-19 15:35:28 DEBUG [eta.access] POST /api/students/S01/cleanup → 200 (5ms)
2026-09-19 15:35:28 DEBUG [asyncio] Using selector: KqueueSelector
2026-09-19 15:35:28 DEBUG [eta.access] GET /api/students/S01/profile → 200 (2ms)
2026-09-19 15:35:28 DEBUG [asyncio] Using selector: KqueueSelector
2026-09-19 15:35:28 DEBUG [eta.access] POST /api/students → 200 (4ms)
2026-09-19 15:35:28 DEBUG [asyncio] Using selector: KqueueSelector
2026-09-19 15:35:28 DEBUG [eta.access] POST /api/students → 200 (4ms)
2026-09-19 15:35:28 DEBUG [asyncio] Using selector: KqueueSelector
2026-09-19 15:35:28 DEBUG [eta.access] POST /api/students/S01/cleanup → 200 (3ms)
2026-09-19 15:35:28 DEBUG [asyncio] Using selector: KqueueSelector
2026-09-19 15:35:28 DEBUG [eta.access] POST /api/students → 200 (3ms)
2026-09-19 15:35:28 DEBUG [asyncio] Using selector: KqueueSelector
2026-09-19 15:35:28 DEBUG [eta.access] POST /api/students → 200 (5ms)
2026-09-19 15:35:28 DEBUG [asyncio] Using selector: KqueueSelector
2026-09-19 15:35:28 DEBUG [eta.access] POST /api/students/S01/cleanup → 200 (4ms)
2026-09-19 15:35:28 DEBUG [asyncio] Using selector: KqueueSelector
2026-09-19 15:35:28 DEBUG [eta.access] POST /api/students → 200 (4ms)
2026-09-19 15:35:28 DEBUG [asyncio] Using selector: KqueueSelector
2026-09-19 15:35:28 DEBUG [eta.access] POST /api/students → 200 (4ms)
2026-09-19 15:35:28 DEBUG [asyncio] Using selector: KqueueSelector
2026-09-19 15:35:28 DEBUG [eta.access] POST /api/students/S01/cleanup → 200 (4ms)
2026-09-19 15:35:28 DEBUG [asyncio] Using selector: KqueueSelector
2026-09-19 15:35:28 DEBUG [eta.access] POST /api/students → 200 (4ms)
2026-09-19 15:35:28 DEBUG [asyncio] Using selector: KqueueSelector
2026-09-19 15:35:28 DEBUG [eta.access] POST /api/students/P01/cleanup → 400 (3ms)
2026-09-19 15:35:28 DEBUG [asyncio] Using selector: KqueueSelector
2026-09-19 15:35:28 DEBUG [eta.access] POST /api/students/P01/cleanup → 400 (2ms)
2026-09-19 15:35:28 DEBUG [asyncio] Using selector: KqueueSelector
2026-09-19 15:35:28 DEBUG [eta.access] POST /api/students/NOPE/cleanup → 404 (3ms)
2026-09-19 15:35:28 DEBUG [asyncio] Using selector: KqueueSelector
2026-09-19 15:35:28 DEBUG [eta.access] POST /api/students → 200 (3ms)
2026-09-19 15:35:28 DEBUG [asyncio] Using selector: KqueueSelector
2026-09-19 15:35:28 DEBUG [eta.access] POST /api/students/V01/cleanup → 400 (2ms)
2026-09-19 15:35:28 WARNING [eta.ocr] dual 文档流 mineru 通道失败（降级继续）：MinerU 链路抖动
2026-09-19 15:35:28 WARNING [eta.ocr] dual 文档流 mineru 通道失败（降级继续）：down
2026-09-19 15:35:28 WARNING [eta.ocr] dual 文档流 paddleocr 通道失败（降级继续）：down
2026-09-19 15:35:29 DEBUG [asyncio] Using selector: KqueueSelector
2026-09-19 15:35:29 DEBUG [eta.access] GET /api/logs/files → 200 (5ms)
2026-09-19 15:35:29 DEBUG [asyncio] Using selector: KqueueSelector
2026-09-19 15:35:29 DEBUG [eta.access] GET /api/logs/view → 200 (2ms)
2026-09-19 15:35:29 DEBUG [asyncio] Using selector: KqueueSelector
2026-09-19 15:35:29 DEBUG [eta.access] GET /api/logs/download → 200 (2ms)
2026-09-19 15:35:29 DEBUG [asyncio] Using selector: KqueueSelector
2026-09-19 15:35:29 DEBUG [eta.access] GET /api/logs/view → 400 (1ms)
2026-09-19 15:35:29 DEBUG [asyncio] Using selector: KqueueSelector
2026-09-19 15:35:29 DEBUG [eta.access] GET /api/logs/view → 400 (1ms)
2026-09-19 15:35:29 DEBUG [asyncio] Using selector: KqueueSelector
2026-09-19 15:35:29 DEBUG [eta.access] GET /api/logs/view → 400 (1ms)
2026-09-19 15:35:29 DEBUG [asyncio] Using selector: KqueueSelector
2026-09-19 15:35:29 DEBUG [eta.access] GET /api/logs/view → 400 (1ms)
2026-09-19 15:35:29 DEBUG [asyncio] Using selector: KqueueSelector
2026-09-19 15:35:29 DEBUG [eta.access] GET /api/logs/view → 400 (1ms)
2026-09-19 15:35:29 DEBUG [asyncio] Using selector: KqueueSelector
2026-09-19 15:35:29 DEBUG [eta.access] GET /api/logs/view → 404 (1ms)
2026-09-19 15:35:29 DEBUG [asyncio] Using selector: KqueueSelector
2026-09-19 15:35:29 ERROR [eta.logs] 浏览器 [ERROR] 页面=#/scan 页面脚本错误
at boot
2026-09-19 15:35:29 DEBUG [eta.access] POST /api/logs/client → 200 (3ms)
2026-09-19 15:35:29 INFO [eta.ocr] MinerU batch=b1 创建，上传图片 (5 bytes)
2026-09-19 15:35:30 WARNING [eta.trace] 运行留痕写入失败：[Errno 20] Not a directory: '/private/var/folders/sh/v4ws268d63928m_6n_jzds6m0000gn/T/pytest-of-zbloom/pytest-6/test_record_never_raises_on_io0/blocker/sub'
2026-09-19 15:35:30 DEBUG [asyncio] Using selector: KqueueSelector
2026-09-19 15:35:30 DEBUG [eta.access] POST /api/check/organize-upload → 200 (2ms)
2026-09-19 15:35:30 DEBUG [asyncio] Using selector: KqueueSelector
2026-09-19 15:35:30 DEBUG [eta.access] POST /api/check/organize-upload → 200 (1ms)
2026-09-19 15:35:30 DEBUG [asyncio] Using selector: KqueueSelector
2026-09-19 15:35:30 DEBUG [eta.access] POST /api/check/organize-upload → 400 (2ms)
2026-09-19 15:35:30 DEBUG [asyncio] Using selector: KqueueSelector
2026-09-19 15:35:30 DEBUG [eta.access] POST /api/students/import → 200 (4ms)
2026-09-19 15:35:30 DEBUG [asyncio] Using selector: KqueueSelector
2026-09-19 15:35:30 DEBUG [eta.access] POST /api/check/photo-parse → 200 (4ms)
2026-09-19 15:35:30 DEBUG [asyncio] Using selector: KqueueSelector
2026-09-19 15:35:30 DEBUG [eta.access] POST /api/check/photo-parse → 200 (2ms)
2026-09-19 15:35:30 DEBUG [asyncio] Using selector: KqueueSelector
2026-09-19 15:35:30 DEBUG [eta.access] POST /api/check/photo-parse → 200 (3ms)
2026-09-19 15:35:30 DEBUG [asyncio] Using selector: KqueueSelector
2026-09-19 15:35:30 WARNING [eta.services.photo_check] 批改读图失败（张三/bad.jpg）：识别失败
2026-09-19 15:35:30 DEBUG [eta.access] POST /api/check/photo-parse → 200 (2ms)
2026-09-19 15:35:30 DEBUG [asyncio] Using selector: KqueueSelector
2026-09-19 15:35:30 DEBUG [eta.access] POST /api/check/photo-parse → 422 (2ms)
2026-09-19 15:35:30 DEBUG [asyncio] Using selector: KqueueSelector
2026-09-19 15:35:30 DEBUG [eta.access] POST /api/students/import → 200 (3ms)
2026-09-19 15:35:30 DEBUG [asyncio] Using selector: KqueueSelector
2026-09-19 15:35:30 DEBUG [eta.access] POST /api/check/assignment → 200 (9ms)
2026-09-19 15:35:30 DEBUG [asyncio] Using selector: KqueueSelector
2026-09-19 15:35:30 DEBUG [eta.access] GET /api/errors → 200 (2ms)
2026-09-19 15:35:30 DEBUG [asyncio] Using selector: KqueueSelector
2026-09-19 15:35:30 DEBUG [eta.access] GET /api/check/sessions/1/files → 200 (3ms)
2026-09-19 15:35:30 DEBUG [asyncio] Using selector: KqueueSelector
2026-09-19 15:35:30 DEBUG [eta.access] GET /api/check/sessions → 200 (2ms)
2026-09-19 15:35:30 DEBUG [asyncio] Using selector: KqueueSelector
2026-09-19 15:35:30 DEBUG [eta.access] POST /api/check/assignment → 200 (8ms)
2026-09-19 15:35:30 DEBUG [asyncio] Using selector: KqueueSelector
2026-09-19 15:35:30 DEBUG [eta.access] GET /api/check/sessions/1 → 200 (3ms)
2026-09-19 15:35:30 DEBUG [asyncio] Using selector: KqueueSelector
2026-09-19 15:35:30 DEBUG [eta.access] POST /api/students/import → 200 (4ms)
2026-09-19 15:35:30 DEBUG [asyncio] Using selector: KqueueSelector
2026-09-19 15:35:30 DEBUG [eta.access] POST /api/check/assignment → 200 (8ms)
2026-09-19 15:35:30 DEBUG [asyncio] Using selector: KqueueSelector
2026-09-19 15:35:30 DEBUG [eta.access] POST /api/students/import → 200 (4ms)
2026-09-19 15:35:30 DEBUG [asyncio] Using selector: KqueueSelector
2026-09-19 15:35:30 DEBUG [eta.access] POST /api/check/assignment → 200 (8ms)
2026-09-19 15:35:30 DEBUG [asyncio] Using selector: KqueueSelector
2026-09-19 15:35:30 DEBUG [eta.access] GET /api/check/sessions → 200 (4ms)
2026-09-19 15:35:30 DEBUG [asyncio] Using selector: KqueueSelector
2026-09-19 15:35:30 DEBUG [eta.access] GET /api/check/sessions → 200 (2ms)
2026-09-19 15:35:30 DEBUG [asyncio] Using selector: KqueueSelector
2026-09-19 15:35:30 DEBUG [eta.access] POST /api/students/import → 200 (4ms)
2026-09-19 15:35:30 DEBUG [asyncio] Using selector: KqueueSelector
2026-09-19 15:35:30 DEBUG [eta.access] POST /api/check/assignment → 200 (8ms)
2026-09-19 15:35:30 DEBUG [asyncio] Using selector: KqueueSelector
2026-09-19 15:35:30 DEBUG [eta.access] GET /api/check/sessions/1/files → 200 (2ms)
2026-09-19 15:35:30 DEBUG [asyncio] Using selector: KqueueSelector
2026-09-19 15:35:30 DEBUG [eta.access] DELETE /api/check/sessions/1 → 200 (3ms)
2026-09-19 15:35:30 DEBUG [asyncio] Using selector: KqueueSelector
2026-09-19 15:35:30 DEBUG [eta.access] GET /api/check/sessions/1 → 404 (2ms)
2026-09-19 15:35:30 DEBUG [asyncio] Using selector: KqueueSelector
2026-09-19 15:35:30 DEBUG [eta.access] GET /api/check/sessions/1/files → 404 (2ms)
2026-09-19 15:35:30 DEBUG [asyncio] Using selector: KqueueSelector
2026-09-19 15:35:30 DEBUG [eta.access] GET /api/errors → 200 (2ms)
2026-09-19 15:35:30 DEBUG [asyncio] Using selector: KqueueSelector
2026-09-19 15:35:30 DEBUG [eta.access] POST /api/students/import → 200 (3ms)
2026-09-19 15:35:30 DEBUG [asyncio] Using selector: KqueueSelector
2026-09-19 15:35:30 DEBUG [eta.access] POST /api/check/assignment → 200 (8ms)
2026-09-19 15:35:30 DEBUG [asyncio] Using selector: KqueueSelector
2026-09-19 15:35:30 DEBUG [eta.access] DELETE /api/check/sessions/2 → 200 (3ms)
2026-09-19 15:35:30 DEBUG [asyncio] Using selector: KqueueSelector
2026-09-19 15:35:30 DEBUG [eta.access] GET /api/errors → 200 (2ms)
2026-09-19 15:35:30 DEBUG [asyncio] Using selector: KqueueSelector
2026-09-19 15:35:30 DEBUG [eta.access] DELETE /api/check/sessions/999999 → 404 (2ms)
2026-09-19 15:35:30 DEBUG [asyncio] Using selector: KqueueSelector
2026-09-19 15:35:30 DEBUG [eta.access] POST /api/students/import → 200 (4ms)
2026-09-19 15:35:30 DEBUG [asyncio] Using selector: KqueueSelector
2026-09-19 15:35:30 DEBUG [eta.access] POST /api/check/photo-parse → 200 (3ms)
2026-09-19 15:35:30 DEBUG [asyncio] Using selector: KqueueSelector
2026-09-19 15:35:30 DEBUG [eta.access] POST /api/check/photo-parse → 200 (2ms)
2026-09-19 15:35:30 DEBUG [asyncio] Using selector: KqueueSelector
2026-09-19 15:35:30 DEBUG [eta.access] POST /api/check/md-reparse → 200 (3ms)
2026-09-19 15:35:30 DEBUG [asyncio] Using selector: KqueueSelector
2026-09-19 15:35:30 DEBUG [eta.access] POST /api/check/md-reparse → 400 (1ms)
2026-09-19 15:35:30 DEBUG [asyncio] Using selector: KqueueSelector
2026-09-19 15:35:30 DEBUG [eta.access] POST /api/students/import → 200 (4ms)
2026-09-19 15:35:30 DEBUG [asyncio] Using selector: KqueueSelector
2026-09-19 15:35:30 DEBUG [eta.access] POST /api/check/assignment → 200 (4ms)
2026-09-19 15:35:30 DEBUG [asyncio] Using selector: KqueueSelector
2026-09-19 15:35:30 DEBUG [eta.access] POST /api/students/import → 200 (4ms)
2026-09-19 15:35:30 DEBUG [asyncio] Using selector: KqueueSelector
2026-09-19 15:35:30 DEBUG [eta.access] POST /api/check/assignment → 200 (4ms)
2026-09-19 15:35:30 DEBUG [asyncio] Using selector: KqueueSelector
2026-09-19 15:35:30 DEBUG [eta.access] GET /api/check/sessions → 200 (2ms)
2026-09-19 15:35:30 DEBUG [asyncio] Using selector: KqueueSelector
2026-09-19 15:35:30 DEBUG [eta.access] GET /api/check/sessions → 200 (2ms)
2026-09-19 15:35:30 DEBUG [asyncio] Using selector: KqueueSelector
2026-09-19 15:35:30 DEBUG [eta.access] GET /api/check/sessions → 200 (2ms)
2026-09-19 15:35:32 INFO [eta] 日志已就绪：目录 runtime/logs（按天轮转，保留 14 天，终端级别 INFO / 文件级别 DEBUG）
2026-09-19 15:35:32 DEBUG [asyncio] Using selector: KqueueSelector
2026-09-19 15:35:32 INFO [eta.main] ════════ 系统启动 ════════
2026-09-19 15:35:32 DEBUG [eta.access] GET /api/health → 200 (90ms)
2026-09-19 15:35:33 DEBUG [eta.access] GET / → 200 (34ms)
2026-09-19 15:35:33 DEBUG [eta.access] GET /static/css/style.css → 200 (33ms)
2026-09-19 15:35:33 DEBUG [eta.access] GET /static/js/base.js → 200 (30ms)
2026-09-19 15:35:33 DEBUG [eta.access] GET /static/js/entry.js → 200 (27ms)
2026-09-19 15:35:33 DEBUG [eta.access] GET /static/js/lesson.js → 200 (27ms)
2026-09-19 15:35:33 DEBUG [eta.access] GET /static/js/confirm.js → 200 (29ms)
2026-09-19 15:35:33 DEBUG [eta.access] GET /static/js/analysis.js → 200 (30ms)
2026-09-19 15:35:33 DEBUG [eta.access] GET /static/js/grading.js → 200 (18ms)
2026-09-19 15:35:33 DEBUG [eta.access] GET /static/js/router.js → 200 (18ms)
2026-09-19 15:35:33 DEBUG [eta.access] GET /static/js/students.js → 200 (26ms)
2026-09-19 15:35:33 DEBUG [eta.access] GET /api/ontology → 200 (13ms)
2026-09-19 15:35:33 DEBUG [eta.access] GET /api/classes → 200 (5ms)
2026-09-19 15:35:33 DEBUG [eta.access] GET /api/students → 200 (4ms)
2026-09-19 15:35:33 DEBUG [eta.access] GET /api/check/sessions → 200 (8ms)
2026-09-19 15:35:50 DEBUG [eta.access] GET /api/students → 200 (16ms)
2026-09-19 15:35:55 DEBUG [eta.access] GET /api/students/92001/profile → 200 (19ms)
2026-09-19 15:36:20 DEBUG [eta.access] GET /api/students → 200 (3ms)
2026-09-19 15:36:20 DEBUG [eta.access] GET /api/errors/tags → 200 (7ms)
2026-09-19 15:36:22 DEBUG [eta.access] GET /api/errors → 200 (9ms)
2026-09-19 15:36:24 DEBUG [eta.access] GET /api/errors → 200 (19ms)
2026-09-19 15:36:31 DEBUG [eta.access] GET /api/decision-sheet → 200 (25ms)
2026-09-19 15:36:33 DEBUG [eta.access] GET /api/students → 200 (3ms)
2026-09-19 15:36:36 DEBUG [eta.access] GET /api/students → 200 (20ms)
2026-09-19 15:36:36 DEBUG [eta.access] GET /api/check/sessions → 200 (2ms)
2026-09-19 15:36:48 DEBUG [eta.access] GET /api/students → 200 (3ms)
2026-09-19 15:36:48 DEBUG [eta.access] GET /api/check/sessions → 200 (3ms)
2026-09-19 15:39:25 DEBUG [eta.access] GET /api/students → 200 (3ms)
2026-09-19 15:39:25 DEBUG [eta.access] GET /api/errors/tags → 200 (4ms)
2026-09-19 15:39:33 DEBUG [eta.access] GET /api/errors → 200 (7ms)
2026-09-19 15:39:37 DEBUG [eta.access] GET /api/errors → 200 (21ms)
2026-09-19 15:39:39 DEBUG [eta.access] GET /api/dashboard → 200 (21ms)
2026-09-19 15:39:41 DEBUG [eta.access] GET /api/trends/categories → 200 (15ms)
2026-09-19 15:39:41 DEBUG [eta.access] GET /api/errors → 200 (22ms)
2026-09-19 15:39:41 DEBUG [eta.access] GET /api/students → 200 (2ms)
2026-09-19 15:39:42 DEBUG [eta.access] GET /api/dashboard → 200 (11ms)
2026-09-19 15:39:44 DEBUG [eta.access] GET /api/dashboard → 200 (9ms)
2026-09-19 15:39:47 DEBUG [eta.access] GET /api/dashboard → 200 (33ms)
2026-09-19 15:40:01 DEBUG [eta.access] GET /api/dashboard → 200 (21ms)
2026-09-19 15:40:06 DEBUG [eta.access] GET /api/dashboard → 200 (24ms)
2026-09-19 15:40:11 DEBUG [eta.access] GET /api/trends/categories → 200 (18ms)
2026-09-19 15:40:11 DEBUG [eta.access] GET /api/errors → 200 (24ms)
2026-09-19 15:40:11 DEBUG [eta.access] GET /api/students → 200 (2ms)
2026-09-19 15:40:13 DEBUG [eta.access] GET /api/trends/categories → 200 (4ms)
2026-09-19 15:40:13 DEBUG [eta.access] GET /api/errors → 200 (22ms)
2026-09-19 15:40:13 DEBUG [eta.access] GET /api/students → 200 (2ms)
2026-09-19 15:40:13 DEBUG [eta.access] GET /api/trends/categories → 200 (4ms)
2026-09-19 15:40:14 DEBUG [eta.access] GET /api/errors → 200 (22ms)
2026-09-19 15:40:14 DEBUG [eta.access] GET /api/students → 200 (2ms)
2026-09-19 15:40:15 DEBUG [eta.access] GET /api/trends/categories → 200 (5ms)
2026-09-19 15:40:15 DEBUG [eta.access] GET /api/errors → 200 (21ms)
2026-09-19 15:40:15 DEBUG [eta.access] GET /api/students → 200 (2ms)
2026-09-19 15:40:16 DEBUG [eta.access] GET /api/trends/categories → 200 (5ms)
2026-09-19 15:40:16 DEBUG [eta.access] GET /api/errors → 200 (27ms)
2026-09-19 15:40:16 DEBUG [eta.access] GET /api/students → 200 (3ms)
2026-09-19 15:40:16 DEBUG [eta.access] GET /api/trends/categories → 200 (4ms)
2026-09-19 15:40:16 DEBUG [eta.access] GET /api/errors → 200 (24ms)
2026-09-19 15:40:16 DEBUG [eta.access] GET /api/students → 200 (2ms)
2026-09-19 15:40:18 DEBUG [eta.access] GET /api/trends/categories → 200 (5ms)
2026-09-19 15:40:18 DEBUG [eta.access] GET /api/errors → 200 (27ms)
2026-09-19 15:40:18 DEBUG [eta.access] GET /api/students → 200 (2ms)
2026-09-19 15:40:25 DEBUG [eta.access] GET /api/trends/categories → 200 (5ms)
2026-09-19 15:40:25 DEBUG [eta.access] GET /api/errors → 200 (22ms)
2026-09-19 15:40:25 DEBUG [eta.access] GET /api/students → 200 (3ms)
2026-09-19 15:40:25 DEBUG [eta.access] GET /api/trends/categories → 200 (6ms)
2026-09-19 15:40:25 DEBUG [eta.access] GET /api/errors → 200 (24ms)
2026-09-19 15:40:25 DEBUG [eta.access] GET /api/students → 200 (3ms)
2026-09-19 15:40:26 DEBUG [eta.access] GET /api/dashboard → 200 (11ms)
2026-09-19 15:40:48 DEBUG [eta.access] GET /api/errors → 200 (38ms)
2026-09-19 15:40:48 DEBUG [eta.access] GET /api/dashboard → 200 (55ms)
2026-09-19 15:41:25 DEBUG [eta.access] GET /api/trends/categories → 200 (66ms)
2026-09-19 15:41:25 DEBUG [eta.access] GET /api/errors → 200 (29ms)
2026-09-19 15:41:25 DEBUG [eta.access] GET /api/students → 200 (3ms)
2026-09-19 15:41:29 DEBUG [eta.access] GET /api/dashboard → 200 (17ms)
2026-09-19 15:41:45 DEBUG [eta.access] GET /api/errors → 200 (33ms)
2026-09-19 15:41:53 DEBUG [eta.access] GET /api/errors → 200 (22ms)
2026-09-19 15:41:54 DEBUG [eta.access] GET /api/errors → 200 (19ms)
2026-09-19 15:41:55 DEBUG [eta.access] GET /api/dashboard → 200 (25ms)
2026-09-19 15:41:57 DEBUG [eta.access] GET /api/errors → 200 (37ms)
2026-09-19 15:41:58 DEBUG [eta.access] GET /api/dashboard → 200 (22ms)
2026-09-19 15:41:59 DEBUG [eta.access] GET /api/errors → 200 (23ms)
2026-09-19 15:42:00 DEBUG [eta.access] GET /api/dashboard → 200 (41ms)
2026-09-19 15:42:32 DEBUG [eta.access] GET /api/errors → 200 (53ms)
2026-09-19 15:42:33 DEBUG [eta.access] GET /api/students → 200 (2ms)
2026-09-19 15:42:33 DEBUG [eta.access] GET /api/errors/tags → 200 (4ms)
2026-09-19 15:42:34 DEBUG [eta.access] GET /api/dashboard → 200 (11ms)
2026-09-19 15:42:35 DEBUG [eta.access] GET /api/errors → 200 (71ms)
2026-09-19 15:43:15 DEBUG [eta.access] GET /api/dashboard → 200 (21ms)
2026-09-19 15:46:43 INFO [eta.main] ════════ 系统停止 ════════
2026-09-19 16:09:14 INFO [eta] 日志已就绪：目录 runtime/logs（按天轮转，保留 14 天，终端级别 INFO / 文件级别 DEBUG）
2026-09-19 16:09:14 DEBUG [asyncio] Using selector: KqueueSelector
2026-09-19 16:09:15 DEBUG [eta.access] GET /api/errors/batches → 200 (36ms)
2026-09-19 16:09:15 DEBUG [asyncio] Using selector: KqueueSelector
2026-09-19 16:09:15 DEBUG [eta.access] GET /api/errors/batches → 200 (3ms)
2026-09-19 16:09:15 DEBUG [asyncio] Using selector: KqueueSelector
2026-09-19 16:09:15 DEBUG [eta.access] GET /api/decision-sheet → 200 (10ms)
2026-09-19 16:09:15 DEBUG [asyncio] Using selector: KqueueSelector
2026-09-19 16:09:15 DEBUG [eta.access] GET /api/decision-sheet → 200 (5ms)
2026-09-19 16:09:15 DEBUG [asyncio] Using selector: KqueueSelector
2026-09-19 16:09:15 DEBUG [eta.access] GET /api/dashboard → 200 (6ms)
2026-09-19 16:09:15 DEBUG [asyncio] Using selector: KqueueSelector
2026-09-19 16:09:15 DEBUG [eta.access] GET /api/dashboard → 200 (12ms)
2026-09-19 16:09:15 DEBUG [asyncio] Using selector: KqueueSelector
2026-09-19 16:09:15 DEBUG [eta.access] GET /api/trends/categories → 200 (4ms)
2026-09-19 16:09:15 DEBUG [asyncio] Using selector: KqueueSelector
2026-09-19 16:09:15 DEBUG [eta.access] POST /api/errors/confirm-bulk → 200 (4ms)
2026-09-19 16:09:15 DEBUG [asyncio] Using selector: KqueueSelector
2026-09-19 16:09:15 DEBUG [eta.access] GET /api/decision-sheet/export → 200 (24ms)
2026-09-19 16:09:24 INFO [eta] 日志已就绪：目录 runtime/logs（按天轮转，保留 14 天，终端级别 INFO / 文件级别 DEBUG）
2026-09-19 16:09:24 DEBUG [asyncio] Using selector: KqueueSelector
2026-09-19 16:09:24 DEBUG [eta.access] POST /api/errors/confirm-bulk → 200 (37ms)
2026-09-19 16:09:56 INFO [eta] 日志已就绪：目录 runtime/logs（按天轮转，保留 14 天，终端级别 INFO / 文件级别 DEBUG）
2026-09-19 16:09:56 DEBUG [asyncio] Using selector: KqueueSelector
2026-09-19 16:09:56 DEBUG [eta.access] GET /api/errors/batches → 200 (40ms)
2026-09-19 16:09:56 DEBUG [asyncio] Using selector: KqueueSelector
2026-09-19 16:09:56 DEBUG [eta.access] GET /api/errors/batches → 200 (3ms)
2026-09-19 16:09:56 DEBUG [asyncio] Using selector: KqueueSelector
2026-09-19 16:09:56 DEBUG [eta.access] GET /api/decision-sheet → 200 (10ms)
2026-09-19 16:09:56 DEBUG [asyncio] Using selector: KqueueSelector
2026-09-19 16:09:56 DEBUG [eta.access] GET /api/decision-sheet → 200 (5ms)
2026-09-19 16:09:57 DEBUG [asyncio] Using selector: KqueueSelector
2026-09-19 16:09:57 DEBUG [eta.access] GET /api/dashboard → 200 (8ms)
2026-09-19 16:09:57 DEBUG [asyncio] Using selector: KqueueSelector
2026-09-19 16:09:57 DEBUG [eta.access] GET /api/dashboard → 200 (7ms)
2026-09-19 16:09:57 DEBUG [asyncio] Using selector: KqueueSelector
2026-09-19 16:09:57 DEBUG [eta.access] GET /api/trends/categories → 200 (3ms)
2026-09-19 16:09:57 DEBUG [asyncio] Using selector: KqueueSelector
2026-09-19 16:09:57 DEBUG [eta.access] POST /api/errors/confirm-bulk → 200 (4ms)
2026-09-19 16:09:57 DEBUG [asyncio] Using selector: KqueueSelector
2026-09-19 16:09:57 DEBUG [eta.access] GET /api/dashboard → 200 (8ms)
2026-09-19 16:09:57 DEBUG [asyncio] Using selector: KqueueSelector
2026-09-19 16:09:57 DEBUG [eta.access] GET /api/decision-sheet/export → 200 (22ms)
2026-09-19 16:10:06 INFO [eta] 日志已就绪：目录 runtime/logs（按天轮转，保留 14 天，终端级别 INFO / 文件级别 DEBUG）
2026-09-19 16:10:06 INFO [eta.providers.agent_chat] 智能体会话调用完成 | 返回 2 字，耗时 0ms
2026-09-19 16:10:06 INFO [eta.providers.agent_chat] 智能体会话调用完成 | 返回 2 字，耗时 0ms
2026-09-19 16:10:07 WARNING [eta.providers.agent_chat] 智能体会话请求失败，2s 后重试一次：connection reset
2026-09-19 16:10:09 WARNING [eta.services.photo_check] 多图联合解析失败，该批降级逐张解析：多图联合失败
2026-09-19 16:10:09 WARNING [eta.services.photo_check] Markdown 结构化失败：DeepSeek 超时
2026-09-19 16:10:09 WARNING [eta.services.photo_check] 智能体会话解析失败，降级 OCR 转录解析：invalid_api_key
2026-09-19 16:10:09 WARNING [eta.services.photo_check] 多图联合解析失败，该批降级逐张解析：多图联合失败（测试桩）
2026-09-19 16:10:10 DEBUG [asyncio] Using selector: KqueueSelector
2026-09-19 16:10:10 DEBUG [eta.access] GET /api/health → 200 (45ms)
2026-09-19 16:10:10 DEBUG [asyncio] Using selector: KqueueSelector
2026-09-19 16:10:10 DEBUG [eta.access] GET /api/ontology → 200 (2ms)
2026-09-19 16:10:10 DEBUG [asyncio] Using selector: KqueueSelector
2026-09-19 16:10:10 DEBUG [eta.access] POST /api/students/import → 200 (9ms)
2026-09-19 16:10:10 DEBUG [asyncio] Using selector: KqueueSelector
2026-09-19 16:10:10 DEBUG [eta.access] GET /api/students → 200 (3ms)
2026-09-19 16:10:10 DEBUG [asyncio] Using selector: KqueueSelector
2026-09-19 16:10:10 DEBUG [eta.access] POST /api/errors/scan → 200 (9ms)
2026-09-19 16:10:10 DEBUG [asyncio] Using selector: KqueueSelector
2026-09-19 16:10:10 DEBUG [eta.access] GET /api/errors → 200 (4ms)
2026-09-19 16:10:10 DEBUG [asyncio] Using selector: KqueueSelector
2026-09-19 16:10:10 DEBUG [eta.access] POST /api/errors/1/confirm → 200 (6ms)
2026-09-19 16:10:10 DEBUG [asyncio] Using selector: KqueueSelector
2026-09-19 16:10:10 DEBUG [eta.access] POST /api/errors/scan → 200 (7ms)
2026-09-19 16:10:10 DEBUG [asyncio] Using selector: KqueueSelector
2026-09-19 16:10:10 DEBUG [eta.access] POST /api/errors/2/confirm → 200 (4ms)
2026-09-19 16:10:10 DEBUG [asyncio] Using selector: KqueueSelector
2026-09-19 16:10:10 DEBUG [eta.access] POST /api/errors/scan → 200 (5ms)
2026-09-19 16:10:10 DEBUG [asyncio] Using selector: KqueueSelector
2026-09-19 16:10:10 DEBUG [eta.access] GET /api/errors → 200 (2ms)
2026-09-19 16:10:10 DEBUG [asyncio] Using selector: KqueueSelector
2026-09-19 16:10:10 DEBUG [eta.access] POST /api/errors/3/confirm → 200 (5ms)
2026-09-19 16:10:10 DEBUG [asyncio] Using selector: KqueueSelector
2026-09-19 16:10:10 DEBUG [eta.access] POST /api/errors/scan → 200 (6ms)
2026-09-19 16:10:10 DEBUG [asyncio] Using selector: KqueueSelector
2026-09-19 16:10:10 DEBUG [eta.access] GET /api/errors → 200 (2ms)
2026-09-19 16:10:10 DEBUG [asyncio] Using selector: KqueueSelector
2026-09-19 16:10:10 DEBUG [eta.access] POST /api/errors/4/confirm → 200 (6ms)
2026-09-19 16:10:10 DEBUG [asyncio] Using selector: KqueueSelector
2026-09-19 16:10:10 DEBUG [eta.access] POST /api/errors/scan → 200 (6ms)
2026-09-19 16:10:10 DEBUG [asyncio] Using selector: KqueueSelector
2026-09-19 16:10:10 DEBUG [eta.access] GET /api/errors → 200 (3ms)
2026-09-19 16:10:10 DEBUG [asyncio] Using selector: KqueueSelector
2026-09-19 16:10:10 DEBUG [eta.access] POST /api/errors/5/confirm → 200 (4ms)
2026-09-19 16:10:10 DEBUG [asyncio] Using selector: KqueueSelector
2026-09-19 16:10:10 DEBUG [eta.access] POST /api/errors/scan → 200 (10ms)
2026-09-19 16:10:10 DEBUG [asyncio] Using selector: KqueueSelector
2026-09-19 16:10:10 DEBUG [eta.access] GET /api/errors → 200 (2ms)
2026-09-19 16:10:10 DEBUG [asyncio] Using selector: KqueueSelector
2026-09-19 16:10:10 DEBUG [eta.access] POST /api/errors/6/confirm → 200 (5ms)
2026-09-19 16:10:10 DEBUG [asyncio] Using selector: KqueueSelector
2026-09-19 16:10:10 DEBUG [eta.access] POST /api/errors/scan → 200 (6ms)
2026-09-19 16:10:10 DEBUG [asyncio] Using selector: KqueueSelector
2026-09-19 16:10:10 DEBUG [eta.access] GET /api/errors → 200 (2ms)
2026-09-19 16:10:10 DEBUG [asyncio] Using selector: KqueueSelector
2026-09-19 16:10:10 DEBUG [eta.access] POST /api/errors/7/confirm → 200 (5ms)
2026-09-19 16:10:10 DEBUG [asyncio] Using selector: KqueueSelector
2026-09-19 16:10:10 DEBUG [eta.access] POST /api/errors/scan → 200 (5ms)
2026-09-19 16:10:10 DEBUG [asyncio] Using selector: KqueueSelector
2026-09-19 16:10:10 DEBUG [eta.access] GET /api/errors → 200 (2ms)
2026-09-19 16:10:10 DEBUG [asyncio] Using selector: KqueueSelector
2026-09-19 16:10:10 DEBUG [eta.access] POST /api/errors/8/confirm → 200 (4ms)
2026-09-19 16:10:10 DEBUG [asyncio] Using selector: KqueueSelector
2026-09-19 16:10:10 DEBUG [eta.access] POST /api/errors/scan → 200 (7ms)
2026-09-19 16:10:10 DEBUG [asyncio] Using selector: KqueueSelector
2026-09-19 16:10:10 DEBUG [eta.access] GET /api/errors → 200 (2ms)
2026-09-19 16:10:10 DEBUG [asyncio] Using selector: KqueueSelector
2026-09-19 16:10:10 DEBUG [eta.access] POST /api/errors/9/confirm → 200 (5ms)
2026-09-19 16:10:10 DEBUG [asyncio] Using selector: KqueueSelector
2026-09-19 16:10:10 DEBUG [eta.access] POST /api/errors/scan → 200 (6ms)
2026-09-19 16:10:10 DEBUG [asyncio] Using selector: KqueueSelector
2026-09-19 16:10:10 DEBUG [eta.access] GET /api/errors → 200 (2ms)
2026-09-19 16:10:10 DEBUG [asyncio] Using selector: KqueueSelector
2026-09-19 16:10:10 DEBUG [eta.access] POST /api/errors/10/confirm → 200 (7ms)
2026-09-19 16:10:10 DEBUG [asyncio] Using selector: KqueueSelector
2026-09-19 16:10:10 DEBUG [eta.access] POST /api/errors/scan → 200 (5ms)
2026-09-19 16:10:10 DEBUG [asyncio] Using selector: KqueueSelector
2026-09-19 16:10:10 DEBUG [eta.access] GET /api/errors → 200 (3ms)
2026-09-19 16:10:10 DEBUG [asyncio] Using selector: KqueueSelector
2026-09-19 16:10:10 DEBUG [eta.access] POST /api/errors/11/confirm → 200 (4ms)
2026-09-19 16:10:10 DEBUG [asyncio] Using selector: KqueueSelector
2026-09-19 16:10:10 DEBUG [eta.access] POST /api/errors/scan → 200 (7ms)
2026-09-19 16:10:10 DEBUG [asyncio] Using selector: KqueueSelector
2026-09-19 16:10:10 DEBUG [eta.access] GET /api/errors → 200 (2ms)
2026-09-19 16:10:10 DEBUG [asyncio] Using selector: KqueueSelector
2026-09-19 16:10:10 DEBUG [eta.access] POST /api/errors/12/confirm → 200 (4ms)
2026-09-19 16:10:10 DEBUG [asyncio] Using selector: KqueueSelector
2026-09-19 16:10:10 DEBUG [eta.access] POST /api/errors/scan → 200 (6ms)
2026-09-19 16:10:10 DEBUG [asyncio] Using selector: KqueueSelector
2026-09-19 16:10:10 DEBUG [eta.access] GET /api/errors → 200 (2ms)
2026-09-19 16:10:10 DEBUG [asyncio] Using selector: KqueueSelector
2026-09-19 16:10:10 DEBUG [eta.access] POST /api/errors/13/confirm → 200 (6ms)
2026-09-19 16:10:10 DEBUG [asyncio] Using selector: KqueueSelector
2026-09-19 16:10:10 DEBUG [eta.access] POST /api/errors/scan → 200 (6ms)
2026-09-19 16:10:10 DEBUG [asyncio] Using selector: KqueueSelector
2026-09-19 16:10:10 DEBUG [eta.access] GET /api/errors → 200 (3ms)
2026-09-19 16:10:10 DEBUG [asyncio] Using selector: KqueueSelector
2026-09-19 16:10:10 DEBUG [eta.access] POST /api/errors/14/confirm → 200 (4ms)
2026-09-19 16:10:10 DEBUG [asyncio] Using selector: KqueueSelector
2026-09-19 16:10:10 DEBUG [eta.access] POST /api/practice/generate → 200 (4ms)
2026-09-19 16:10:10 DEBUG [asyncio] Using selector: KqueueSelector
2026-09-19 16:10:10 DEBUG [eta.access] POST /api/practice/1/approve → 200 (4ms)
2026-09-19 16:10:10 DEBUG [asyncio] Using selector: KqueueSelector
2026-09-19 16:10:10 DEBUG [eta.access] GET /api/decision-sheet → 200 (6ms)
2026-09-19 16:10:10 DEBUG [asyncio] Using selector: KqueueSelector
2026-09-19 16:10:10 DEBUG [eta.access] GET /api/review-sheet → 200 (6ms)
2026-09-19 16:10:10 DEBUG [asyncio] Using selector: KqueueSelector
2026-09-19 16:10:10 DEBUG [eta.access] GET /api/trends/categories → 200 (3ms)
2026-09-19 16:10:10 DEBUG [asyncio] Using selector: KqueueSelector
2026-09-19 16:10:10 DEBUG [eta.access] GET /api/stats/teacher-overrides → 200 (4ms)
2026-09-19 16:10:10 DEBUG [asyncio] Using selector: KqueueSelector
2026-09-19 16:10:10 DEBUG [eta.access] GET /api/export/errors.csv → 200 (3ms)
2026-09-19 16:10:10 DEBUG [asyncio] Using selector: KqueueSelector
2026-09-19 16:10:10 DEBUG [eta.access] POST /api/errors/scan → 200 (4ms)
2026-09-19 16:10:10 DEBUG [asyncio] Using selector: KqueueSelector
2026-09-19 16:10:10 DEBUG [eta.access] POST /api/errors/scan → 400 (2ms)
2026-09-19 16:10:10 DEBUG [asyncio] Using selector: KqueueSelector
2026-09-19 16:10:10 DEBUG [eta.access] POST /api/errors/scan → 200 (4ms)
2026-09-19 16:10:10 DEBUG [asyncio] Using selector: KqueueSelector
2026-09-19 16:10:10 DEBUG [eta.access] POST /api/errors/1/confirm → 400 (2ms)
2026-09-19 16:10:10 DEBUG [asyncio] Using selector: KqueueSelector
2026-09-19 16:10:10 DEBUG [eta.access] POST /api/students/import → 200 (4ms)
2026-09-19 16:10:10 DEBUG [asyncio] Using selector: KqueueSelector
2026-09-19 16:10:10 DEBUG [eta.access] POST /api/errors/scan-batch → 200 (16ms)
2026-09-19 16:10:10 DEBUG [asyncio] Using selector: KqueueSelector
2026-09-19 16:10:10 DEBUG [eta.access] GET /api/errors → 200 (4ms)
2026-09-19 16:10:10 DEBUG [asyncio] Using selector: KqueueSelector
2026-09-19 16:10:10 DEBUG [eta.access] POST /api/students/import → 200 (5ms)
2026-09-19 16:10:10 DEBUG [asyncio] Using selector: KqueueSelector
2026-09-19 16:10:10 DEBUG [eta.access] POST /api/errors/scan-batch → 200 (8ms)
2026-09-19 16:10:10 DEBUG [asyncio] Using selector: KqueueSelector
2026-09-19 16:10:10 DEBUG [eta.access] POST /api/students/import → 200 (3ms)
2026-09-19 16:10:10 DEBUG [asyncio] Using selector: KqueueSelector
2026-09-19 16:10:10 DEBUG [eta.access] POST /api/errors/scan-batch → 200 (6ms)
2026-09-19 16:10:10 DEBUG [asyncio] Using selector: KqueueSelector
2026-09-19 16:10:10 DEBUG [eta.access] POST /api/students/import → 200 (5ms)
2026-09-19 16:10:10 DEBUG [asyncio] Using selector: KqueueSelector
2026-09-19 16:10:10 DEBUG [eta.access] POST /api/errors/scan-photos → 200 (6ms)
2026-09-19 16:10:10 DEBUG [asyncio] Using selector: KqueueSelector
2026-09-19 16:10:10 DEBUG [eta.access] GET /api/errors → 200 (2ms)
2026-09-19 16:10:10 DEBUG [asyncio] Using selector: KqueueSelector
2026-09-19 16:10:10 DEBUG [eta.access] POST /api/errors/scan-photos-submit → 200 (15ms)
2026-09-19 16:10:10 DEBUG [asyncio] Using selector: KqueueSelector
2026-09-19 16:10:10 DEBUG [eta.access] GET /api/errors → 200 (3ms)
2026-09-19 16:10:10 DEBUG [asyncio] Using selector: KqueueSelector
2026-09-19 16:10:10 DEBUG [eta.access] POST /api/errors/scan-photos → 400 (3ms)
2026-09-19 16:10:10 DEBUG [asyncio] Using selector: KqueueSelector
2026-09-19 16:10:11 DEBUG [eta.access] POST /api/errors/scan-photos → 400 (2ms)
2026-09-19 16:10:11 DEBUG [asyncio] Using selector: KqueueSelector
2026-09-19 16:10:11 DEBUG [eta.access] POST /api/errors/scan-photos → 400 (2ms)
2026-09-19 16:10:11 DEBUG [asyncio] Using selector: KqueueSelector
2026-09-19 16:10:11 DEBUG [eta.access] POST /api/errors/scan → 200 (4ms)
2026-09-19 16:10:11 DEBUG [asyncio] Using selector: KqueueSelector
2026-09-19 16:10:11 DEBUG [eta.access] POST /api/errors/scan → 200 (5ms)
2026-09-19 16:10:11 DEBUG [asyncio] Using selector: KqueueSelector
2026-09-19 16:10:11 DEBUG [eta.access] GET /api/errors → 200 (2ms)
2026-09-19 16:10:11 DEBUG [asyncio] Using selector: KqueueSelector
2026-09-19 16:10:11 DEBUG [eta.access] POST /api/errors/confirm-bulk → 200 (3ms)
2026-09-19 16:10:11 DEBUG [asyncio] Using selector: KqueueSelector
2026-09-19 16:10:11 DEBUG [eta.access] GET /api/errors → 200 (2ms)
2026-09-19 16:10:11 DEBUG [asyncio] Using selector: KqueueSelector
2026-09-19 16:10:11 DEBUG [eta.access] POST /api/errors/confirm-bulk → 200 (3ms)
2026-09-19 16:10:11 DEBUG [asyncio] Using selector: KqueueSelector
2026-09-19 16:10:11 DEBUG [eta.access] GET /api/errors → 200 (2ms)
2026-09-19 16:10:11 DEBUG [asyncio] Using selector: KqueueSelector
2026-09-19 16:10:11 DEBUG [eta.access] POST /api/errors/confirm-bulk → 400 (3ms)
2026-09-19 16:10:11 DEBUG [asyncio] Using selector: KqueueSelector
2026-09-19 16:10:11 DEBUG [eta.access] POST /api/students → 200 (5ms)
2026-09-19 16:10:11 DEBUG [asyncio] Using selector: KqueueSelector
2026-09-19 16:10:11 DEBUG [eta.access] POST /api/students → 400 (3ms)
2026-09-19 16:10:11 DEBUG [asyncio] Using selector: KqueueSelector
2026-09-19 16:10:11 DEBUG [eta.access] POST /api/errors/scan → 200 (6ms)
2026-09-19 16:10:11 DEBUG [asyncio] Using selector: KqueueSelector
2026-09-19 16:10:11 DEBUG [eta.access] PUT /api/students/9101 → 200 (6ms)
2026-09-19 16:10:11 DEBUG [asyncio] Using selector: KqueueSelector
2026-09-19 16:10:11 DEBUG [eta.access] GET /api/errors → 200 (2ms)
2026-09-19 16:10:11 DEBUG [asyncio] Using selector: KqueueSelector
2026-09-19 16:10:11 DEBUG [eta.access] POST /api/students → 200 (4ms)
2026-09-19 16:10:11 DEBUG [asyncio] Using selector: KqueueSelector
2026-09-19 16:10:11 DEBUG [eta.access] PUT /api/students/9201 → 400 (3ms)
2026-09-19 16:10:11 DEBUG [asyncio] Using selector: KqueueSelector
2026-09-19 16:10:11 DEBUG [eta.access] DELETE /api/students/9201 → 200 (4ms)
2026-09-19 16:10:11 DEBUG [asyncio] Using selector: KqueueSelector
2026-09-19 16:10:11 DEBUG [eta.access] GET /api/errors → 200 (3ms)
2026-09-19 16:10:11 DEBUG [asyncio] Using selector: KqueueSelector
2026-09-19 16:10:11 DEBUG [eta.access] DELETE /api/students/9201 → 404 (2ms)
2026-09-19 16:10:11 DEBUG [asyncio] Using selector: KqueueSelector
2026-09-19 16:10:11 DEBUG [eta.access] POST /api/students → 200 (4ms)
2026-09-19 16:10:11 DEBUG [asyncio] Using selector: KqueueSelector
2026-09-19 16:10:11 DEBUG [eta.access] POST /api/errors/scan → 200 (9ms)
2026-09-19 16:10:11 DEBUG [asyncio] Using selector: KqueueSelector
2026-09-19 16:10:11 DEBUG [eta.access] DELETE /api/students/9102 → 200 (4ms)
2026-09-19 16:10:11 DEBUG [asyncio] Using selector: KqueueSelector
2026-09-19 16:10:11 DEBUG [eta.access] GET /api/errors → 200 (4ms)
2026-09-19 16:10:11 DEBUG [asyncio] Using selector: KqueueSelector
2026-09-19 16:10:11 DEBUG [eta.access] POST /api/classes → 200 (5ms)
2026-09-19 16:10:11 DEBUG [asyncio] Using selector: KqueueSelector
2026-09-19 16:10:11 DEBUG [eta.access] GET /api/classes → 200 (2ms)
2026-09-19 16:10:11 DEBUG [asyncio] Using selector: KqueueSelector
2026-09-19 16:10:11 DEBUG [eta.access] POST /api/classes → 400 (2ms)
2026-09-19 16:10:11 DEBUG [asyncio] Using selector: KqueueSelector
2026-09-19 16:10:11 DEBUG [eta.access] POST /api/classes → 400 (2ms)
2026-09-19 16:10:11 DEBUG [asyncio] Using selector: KqueueSelector
2026-09-19 16:10:11 DEBUG [eta.access] POST /api/students → 200 (4ms)
2026-09-19 16:10:11 DEBUG [asyncio] Using selector: KqueueSelector
2026-09-19 16:10:11 DEBUG [eta.access] POST /api/errors/scan → 200 (6ms)
2026-09-19 16:10:11 DEBUG [asyncio] Using selector: KqueueSelector
2026-09-19 16:10:11 DEBUG [eta.access] PUT /api/classes/九(1)班 → 200 (5ms)
2026-09-19 16:10:11 DEBUG [asyncio] Using selector: KqueueSelector
2026-09-19 16:10:11 DEBUG [eta.access] GET /api/classes → 200 (4ms)
2026-09-19 16:10:11 DEBUG [asyncio] Using selector: KqueueSelector
2026-09-19 16:10:11 DEBUG [eta.access] GET /api/students → 200 (1ms)
2026-09-19 16:10:11 DEBUG [asyncio] Using selector: KqueueSelector
2026-09-19 16:10:11 DEBUG [eta.access] GET /api/errors → 200 (2ms)
2026-09-19 16:10:11 DEBUG [asyncio] Using selector: KqueueSelector
2026-09-19 16:10:11 DEBUG [eta.access] DELETE /api/classes/九(2)班 → 200 (6ms)
2026-09-19 16:10:11 DEBUG [asyncio] Using selector: KqueueSelector
2026-09-19 16:10:11 DEBUG [eta.access] GET /api/students → 200 (2ms)
2026-09-19 16:10:11 DEBUG [asyncio] Using selector: KqueueSelector
2026-09-19 16:10:11 DEBUG [eta.access] GET /api/errors → 200 (2ms)
2026-09-19 16:10:11 DEBUG [asyncio] Using selector: KqueueSelector
2026-09-19 16:10:11 DEBUG [eta.access] POST /api/classes → 200 (4ms)
2026-09-19 16:10:11 DEBUG [asyncio] Using selector: KqueueSelector
2026-09-19 16:10:11 DEBUG [eta.access] POST /api/classes → 200 (3ms)
2026-09-19 16:10:11 DEBUG [asyncio] Using selector: KqueueSelector
2026-09-19 16:10:11 DEBUG [eta.access] POST /api/students → 200 (5ms)
2026-09-19 16:10:11 DEBUG [asyncio] Using selector: KqueueSelector
2026-09-19 16:10:11 DEBUG [eta.access] PUT /api/classes/九(3)班 → 400 (2ms)
2026-09-19 16:10:11 DEBUG [asyncio] Using selector: KqueueSelector
2026-09-19 16:10:11 DEBUG [eta.access] DELETE /api/classes/九(3)班 → 200 (3ms)
2026-09-19 16:10:11 DEBUG [asyncio] Using selector: KqueueSelector
2026-09-19 16:10:11 DEBUG [eta.access] DELETE /api/classes/九(1)班 → 200 (3ms)
2026-09-19 16:10:11 DEBUG [asyncio] Using selector: KqueueSelector
2026-09-19 16:10:11 DEBUG [eta.access] GET /api/classes → 200 (1ms)
2026-09-19 16:10:11 DEBUG [asyncio] Using selector: KqueueSelector
2026-09-19 16:10:11 DEBUG [eta.access] POST /api/classes → 200 (5ms)
2026-09-19 16:10:11 DEBUG [asyncio] Using selector: KqueueSelector
2026-09-19 16:10:11 DEBUG [eta.access] POST /api/students → 200 (4ms)
2026-09-19 16:10:11 DEBUG [asyncio] Using selector: KqueueSelector
2026-09-19 16:10:11 DEBUG [eta.access] POST /api/errors/scan → 200 (6ms)
2026-09-19 16:10:11 DEBUG [asyncio] Using selector: KqueueSelector
2026-09-19 16:10:11 DEBUG [eta.access] DELETE /api/classes/旧库班 → 200 (4ms)
2026-09-19 16:10:11 DEBUG [asyncio] Using selector: KqueueSelector
2026-09-19 16:10:11 DEBUG [eta.access] POST /api/errors/scan → 200 (5ms)
2026-09-19 16:10:11 DEBUG [asyncio] Using selector: KqueueSelector
2026-09-19 16:10:11 DEBUG [eta.access] POST /api/errors/1/confirm → 200 (5ms)
2026-09-19 16:10:11 DEBUG [asyncio] Using selector: KqueueSelector
2026-09-19 16:10:11 DEBUG [eta.access] POST /api/errors/scan → 200 (4ms)
2026-09-19 16:10:11 DEBUG [asyncio] Using selector: KqueueSelector
2026-09-19 16:10:11 DEBUG [eta.access] POST /api/errors/2/confirm → 200 (6ms)
2026-09-19 16:10:11 DEBUG [asyncio] Using selector: KqueueSelector
2026-09-19 16:10:11 DEBUG [eta.access] POST /api/errors/scan → 200 (4ms)
2026-09-19 16:10:11 DEBUG [asyncio] Using selector: KqueueSelector
2026-09-19 16:10:11 DEBUG [eta.access] POST /api/errors/3/confirm → 200 (4ms)
2026-09-19 16:10:11 DEBUG [asyncio] Using selector: KqueueSelector
2026-09-19 16:10:11 DEBUG [eta.access] POST /api/errors/scan → 200 (5ms)
2026-09-19 16:10:11 DEBUG [asyncio] Using selector: KqueueSelector
2026-09-19 16:10:11 DEBUG [eta.access] POST /api/errors/4/confirm → 200 (4ms)
2026-09-19 16:10:11 DEBUG [asyncio] Using selector: KqueueSelector
2026-09-19 16:10:11 DEBUG [eta.access] POST /api/decision-sheet/ai → 200 (7ms)
2026-09-19 16:10:11 DEBUG [asyncio] Using selector: KqueueSelector
2026-09-19 16:10:11 DEBUG [eta.access] POST /api/decision-sheet/ai → 400 (5ms)
2026-09-19 16:10:11 DEBUG [asyncio] Using selector: KqueueSelector
2026-09-19 16:10:11 DEBUG [eta.access] POST /api/practice/generate → 422 (4ms)
2026-09-19 16:10:11 DEBUG [asyncio] Using selector: KqueueSelector
2026-09-19 16:10:11 DEBUG [eta.access] POST /api/practice/generate → 422 (1ms)
2026-09-19 16:10:11 DEBUG [asyncio] Using selector: KqueueSelector
2026-09-19 16:10:11 DEBUG [eta.access] POST /api/practice/generate → 200 (4ms)
2026-09-19 16:10:11 DEBUG [asyncio] Using selector: KqueueSelector
2026-09-19 16:10:11 DEBUG [eta.access] POST /api/practice/generate → 200 (6ms)
2026-09-19 16:10:11 DEBUG [asyncio] Using selector: KqueueSelector
2026-09-19 16:10:11 DEBUG [eta.access] POST /api/practice/generate → 200 (4ms)
2026-09-19 16:10:11 DEBUG [asyncio] Using selector: KqueueSelector
2026-09-19 16:10:11 DEBUG [eta.access] POST /api/practice/generate → 400 (1ms)
2026-09-19 16:10:11 DEBUG [asyncio] Using selector: KqueueSelector
2026-09-19 16:10:11 DEBUG [eta.access] POST /api/practice/generate → 400 (2ms)
2026-09-19 16:10:11 DEBUG [asyncio] Using selector: KqueueSelector
2026-09-19 16:10:11 DEBUG [eta.access] POST /api/paper/generate → 400 (3ms)
2026-09-19 16:10:11 DEBUG [asyncio] Using selector: KqueueSelector
2026-09-19 16:10:11 DEBUG [eta.access] POST /api/errors/scan → 200 (5ms)
2026-09-19 16:10:11 DEBUG [asyncio] Using selector: KqueueSelector
2026-09-19 16:10:11 DEBUG [eta.access] POST /api/errors/1/confirm → 200 (4ms)
2026-09-19 16:10:11 DEBUG [asyncio] Using selector: KqueueSelector
2026-09-19 16:10:11 DEBUG [eta.access] POST /api/errors/scan → 200 (4ms)
2026-09-19 16:10:11 DEBUG [asyncio] Using selector: KqueueSelector
2026-09-19 16:10:11 DEBUG [eta.access] POST /api/errors/2/confirm → 200 (6ms)
2026-09-19 16:10:11 DEBUG [asyncio] Using selector: KqueueSelector
2026-09-19 16:10:11 DEBUG [eta.access] POST /api/paper/generate → 200 (4ms)
2026-09-19 16:10:11 DEBUG [asyncio] Using selector: KqueueSelector
2026-09-19 16:10:11 DEBUG [eta.access] POST /api/paper/generate → 200 (5ms)
2026-09-19 16:10:11 DEBUG [asyncio] Using selector: KqueueSelector
2026-09-19 16:10:11 DEBUG [eta.access] POST /api/paper/generate → 422 (2ms)
2026-09-19 16:10:11 DEBUG [asyncio] Using selector: KqueueSelector
2026-09-19 16:10:11 DEBUG [eta.access] POST /api/paper/generate → 422 (1ms)
2026-09-19 16:10:11 DEBUG [asyncio] Using selector: KqueueSelector
2026-09-19 16:10:11 DEBUG [eta.access] POST /api/paper/generate → 200 (4ms)
2026-09-19 16:10:11 DEBUG [asyncio] Using selector: KqueueSelector
2026-09-19 16:10:11 DEBUG [eta.access] GET /api/papers → 200 (3ms)
2026-09-19 16:10:11 DEBUG [asyncio] Using selector: KqueueSelector
2026-09-19 16:10:11 DEBUG [eta.access] POST /api/paper/1/approve → 200 (3ms)
2026-09-19 16:10:11 DEBUG [asyncio] Using selector: KqueueSelector
2026-09-19 16:10:11 DEBUG [eta.access] POST /api/paper/1/approve → 404 (2ms)
2026-09-19 16:10:11 DEBUG [asyncio] Using selector: KqueueSelector
2026-09-19 16:10:11 DEBUG [eta.access] GET /api/papers → 200 (3ms)
2026-09-19 16:10:11 DEBUG [asyncio] Using selector: KqueueSelector
2026-09-19 16:10:11 DEBUG [eta.access] POST /api/practice/generate → 200 (7ms)
2026-09-19 16:10:11 DEBUG [asyncio] Using selector: KqueueSelector
2026-09-19 16:10:11 DEBUG [eta.access] GET /api/practices/export → 400 (31ms)
2026-09-19 16:10:11 DEBUG [asyncio] Using selector: KqueueSelector
2026-09-19 16:10:11 DEBUG [eta.access] GET /api/practices/export → 200 (2ms)
2026-09-19 16:10:11 DEBUG [asyncio] Using selector: KqueueSelector
2026-09-19 16:10:11 DEBUG [eta.access] POST /api/practice/1/approve → 200 (2ms)
2026-09-19 16:10:11 DEBUG [asyncio] Using selector: KqueueSelector
2026-09-19 16:10:11 DEBUG [eta.access] GET /api/practices/export → 200 (4ms)
2026-09-19 16:10:11 DEBUG [asyncio] Using selector: KqueueSelector
2026-09-19 16:10:12 DEBUG [eta.access] GET /api/practices/export → 200 (272ms)
2026-09-19 16:10:12 DEBUG [asyncio] Using selector: KqueueSelector
2026-09-19 16:10:12 DEBUG [eta.access] POST /api/practice/generate → 200 (6ms)
2026-09-19 16:10:12 DEBUG [asyncio] Using selector: KqueueSelector
2026-09-19 16:10:12 DEBUG [eta.access] POST /api/practice/2/approve → 200 (5ms)
2026-09-19 16:10:12 DEBUG [asyncio] Using selector: KqueueSelector
2026-09-19 16:10:12 DEBUG [eta.access] GET /api/practices/export → 200 (4ms)
2026-09-19 16:10:12 DEBUG [asyncio] Using selector: KqueueSelector
2026-09-19 16:10:12 DEBUG [eta.access] GET /api/practices/export → 400 (2ms)
2026-09-19 16:10:12 DEBUG [asyncio] Using selector: KqueueSelector
2026-09-19 16:10:12 DEBUG [eta.access] POST /api/errors/scan → 200 (9ms)
2026-09-19 16:10:12 DEBUG [asyncio] Using selector: KqueueSelector
2026-09-19 16:10:12 DEBUG [eta.access] POST /api/errors/1/confirm → 200 (5ms)
2026-09-19 16:10:12 DEBUG [asyncio] Using selector: KqueueSelector
2026-09-19 16:10:12 DEBUG [eta.access] POST /api/errors/scan → 200 (6ms)
2026-09-19 16:10:12 DEBUG [asyncio] Using selector: KqueueSelector
2026-09-19 16:10:12 DEBUG [eta.access] POST /api/errors/2/confirm → 200 (17ms)
2026-09-19 16:10:12 DEBUG [asyncio] Using selector: KqueueSelector
2026-09-19 16:10:12 DEBUG [eta.access] POST /api/paper/generate → 200 (6ms)
2026-09-19 16:10:12 DEBUG [asyncio] Using selector: KqueueSelector
2026-09-19 16:10:12 DEBUG [eta.access] GET /api/papers/1/export → 400 (3ms)
2026-09-19 16:10:12 DEBUG [asyncio] Using selector: KqueueSelector
2026-09-19 16:10:12 DEBUG [eta.access] POST /api/paper/1/approve → 200 (5ms)
2026-09-19 16:10:12 DEBUG [asyncio] Using selector: KqueueSelector
2026-09-19 16:10:12 DEBUG [eta.access] GET /api/papers/1/export → 200 (4ms)
2026-09-19 16:10:12 DEBUG [asyncio] Using selector: KqueueSelector
2026-09-19 16:10:12 DEBUG [eta.access] GET /api/papers/1/export → 200 (56ms)
2026-09-19 16:10:12 DEBUG [asyncio] Using selector: KqueueSelector
2026-09-19 16:10:12 DEBUG [eta.access] GET /api/papers/999/export → 404 (3ms)
2026-09-19 16:10:12 DEBUG [asyncio] Using selector: KqueueSelector
2026-09-19 16:10:12 DEBUG [eta.access] POST /api/classes → 200 (6ms)
2026-09-19 16:10:12 DEBUG [asyncio] Using selector: KqueueSelector
2026-09-19 16:10:12 DEBUG [eta.access] POST /api/students → 200 (4ms)
2026-09-19 16:10:12 DEBUG [asyncio] Using selector: KqueueSelector
2026-09-19 16:10:12 DEBUG [eta.access] POST /api/errors/scan → 200 (9ms)
2026-09-19 16:10:12 DEBUG [asyncio] Using selector: KqueueSelector
2026-09-19 16:10:12 DEBUG [eta.access] POST /api/errors/1/confirm → 200 (10ms)
2026-09-19 16:10:12 DEBUG [asyncio] Using selector: KqueueSelector
2026-09-19 16:10:12 DEBUG [eta.access] POST /api/errors/scan → 200 (7ms)
2026-09-19 16:10:12 DEBUG [asyncio] Using selector: KqueueSelector
2026-09-19 16:10:12 DEBUG [eta.access] POST /api/errors/2/confirm → 200 (7ms)
2026-09-19 16:10:12 DEBUG [asyncio] Using selector: KqueueSelector
2026-09-19 16:10:12 DEBUG [eta.access] POST /api/errors/scan → 200 (12ms)
2026-09-19 16:10:12 DEBUG [asyncio] Using selector: KqueueSelector
2026-09-19 16:10:12 DEBUG [eta.access] POST /api/errors/3/confirm → 200 (8ms)
2026-09-19 16:10:12 DEBUG [asyncio] Using selector: KqueueSelector
2026-09-19 16:10:12 DEBUG [eta.access] POST /api/errors/scan → 200 (14ms)
2026-09-19 16:10:12 DEBUG [asyncio] Using selector: KqueueSelector
2026-09-19 16:10:12 DEBUG [eta.access] POST /api/errors/4/confirm → 200 (9ms)
2026-09-19 16:10:12 DEBUG [asyncio] Using selector: KqueueSelector
2026-09-19 16:10:12 DEBUG [eta.access] POST /api/errors/scan → 200 (19ms)
2026-09-19 16:10:12 DEBUG [asyncio] Using selector: KqueueSelector
2026-09-19 16:10:12 DEBUG [eta.access] POST /api/errors/5/confirm → 200 (9ms)
2026-09-19 16:10:12 DEBUG [asyncio] Using selector: KqueueSelector
2026-09-19 16:10:12 DEBUG [eta.access] GET /api/decision-sheet/export → 200 (18ms)
2026-09-19 16:10:12 DEBUG [asyncio] Using selector: KqueueSelector
2026-09-19 16:10:12 DEBUG [eta.access] GET /api/decision-sheet/export → 200 (102ms)
2026-09-19 16:10:13 DEBUG [asyncio] Using selector: KqueueSelector
2026-09-19 16:10:13 DEBUG [eta.access] POST /api/students/import → 200 (7ms)
2026-09-19 16:10:13 DEBUG [asyncio] Using selector: KqueueSelector
2026-09-19 16:10:13 DEBUG [eta.access] POST /api/errors/scan → 200 (6ms)
2026-09-19 16:10:13 DEBUG [asyncio] Using selector: KqueueSelector
2026-09-19 16:10:13 DEBUG [eta.access] POST /api/errors/1/confirm → 200 (8ms)
2026-09-19 16:10:13 DEBUG [asyncio] Using selector: KqueueSelector
2026-09-19 16:10:13 DEBUG [eta.access] POST /api/errors/scan → 200 (6ms)
2026-09-19 16:10:13 DEBUG [asyncio] Using selector: KqueueSelector
2026-09-19 16:10:13 DEBUG [eta.access] POST /api/errors/2/confirm → 200 (8ms)
2026-09-19 16:10:13 DEBUG [asyncio] Using selector: KqueueSelector
2026-09-19 16:10:13 INFO [eta.export] 导出学生综合信息：2 名学生（class=九(1)班）
2026-09-19 16:10:13 DEBUG [eta.access] GET /api/students/export.csv → 200 (11ms)
2026-09-19 16:10:13 DEBUG [asyncio] Using selector: KqueueSelector
2026-09-19 16:10:13 DEBUG [eta.access] GET /api/errors/batches → 200 (3ms)
2026-09-19 16:10:13 DEBUG [asyncio] Using selector: KqueueSelector
2026-09-19 16:10:13 DEBUG [eta.access] GET /api/errors/batches → 200 (5ms)
2026-09-19 16:10:13 DEBUG [asyncio] Using selector: KqueueSelector
2026-09-19 16:10:13 DEBUG [eta.access] GET /api/decision-sheet → 200 (10ms)
2026-09-19 16:10:13 DEBUG [asyncio] Using selector: KqueueSelector
2026-09-19 16:10:13 DEBUG [eta.access] GET /api/decision-sheet → 200 (7ms)
2026-09-19 16:10:13 DEBUG [asyncio] Using selector: KqueueSelector
2026-09-19 16:10:13 DEBUG [eta.access] GET /api/dashboard → 200 (5ms)
2026-09-19 16:10:13 DEBUG [asyncio] Using selector: KqueueSelector
2026-09-19 16:10:13 DEBUG [eta.access] GET /api/dashboard → 200 (11ms)
2026-09-19 16:10:13 DEBUG [asyncio] Using selector: KqueueSelector
2026-09-19 16:10:13 DEBUG [eta.access] GET /api/trends/categories → 200 (4ms)
2026-09-19 16:10:13 DEBUG [asyncio] Using selector: KqueueSelector
2026-09-19 16:10:13 DEBUG [eta.access] POST /api/errors/confirm-bulk → 200 (5ms)
2026-09-19 16:10:13 DEBUG [asyncio] Using selector: KqueueSelector
2026-09-19 16:10:13 DEBUG [eta.access] GET /api/dashboard → 200 (9ms)
2026-09-19 16:10:13 DEBUG [asyncio] Using selector: KqueueSelector
2026-09-19 16:10:13 DEBUG [eta.access] GET /api/decision-sheet/export → 200 (5ms)
2026-09-19 16:10:13 DEBUG [asyncio] Using selector: KqueueSelector
2026-09-19 16:10:14 DEBUG [eta.access] POST /api/check/dictation → 200 (21ms)
2026-09-19 16:10:14 DEBUG [asyncio] Using selector: KqueueSelector
2026-09-19 16:10:14 DEBUG [eta.access] GET /api/errors → 200 (3ms)
2026-09-19 16:10:14 DEBUG [asyncio] Using selector: KqueueSelector
2026-09-19 16:10:14 DEBUG [eta.access] GET /api/check/sessions → 200 (5ms)
2026-09-19 16:10:14 DEBUG [asyncio] Using selector: KqueueSelector
2026-09-19 16:10:14 DEBUG [eta.access] GET /api/check/sessions/1 → 200 (4ms)
2026-09-19 16:10:14 DEBUG [asyncio] Using selector: KqueueSelector
2026-09-19 16:10:14 DEBUG [eta.access] POST /api/check/assignment → 200 (23ms)
2026-09-19 16:10:14 DEBUG [asyncio] Using selector: KqueueSelector
2026-09-19 16:10:14 DEBUG [eta.access] GET /api/errors → 200 (3ms)
2026-09-19 16:10:14 DEBUG [asyncio] Using selector: KqueueSelector
2026-09-19 16:10:14 DEBUG [eta.access] POST /api/check/assignment → 200 (14ms)
2026-09-19 16:10:14 DEBUG [asyncio] Using selector: KqueueSelector
2026-09-19 16:10:14 DEBUG [eta.access] GET /api/errors → 200 (4ms)
2026-09-19 16:10:14 DEBUG [asyncio] Using selector: KqueueSelector
2026-09-19 16:10:14 DEBUG [eta.access] POST /api/check/assignment → 200 (5ms)
2026-09-19 16:10:14 DEBUG [asyncio] Using selector: KqueueSelector
2026-09-19 16:10:14 DEBUG [eta.access] POST /api/check/assignment → 200 (11ms)
2026-09-19 16:10:14 DEBUG [asyncio] Using selector: KqueueSelector
2026-09-19 16:10:14 DEBUG [eta.access] POST /api/check/dictation → 400 (1ms)
2026-09-19 16:10:14 DEBUG [asyncio] Using selector: KqueueSelector
2026-09-19 16:10:14 DEBUG [eta.access] POST /api/check/assignment → 400 (2ms)
2026-09-19 16:10:14 DEBUG [asyncio] Using selector: KqueueSelector
2026-09-19 16:10:14 DEBUG [eta.access] GET /api/check/sessions/999999 → 404 (2ms)
2026-09-19 16:10:14 DEBUG [asyncio] Using selector: KqueueSelector
2026-09-19 16:10:14 DEBUG [eta.access] POST /api/check/dictation → 200 (4ms)
2026-09-19 16:10:14 DEBUG [asyncio] Using selector: KqueueSelector
2026-09-19 16:10:14 DEBUG [eta.access] PATCH /api/check/sessions/1 → 200 (4ms)
2026-09-19 16:10:14 DEBUG [asyncio] Using selector: KqueueSelector
2026-09-19 16:10:14 DEBUG [eta.access] GET /api/check/sessions → 200 (2ms)
2026-09-19 16:10:14 DEBUG [asyncio] Using selector: KqueueSelector
2026-09-19 16:10:14 DEBUG [eta.access] POST /api/students/import → 200 (4ms)
2026-09-19 16:10:14 DEBUG [asyncio] Using selector: KqueueSelector
2026-09-19 16:10:14 DEBUG [eta.access] POST /api/check/read-papers → 200 (2ms)
2026-09-19 16:10:14 DEBUG [asyncio] Using selector: KqueueSelector
2026-09-19 16:10:14 WARNING [eta.services.papers] 读纸 OCR 失败（第 1 张）：未配置
2026-09-19 16:10:14 DEBUG [eta.access] POST /api/check/read-papers → 200 (3ms)
2026-09-19 16:10:14 DEBUG [asyncio] Using selector: KqueueSelector
2026-09-19 16:10:14 DEBUG [eta.access] POST /api/students/import → 200 (5ms)
2026-09-19 16:10:14 DEBUG [asyncio] Using selector: KqueueSelector
2026-09-19 16:10:14 DEBUG [eta.access] POST /api/check/dictation → 200 (9ms)
2026-09-19 16:10:14 DEBUG [asyncio] Using selector: KqueueSelector
2026-09-19 16:10:14 DEBUG [eta.access] GET /api/check/sessions/1/export → 200 (5ms)
2026-09-19 16:10:14 DEBUG [asyncio] Using selector: KqueueSelector
2026-09-19 16:10:14 DEBUG [eta.access] GET /api/check/sessions/999999/export → 404 (3ms)
2026-09-19 16:10:14 DEBUG [asyncio] Using selector: KqueueSelector
2026-09-19 16:10:14 DEBUG [eta.access] POST /api/students → 200 (6ms)
2026-09-19 16:10:14 DEBUG [asyncio] Using selector: KqueueSelector
2026-09-19 16:10:14 DEBUG [eta.access] POST /api/students → 200 (4ms)
2026-09-19 16:10:14 DEBUG [asyncio] Using selector: KqueueSelector
2026-09-19 16:10:14 DEBUG [eta.access] POST /api/students → 200 (8ms)
2026-09-19 16:10:14 DEBUG [asyncio] Using selector: KqueueSelector
2026-09-19 16:10:14 DEBUG [eta.access] POST /api/students → 200 (3ms)
2026-09-19 16:10:14 DEBUG [asyncio] Using selector: KqueueSelector
2026-09-19 16:10:14 DEBUG [eta.access] POST /api/students → 200 (7ms)
2026-09-19 16:10:14 DEBUG [asyncio] Using selector: KqueueSelector
2026-09-19 16:10:14 DEBUG [eta.access] POST /api/students → 200 (3ms)
2026-09-19 16:10:14 DEBUG [asyncio] Using selector: KqueueSelector
2026-09-19 16:10:14 DEBUG [eta.access] POST /api/students/S01/cleanup → 200 (7ms)
2026-09-19 16:10:14 DEBUG [asyncio] Using selector: KqueueSelector
2026-09-19 16:10:14 DEBUG [eta.access] GET /api/students/S01/profile → 200 (3ms)
2026-09-19 16:10:14 DEBUG [asyncio] Using selector: KqueueSelector
2026-09-19 16:10:14 DEBUG [eta.access] POST /api/students/S01/cleanup → 200 (5ms)
2026-09-19 16:10:14 DEBUG [asyncio] Using selector: KqueueSelector
2026-09-19 16:10:14 DEBUG [eta.access] GET /api/students/S01/profile → 200 (2ms)
2026-09-19 16:10:14 DEBUG [asyncio] Using selector: KqueueSelector
2026-09-19 16:10:14 DEBUG [eta.access] POST /api/students → 200 (6ms)
2026-09-19 16:10:14 DEBUG [asyncio] Using selector: KqueueSelector
2026-09-19 16:10:14 DEBUG [eta.access] POST /api/students → 200 (3ms)
2026-09-19 16:10:14 DEBUG [asyncio] Using selector: KqueueSelector
2026-09-19 16:10:14 DEBUG [eta.access] POST /api/students/S01/cleanup → 200 (4ms)
2026-09-19 16:10:14 DEBUG [asyncio] Using selector: KqueueSelector
2026-09-19 16:10:14 DEBUG [eta.access] POST /api/students → 200 (6ms)
2026-09-19 16:10:14 DEBUG [asyncio] Using selector: KqueueSelector
2026-09-19 16:10:14 DEBUG [eta.access] POST /api/students → 200 (4ms)
2026-09-19 16:10:14 DEBUG [asyncio] Using selector: KqueueSelector
2026-09-19 16:10:14 DEBUG [eta.access] POST /api/students/S01/cleanup → 200 (4ms)
2026-09-19 16:10:14 DEBUG [asyncio] Using selector: KqueueSelector
2026-09-19 16:10:14 DEBUG [eta.access] POST /api/students → 200 (6ms)
2026-09-19 16:10:14 DEBUG [asyncio] Using selector: KqueueSelector
2026-09-19 16:10:15 DEBUG [eta.access] POST /api/students → 200 (6ms)
2026-09-19 16:10:15 DEBUG [asyncio] Using selector: KqueueSelector
2026-09-19 16:10:15 DEBUG [eta.access] POST /api/students/S01/cleanup → 200 (6ms)
2026-09-19 16:10:15 DEBUG [asyncio] Using selector: KqueueSelector
2026-09-19 16:10:15 DEBUG [eta.access] POST /api/students → 200 (6ms)
2026-09-19 16:10:15 DEBUG [asyncio] Using selector: KqueueSelector
2026-09-19 16:10:15 DEBUG [eta.access] POST /api/students/P01/cleanup → 400 (3ms)
2026-09-19 16:10:15 DEBUG [asyncio] Using selector: KqueueSelector
2026-09-19 16:10:15 DEBUG [eta.access] POST /api/students/P01/cleanup → 400 (2ms)
2026-09-19 16:10:15 DEBUG [asyncio] Using selector: KqueueSelector
2026-09-19 16:10:15 DEBUG [eta.access] POST /api/students/NOPE/cleanup → 404 (2ms)
2026-09-19 16:10:15 DEBUG [asyncio] Using selector: KqueueSelector
2026-09-19 16:10:15 DEBUG [eta.access] POST /api/students → 200 (4ms)
2026-09-19 16:10:15 DEBUG [asyncio] Using selector: KqueueSelector
2026-09-19 16:10:15 DEBUG [eta.access] POST /api/students/V01/cleanup → 400 (3ms)
2026-09-19 16:10:15 WARNING [eta.ocr] dual 文档流 mineru 通道失败（降级继续）：MinerU 链路抖动
2026-09-19 16:10:15 WARNING [eta.ocr] dual 文档流 mineru 通道失败（降级继续）：down
2026-09-19 16:10:15 WARNING [eta.ocr] dual 文档流 paddleocr 通道失败（降级继续）：down
2026-09-19 16:10:15 DEBUG [asyncio] Using selector: KqueueSelector
2026-09-19 16:10:15 DEBUG [eta.access] GET /api/logs/files → 200 (5ms)
2026-09-19 16:10:15 DEBUG [asyncio] Using selector: KqueueSelector
2026-09-19 16:10:15 DEBUG [eta.access] GET /api/logs/view → 200 (3ms)
2026-09-19 16:10:15 DEBUG [asyncio] Using selector: KqueueSelector
2026-09-19 16:10:15 DEBUG [eta.access] GET /api/logs/download → 200 (2ms)
2026-09-19 16:10:15 DEBUG [asyncio] Using selector: KqueueSelector
2026-09-19 16:10:15 DEBUG [eta.access] GET /api/logs/view → 400 (1ms)
2026-09-19 16:10:15 DEBUG [asyncio] Using selector: KqueueSelector
2026-09-19 16:10:15 DEBUG [eta.access] GET /api/logs/view → 400 (1ms)
2026-09-19 16:10:15 DEBUG [asyncio] Using selector: KqueueSelector
2026-09-19 16:10:15 DEBUG [eta.access] GET /api/logs/view → 400 (3ms)
2026-09-19 16:10:15 DEBUG [asyncio] Using selector: KqueueSelector
2026-09-19 16:10:15 DEBUG [eta.access] GET /api/logs/view → 400 (1ms)
2026-09-19 16:10:15 DEBUG [asyncio] Using selector: KqueueSelector
2026-09-19 16:10:15 DEBUG [eta.access] GET /api/logs/view → 400 (2ms)
2026-09-19 16:10:15 DEBUG [asyncio] Using selector: KqueueSelector
2026-09-19 16:10:15 DEBUG [eta.access] GET /api/logs/view → 404 (2ms)
2026-09-19 16:10:15 DEBUG [asyncio] Using selector: KqueueSelector
2026-09-19 16:10:15 ERROR [eta.logs] 浏览器 [ERROR] 页面=#/scan 页面脚本错误
at boot
2026-09-19 16:10:15 DEBUG [eta.access] POST /api/logs/client → 200 (3ms)
2026-09-19 16:10:15 INFO [eta.ocr] MinerU batch=b1 创建，上传图片 (5 bytes)
2026-09-19 16:10:17 WARNING [eta.trace] 运行留痕写入失败：[Errno 20] Not a directory: '/private/var/folders/sh/v4ws268d63928m_6n_jzds6m0000gn/T/pytest-of-zbloom/pytest-10/test_record_never_raises_on_io0/blocker/sub'
2026-09-19 16:10:17 DEBUG [asyncio] Using selector: KqueueSelector
2026-09-19 16:10:17 DEBUG [eta.access] POST /api/check/organize-upload → 200 (4ms)
2026-09-19 16:10:17 DEBUG [asyncio] Using selector: KqueueSelector
2026-09-19 16:10:17 DEBUG [eta.access] POST /api/check/organize-upload → 200 (3ms)
2026-09-19 16:10:17 DEBUG [asyncio] Using selector: KqueueSelector
2026-09-19 16:10:17 DEBUG [eta.access] POST /api/check/organize-upload → 400 (4ms)
2026-09-19 16:10:17 DEBUG [asyncio] Using selector: KqueueSelector
2026-09-19 16:10:17 DEBUG [eta.access] POST /api/students/import → 200 (6ms)
2026-09-19 16:10:17 DEBUG [asyncio] Using selector: KqueueSelector
2026-09-19 16:10:17 DEBUG [eta.access] POST /api/check/photo-parse → 200 (7ms)
2026-09-19 16:10:17 DEBUG [asyncio] Using selector: KqueueSelector
2026-09-19 16:10:17 DEBUG [eta.access] POST /api/check/photo-parse → 200 (4ms)
2026-09-19 16:10:17 DEBUG [asyncio] Using selector: KqueueSelector
2026-09-19 16:10:17 DEBUG [eta.access] POST /api/check/photo-parse → 200 (4ms)
2026-09-19 16:10:17 DEBUG [asyncio] Using selector: KqueueSelector
2026-09-19 16:10:17 WARNING [eta.services.photo_check] 批改读图失败（张三/bad.jpg）：识别失败
2026-09-19 16:10:17 DEBUG [eta.access] POST /api/check/photo-parse → 200 (3ms)
2026-09-19 16:10:17 DEBUG [asyncio] Using selector: KqueueSelector
2026-09-19 16:10:17 DEBUG [eta.access] POST /api/check/photo-parse → 422 (3ms)
2026-09-19 16:10:17 DEBUG [asyncio] Using selector: KqueueSelector
2026-09-19 16:10:17 DEBUG [eta.access] POST /api/students/import → 200 (4ms)
2026-09-19 16:10:17 DEBUG [asyncio] Using selector: KqueueSelector
2026-09-19 16:10:17 DEBUG [eta.access] POST /api/check/assignment → 200 (11ms)
2026-09-19 16:10:17 DEBUG [asyncio] Using selector: KqueueSelector
2026-09-19 16:10:17 DEBUG [eta.access] GET /api/errors → 200 (2ms)
2026-09-19 16:10:17 DEBUG [asyncio] Using selector: KqueueSelector
2026-09-19 16:10:17 DEBUG [eta.access] GET /api/check/sessions/1/files → 200 (3ms)
2026-09-19 16:10:17 DEBUG [asyncio] Using selector: KqueueSelector
2026-09-19 16:10:17 DEBUG [eta.access] GET /api/check/sessions → 200 (3ms)
2026-09-19 16:10:17 DEBUG [asyncio] Using selector: KqueueSelector
2026-09-19 16:10:17 DEBUG [eta.access] POST /api/check/assignment → 200 (10ms)
2026-09-19 16:10:17 DEBUG [asyncio] Using selector: KqueueSelector
2026-09-19 16:10:17 DEBUG [eta.access] GET /api/check/sessions/1 → 200 (3ms)
2026-09-19 16:10:17 DEBUG [asyncio] Using selector: KqueueSelector
2026-09-19 16:10:17 DEBUG [eta.access] POST /api/students/import → 200 (4ms)
2026-09-19 16:10:17 DEBUG [asyncio] Using selector: KqueueSelector
2026-09-19 16:10:17 DEBUG [eta.access] POST /api/check/assignment → 200 (11ms)
2026-09-19 16:10:17 DEBUG [asyncio] Using selector: KqueueSelector
2026-09-19 16:10:17 DEBUG [eta.access] POST /api/students/import → 200 (4ms)
2026-09-19 16:10:17 DEBUG [asyncio] Using selector: KqueueSelector
2026-09-19 16:10:17 DEBUG [eta.access] POST /api/check/assignment → 200 (7ms)
2026-09-19 16:10:17 DEBUG [asyncio] Using selector: KqueueSelector
2026-09-19 16:10:17 DEBUG [eta.access] GET /api/check/sessions → 200 (3ms)
2026-09-19 16:10:17 DEBUG [asyncio] Using selector: KqueueSelector
2026-09-19 16:10:17 DEBUG [eta.access] GET /api/check/sessions → 200 (2ms)
2026-09-19 16:10:17 DEBUG [asyncio] Using selector: KqueueSelector
2026-09-19 16:10:17 DEBUG [eta.access] POST /api/students/import → 200 (4ms)
2026-09-19 16:10:17 DEBUG [asyncio] Using selector: KqueueSelector
2026-09-19 16:10:17 DEBUG [eta.access] POST /api/check/assignment → 200 (10ms)
2026-09-19 16:10:17 DEBUG [asyncio] Using selector: KqueueSelector
2026-09-19 16:10:17 DEBUG [eta.access] GET /api/check/sessions/1/files → 200 (2ms)
2026-09-19 16:10:17 DEBUG [asyncio] Using selector: KqueueSelector
2026-09-19 16:10:17 DEBUG [eta.access] DELETE /api/check/sessions/1 → 200 (3ms)
2026-09-19 16:10:17 DEBUG [asyncio] Using selector: KqueueSelector
2026-09-19 16:10:17 DEBUG [eta.access] GET /api/check/sessions/1 → 404 (2ms)
2026-09-19 16:10:17 DEBUG [asyncio] Using selector: KqueueSelector
2026-09-19 16:10:17 DEBUG [eta.access] GET /api/check/sessions/1/files → 404 (2ms)
2026-09-19 16:10:17 DEBUG [asyncio] Using selector: KqueueSelector
2026-09-19 16:10:17 DEBUG [eta.access] GET /api/errors → 200 (2ms)
2026-09-19 16:10:17 DEBUG [asyncio] Using selector: KqueueSelector
2026-09-19 16:10:17 DEBUG [eta.access] POST /api/students/import → 200 (3ms)
2026-09-19 16:10:17 DEBUG [asyncio] Using selector: KqueueSelector
2026-09-19 16:10:17 DEBUG [eta.access] POST /api/check/assignment → 200 (8ms)
2026-09-19 16:10:17 DEBUG [asyncio] Using selector: KqueueSelector
2026-09-19 16:10:17 DEBUG [eta.access] DELETE /api/check/sessions/2 → 200 (4ms)
2026-09-19 16:10:17 DEBUG [asyncio] Using selector: KqueueSelector
2026-09-19 16:10:17 DEBUG [eta.access] GET /api/errors → 200 (2ms)
2026-09-19 16:10:17 DEBUG [asyncio] Using selector: KqueueSelector
2026-09-19 16:10:17 DEBUG [eta.access] DELETE /api/check/sessions/999999 → 404 (2ms)
2026-09-19 16:10:18 DEBUG [asyncio] Using selector: KqueueSelector
2026-09-19 16:10:18 DEBUG [eta.access] POST /api/students/import → 200 (6ms)
2026-09-19 16:10:18 DEBUG [asyncio] Using selector: KqueueSelector
2026-09-19 16:10:18 DEBUG [eta.access] POST /api/check/photo-parse → 200 (3ms)
2026-09-19 16:10:18 DEBUG [asyncio] Using selector: KqueueSelector
2026-09-19 16:10:18 DEBUG [eta.access] POST /api/check/photo-parse → 200 (2ms)
2026-09-19 16:10:18 DEBUG [asyncio] Using selector: KqueueSelector
2026-09-19 16:10:18 DEBUG [eta.access] POST /api/check/md-reparse → 200 (4ms)
2026-09-19 16:10:18 DEBUG [asyncio] Using selector: KqueueSelector
2026-09-19 16:10:18 DEBUG [eta.access] POST /api/check/md-reparse → 400 (2ms)
2026-09-19 16:10:18 DEBUG [asyncio] Using selector: KqueueSelector
2026-09-19 16:10:18 DEBUG [eta.access] POST /api/students/import → 200 (5ms)
2026-09-19 16:10:18 DEBUG [asyncio] Using selector: KqueueSelector
2026-09-19 16:10:18 DEBUG [eta.access] POST /api/check/assignment → 200 (6ms)
2026-09-19 16:10:18 DEBUG [asyncio] Using selector: KqueueSelector
2026-09-19 16:10:18 DEBUG [eta.access] POST /api/students/import → 200 (11ms)
2026-09-19 16:10:18 DEBUG [asyncio] Using selector: KqueueSelector
2026-09-19 16:10:18 DEBUG [eta.access] POST /api/check/assignment → 200 (7ms)
2026-09-19 16:10:18 DEBUG [asyncio] Using selector: KqueueSelector
2026-09-19 16:10:18 DEBUG [eta.access] GET /api/check/sessions → 200 (4ms)
2026-09-19 16:10:18 DEBUG [asyncio] Using selector: KqueueSelector
2026-09-19 16:10:18 DEBUG [eta.access] GET /api/check/sessions → 200 (4ms)
2026-09-19 16:10:18 DEBUG [asyncio] Using selector: KqueueSelector
2026-09-19 16:10:18 DEBUG [eta.access] GET /api/check/sessions → 200 (4ms)
2026-09-19 16:19:04 INFO [eta] 日志已就绪：目录 runtime/logs（按天轮转，保留 14 天，终端级别 INFO / 文件级别 DEBUG）
2026-09-19 16:19:04 DEBUG [asyncio] Using selector: KqueueSelector
2026-09-19 16:19:05 DEBUG [eta.access] GET /api/errors/batches → 200 (40ms)
2026-09-19 16:19:05 DEBUG [asyncio] Using selector: KqueueSelector
2026-09-19 16:19:05 DEBUG [eta.access] GET /api/decision-sheet → 200 (83ms)
2026-09-19 16:19:05 DEBUG [asyncio] Using selector: KqueueSelector
2026-09-19 16:19:05 DEBUG [eta.access] GET /api/decision-sheet → 200 (27ms)
2026-09-19 16:19:05 DEBUG [asyncio] Using selector: KqueueSelector
2026-09-19 16:19:05 DEBUG [eta.access] GET /api/dashboard → 200 (9ms)
2026-09-19 16:19:05 DEBUG [asyncio] Using selector: KqueueSelector
2026-09-19 16:19:05 DEBUG [eta.access] GET /api/trends/categories → 200 (5ms)
2026-09-19 16:19:05 DEBUG [asyncio] Using selector: KqueueSelector
2026-09-19 16:19:05 DEBUG [eta.access] GET /api/decision-sheet/export → 200 (27ms)
2026-09-19 16:19:50 INFO [eta] 日志已就绪：目录 runtime/logs（按天轮转，保留 14 天，终端级别 INFO / 文件级别 DEBUG）
2026-09-19 16:19:50 INFO [eta.providers.agent_chat] 智能体会话调用完成 | 返回 2 字，耗时 0ms
2026-09-19 16:19:50 INFO [eta.providers.agent_chat] 智能体会话调用完成 | 返回 2 字，耗时 0ms
2026-09-19 16:19:50 WARNING [eta.providers.agent_chat] 智能体会话请求失败，2s 后重试一次：connection reset
2026-09-19 16:19:52 WARNING [eta.services.photo_check] 多图联合解析失败，该批降级逐张解析：多图联合失败
2026-09-19 16:19:52 WARNING [eta.services.photo_check] Markdown 结构化失败：DeepSeek 超时
2026-09-19 16:19:52 WARNING [eta.services.photo_check] 智能体会话解析失败，降级 OCR 转录解析：invalid_api_key
2026-09-19 16:19:53 WARNING [eta.services.photo_check] 多图联合解析失败，该批降级逐张解析：多图联合失败（测试桩）
2026-09-19 16:19:53 DEBUG [asyncio] Using selector: KqueueSelector
2026-09-19 16:19:53 DEBUG [eta.access] GET /api/health → 200 (30ms)
2026-09-19 16:19:53 DEBUG [asyncio] Using selector: KqueueSelector
2026-09-19 16:19:53 DEBUG [eta.access] GET /api/ontology → 200 (2ms)
2026-09-19 16:19:53 DEBUG [asyncio] Using selector: KqueueSelector
2026-09-19 16:19:53 DEBUG [eta.access] POST /api/students/import → 200 (5ms)
2026-09-19 16:19:53 DEBUG [asyncio] Using selector: KqueueSelector
2026-09-19 16:19:53 DEBUG [eta.access] GET /api/students → 200 (2ms)
2026-09-19 16:19:53 DEBUG [asyncio] Using selector: KqueueSelector
2026-09-19 16:19:53 DEBUG [eta.access] POST /api/errors/scan → 200 (7ms)
2026-09-19 16:19:53 DEBUG [asyncio] Using selector: KqueueSelector
2026-09-19 16:19:53 DEBUG [eta.access] GET /api/errors → 200 (3ms)
2026-09-19 16:19:53 DEBUG [asyncio] Using selector: KqueueSelector
2026-09-19 16:19:53 DEBUG [eta.access] POST /api/errors/1/confirm → 200 (5ms)
2026-09-19 16:19:53 DEBUG [asyncio] Using selector: KqueueSelector
2026-09-19 16:19:53 DEBUG [eta.access] POST /api/errors/scan → 200 (6ms)
2026-09-19 16:19:53 DEBUG [asyncio] Using selector: KqueueSelector
2026-09-19 16:19:53 DEBUG [eta.access] POST /api/errors/2/confirm → 200 (4ms)
2026-09-19 16:19:53 DEBUG [asyncio] Using selector: KqueueSelector
2026-09-19 16:19:53 DEBUG [eta.access] POST /api/errors/scan → 200 (5ms)
2026-09-19 16:19:53 DEBUG [asyncio] Using selector: KqueueSelector
2026-09-19 16:19:53 DEBUG [eta.access] GET /api/errors → 200 (2ms)
2026-09-19 16:19:53 DEBUG [asyncio] Using selector: KqueueSelector
2026-09-19 16:19:53 DEBUG [eta.access] POST /api/errors/3/confirm → 200 (5ms)
2026-09-19 16:19:53 DEBUG [asyncio] Using selector: KqueueSelector
2026-09-19 16:19:53 DEBUG [eta.access] POST /api/errors/scan → 200 (6ms)
2026-09-19 16:19:53 DEBUG [asyncio] Using selector: KqueueSelector
2026-09-19 16:19:53 DEBUG [eta.access] GET /api/errors → 200 (2ms)
2026-09-19 16:19:53 DEBUG [asyncio] Using selector: KqueueSelector
2026-09-19 16:19:53 DEBUG [eta.access] POST /api/errors/4/confirm → 200 (4ms)
2026-09-19 16:19:53 DEBUG [asyncio] Using selector: KqueueSelector
2026-09-19 16:19:53 DEBUG [eta.access] POST /api/errors/scan → 200 (6ms)
2026-09-19 16:19:53 DEBUG [asyncio] Using selector: KqueueSelector
2026-09-19 16:19:53 DEBUG [eta.access] GET /api/errors → 200 (2ms)
2026-09-19 16:19:53 DEBUG [asyncio] Using selector: KqueueSelector
2026-09-19 16:19:53 DEBUG [eta.access] POST /api/errors/5/confirm → 200 (4ms)
2026-09-19 16:19:53 DEBUG [asyncio] Using selector: KqueueSelector
2026-09-19 16:19:53 DEBUG [eta.access] POST /api/errors/scan → 200 (6ms)
2026-09-19 16:19:53 DEBUG [asyncio] Using selector: KqueueSelector
2026-09-19 16:19:53 DEBUG [eta.access] GET /api/errors → 200 (2ms)
2026-09-19 16:19:53 DEBUG [asyncio] Using selector: KqueueSelector
2026-09-19 16:19:53 DEBUG [eta.access] POST /api/errors/6/confirm → 200 (4ms)
2026-09-19 16:19:53 DEBUG [asyncio] Using selector: KqueueSelector
2026-09-19 16:19:53 DEBUG [eta.access] POST /api/errors/scan → 200 (6ms)
2026-09-19 16:19:53 DEBUG [asyncio] Using selector: KqueueSelector
2026-09-19 16:19:53 DEBUG [eta.access] GET /api/errors → 200 (2ms)
2026-09-19 16:19:53 DEBUG [asyncio] Using selector: KqueueSelector
2026-09-19 16:19:53 DEBUG [eta.access] POST /api/errors/7/confirm → 200 (4ms)
2026-09-19 16:19:53 DEBUG [asyncio] Using selector: KqueueSelector
2026-09-19 16:19:53 DEBUG [eta.access] POST /api/errors/scan → 200 (7ms)
2026-09-19 16:19:53 DEBUG [asyncio] Using selector: KqueueSelector
2026-09-19 16:19:53 DEBUG [eta.access] GET /api/errors → 200 (2ms)
2026-09-19 16:19:53 DEBUG [asyncio] Using selector: KqueueSelector
2026-09-19 16:19:53 DEBUG [eta.access] POST /api/errors/8/confirm → 200 (5ms)
2026-09-19 16:19:53 DEBUG [asyncio] Using selector: KqueueSelector
2026-09-19 16:19:53 DEBUG [eta.access] POST /api/errors/scan → 200 (6ms)
2026-09-19 16:19:53 DEBUG [asyncio] Using selector: KqueueSelector
2026-09-19 16:19:53 DEBUG [eta.access] GET /api/errors → 200 (2ms)
2026-09-19 16:19:53 DEBUG [asyncio] Using selector: KqueueSelector
2026-09-19 16:19:53 DEBUG [eta.access] POST /api/errors/9/confirm → 200 (4ms)
2026-09-19 16:19:53 DEBUG [asyncio] Using selector: KqueueSelector
2026-09-19 16:19:53 DEBUG [eta.access] POST /api/errors/scan → 200 (6ms)
2026-09-19 16:19:53 DEBUG [asyncio] Using selector: KqueueSelector
2026-09-19 16:19:53 DEBUG [eta.access] GET /api/errors → 200 (2ms)
2026-09-19 16:19:53 DEBUG [asyncio] Using selector: KqueueSelector
2026-09-19 16:19:53 DEBUG [eta.access] POST /api/errors/10/confirm → 200 (4ms)
2026-09-19 16:19:53 DEBUG [asyncio] Using selector: KqueueSelector
2026-09-19 16:19:53 DEBUG [eta.access] POST /api/errors/scan → 200 (6ms)
2026-09-19 16:19:53 DEBUG [asyncio] Using selector: KqueueSelector
2026-09-19 16:19:53 DEBUG [eta.access] GET /api/errors → 200 (2ms)
2026-09-19 16:19:53 DEBUG [asyncio] Using selector: KqueueSelector
2026-09-19 16:19:53 DEBUG [eta.access] POST /api/errors/11/confirm → 200 (4ms)
2026-09-19 16:19:53 DEBUG [asyncio] Using selector: KqueueSelector
2026-09-19 16:19:53 DEBUG [eta.access] POST /api/errors/scan → 200 (6ms)
2026-09-19 16:19:53 DEBUG [asyncio] Using selector: KqueueSelector
2026-09-19 16:19:53 DEBUG [eta.access] GET /api/errors → 200 (2ms)
2026-09-19 16:19:53 DEBUG [asyncio] Using selector: KqueueSelector
2026-09-19 16:19:53 DEBUG [eta.access] POST /api/errors/12/confirm → 200 (4ms)
2026-09-19 16:19:53 DEBUG [asyncio] Using selector: KqueueSelector
2026-09-19 16:19:53 DEBUG [eta.access] POST /api/errors/scan → 200 (5ms)
2026-09-19 16:19:53 DEBUG [asyncio] Using selector: KqueueSelector
2026-09-19 16:19:53 DEBUG [eta.access] GET /api/errors → 200 (2ms)
2026-09-19 16:19:53 DEBUG [asyncio] Using selector: KqueueSelector
2026-09-19 16:19:53 DEBUG [eta.access] POST /api/errors/13/confirm → 200 (4ms)
2026-09-19 16:19:53 DEBUG [asyncio] Using selector: KqueueSelector
2026-09-19 16:19:53 DEBUG [eta.access] POST /api/errors/scan → 200 (5ms)
2026-09-19 16:19:53 DEBUG [asyncio] Using selector: KqueueSelector
2026-09-19 16:19:53 DEBUG [eta.access] GET /api/errors → 200 (2ms)
2026-09-19 16:19:53 DEBUG [asyncio] Using selector: KqueueSelector
2026-09-19 16:19:53 DEBUG [eta.access] POST /api/errors/14/confirm → 200 (4ms)
2026-09-19 16:19:53 DEBUG [asyncio] Using selector: KqueueSelector
2026-09-19 16:19:53 DEBUG [eta.access] POST /api/practice/generate → 200 (4ms)
2026-09-19 16:19:53 DEBUG [asyncio] Using selector: KqueueSelector
2026-09-19 16:19:53 DEBUG [eta.access] POST /api/practice/1/approve → 200 (3ms)
2026-09-19 16:19:53 DEBUG [asyncio] Using selector: KqueueSelector
2026-09-19 16:19:53 DEBUG [eta.access] GET /api/decision-sheet → 200 (7ms)
2026-09-19 16:19:53 DEBUG [asyncio] Using selector: KqueueSelector
2026-09-19 16:19:53 DEBUG [eta.access] GET /api/review-sheet → 200 (6ms)
2026-09-19 16:19:53 DEBUG [asyncio] Using selector: KqueueSelector
2026-09-19 16:19:53 DEBUG [eta.access] GET /api/trends/categories → 200 (3ms)
2026-09-19 16:19:53 DEBUG [asyncio] Using selector: KqueueSelector
2026-09-19 16:19:53 DEBUG [eta.access] GET /api/stats/teacher-overrides → 200 (4ms)
2026-09-19 16:19:53 DEBUG [asyncio] Using selector: KqueueSelector
2026-09-19 16:19:53 DEBUG [eta.access] GET /api/export/errors.csv → 200 (2ms)
2026-09-19 16:19:53 DEBUG [asyncio] Using selector: KqueueSelector
2026-09-19 16:19:53 DEBUG [eta.access] POST /api/errors/scan → 200 (4ms)
2026-09-19 16:19:53 DEBUG [asyncio] Using selector: KqueueSelector
2026-09-19 16:19:53 DEBUG [eta.access] POST /api/errors/scan → 400 (1ms)
2026-09-19 16:19:53 DEBUG [asyncio] Using selector: KqueueSelector
2026-09-19 16:19:53 DEBUG [eta.access] POST /api/errors/scan → 200 (4ms)
2026-09-19 16:19:53 DEBUG [asyncio] Using selector: KqueueSelector
2026-09-19 16:19:53 DEBUG [eta.access] POST /api/errors/1/confirm → 400 (2ms)
2026-09-19 16:19:53 DEBUG [asyncio] Using selector: KqueueSelector
2026-09-19 16:19:53 DEBUG [eta.access] POST /api/students/import → 200 (3ms)
2026-09-19 16:19:53 DEBUG [asyncio] Using selector: KqueueSelector
2026-09-19 16:19:53 DEBUG [eta.access] POST /api/errors/scan-batch → 200 (13ms)
2026-09-19 16:19:53 DEBUG [asyncio] Using selector: KqueueSelector
2026-09-19 16:19:53 DEBUG [eta.access] GET /api/errors → 200 (4ms)
2026-09-19 16:19:53 DEBUG [asyncio] Using selector: KqueueSelector
2026-09-19 16:19:53 DEBUG [eta.access] POST /api/students/import → 200 (5ms)
2026-09-19 16:19:53 DEBUG [asyncio] Using selector: KqueueSelector
2026-09-19 16:19:53 DEBUG [eta.access] POST /api/errors/scan-batch → 200 (10ms)
2026-09-19 16:19:53 DEBUG [asyncio] Using selector: KqueueSelector
2026-09-19 16:19:53 DEBUG [eta.access] POST /api/students/import → 200 (4ms)
2026-09-19 16:19:53 DEBUG [asyncio] Using selector: KqueueSelector
2026-09-19 16:19:53 DEBUG [eta.access] POST /api/errors/scan-batch → 200 (5ms)
2026-09-19 16:19:53 DEBUG [asyncio] Using selector: KqueueSelector
2026-09-19 16:19:53 DEBUG [eta.access] POST /api/students/import → 200 (4ms)
2026-09-19 16:19:53 DEBUG [asyncio] Using selector: KqueueSelector
2026-09-19 16:19:53 DEBUG [eta.access] POST /api/errors/scan-photos → 200 (2ms)
2026-09-19 16:19:53 DEBUG [asyncio] Using selector: KqueueSelector
2026-09-19 16:19:53 DEBUG [eta.access] GET /api/errors → 200 (2ms)
2026-09-19 16:19:53 DEBUG [asyncio] Using selector: KqueueSelector
2026-09-19 16:19:53 DEBUG [eta.access] POST /api/errors/scan-photos-submit → 200 (12ms)
2026-09-19 16:19:53 DEBUG [asyncio] Using selector: KqueueSelector
2026-09-19 16:19:53 DEBUG [eta.access] GET /api/errors → 200 (2ms)
2026-09-19 16:19:53 DEBUG [asyncio] Using selector: KqueueSelector
2026-09-19 16:19:53 DEBUG [eta.access] POST /api/errors/scan-photos → 400 (2ms)
2026-09-19 16:19:53 DEBUG [asyncio] Using selector: KqueueSelector
2026-09-19 16:19:53 DEBUG [eta.access] POST /api/errors/scan-photos → 400 (1ms)
2026-09-19 16:19:53 DEBUG [asyncio] Using selector: KqueueSelector
2026-09-19 16:19:53 DEBUG [eta.access] POST /api/errors/scan-photos → 400 (1ms)
2026-09-19 16:19:54 DEBUG [asyncio] Using selector: KqueueSelector
2026-09-19 16:19:54 DEBUG [eta.access] POST /api/errors/scan → 200 (4ms)
2026-09-19 16:19:54 DEBUG [asyncio] Using selector: KqueueSelector
2026-09-19 16:19:54 DEBUG [eta.access] POST /api/errors/scan → 200 (4ms)
2026-09-19 16:19:54 DEBUG [asyncio] Using selector: KqueueSelector
2026-09-19 16:19:54 DEBUG [eta.access] GET /api/errors → 200 (2ms)
2026-09-19 16:19:54 DEBUG [asyncio] Using selector: KqueueSelector
2026-09-19 16:19:54 DEBUG [eta.access] POST /api/errors/confirm-bulk → 200 (4ms)
2026-09-19 16:19:54 DEBUG [asyncio] Using selector: KqueueSelector
2026-09-19 16:19:54 DEBUG [eta.access] GET /api/errors → 200 (2ms)
2026-09-19 16:19:54 DEBUG [asyncio] Using selector: KqueueSelector
2026-09-19 16:19:54 DEBUG [eta.access] POST /api/errors/confirm-bulk → 200 (3ms)
2026-09-19 16:19:54 DEBUG [asyncio] Using selector: KqueueSelector
2026-09-19 16:19:54 DEBUG [eta.access] GET /api/errors → 200 (2ms)
2026-09-19 16:19:54 DEBUG [asyncio] Using selector: KqueueSelector
2026-09-19 16:19:54 DEBUG [eta.access] POST /api/errors/confirm-bulk → 400 (2ms)
2026-09-19 16:19:54 DEBUG [asyncio] Using selector: KqueueSelector
2026-09-19 16:19:54 DEBUG [eta.access] POST /api/students → 200 (5ms)
2026-09-19 16:19:54 DEBUG [asyncio] Using selector: KqueueSelector
2026-09-19 16:19:54 DEBUG [eta.access] POST /api/students → 400 (2ms)
2026-09-19 16:19:54 DEBUG [asyncio] Using selector: KqueueSelector
2026-09-19 16:19:54 DEBUG [eta.access] POST /api/errors/scan → 200 (5ms)
2026-09-19 16:19:54 DEBUG [asyncio] Using selector: KqueueSelector
2026-09-19 16:19:54 DEBUG [eta.access] PUT /api/students/9101 → 200 (4ms)
2026-09-19 16:19:54 DEBUG [asyncio] Using selector: KqueueSelector
2026-09-19 16:19:54 DEBUG [eta.access] GET /api/errors → 200 (2ms)
2026-09-19 16:19:54 DEBUG [asyncio] Using selector: KqueueSelector
2026-09-19 16:19:54 DEBUG [eta.access] POST /api/students → 200 (5ms)
2026-09-19 16:19:54 DEBUG [asyncio] Using selector: KqueueSelector
2026-09-19 16:19:54 DEBUG [eta.access] PUT /api/students/9201 → 400 (3ms)
2026-09-19 16:19:54 DEBUG [asyncio] Using selector: KqueueSelector
2026-09-19 16:19:54 DEBUG [eta.access] DELETE /api/students/9201 → 200 (4ms)
2026-09-19 16:19:54 DEBUG [asyncio] Using selector: KqueueSelector
2026-09-19 16:19:54 DEBUG [eta.access] GET /api/errors → 200 (2ms)
2026-09-19 16:19:54 DEBUG [asyncio] Using selector: KqueueSelector
2026-09-19 16:19:54 DEBUG [eta.access] DELETE /api/students/9201 → 404 (2ms)
2026-09-19 16:19:54 DEBUG [asyncio] Using selector: KqueueSelector
2026-09-19 16:19:54 DEBUG [eta.access] POST /api/students → 200 (4ms)
2026-09-19 16:19:54 DEBUG [asyncio] Using selector: KqueueSelector
2026-09-19 16:19:54 DEBUG [eta.access] POST /api/errors/scan → 200 (5ms)
2026-09-19 16:19:54 DEBUG [asyncio] Using selector: KqueueSelector
2026-09-19 16:19:54 DEBUG [eta.access] DELETE /api/students/9102 → 200 (3ms)
2026-09-19 16:19:54 DEBUG [asyncio] Using selector: KqueueSelector
2026-09-19 16:19:54 DEBUG [eta.access] GET /api/errors → 200 (3ms)
2026-09-19 16:19:54 DEBUG [asyncio] Using selector: KqueueSelector
2026-09-19 16:19:54 DEBUG [eta.access] POST /api/classes → 200 (4ms)
2026-09-19 16:19:54 DEBUG [asyncio] Using selector: KqueueSelector
2026-09-19 16:19:54 DEBUG [eta.access] GET /api/classes → 200 (2ms)
2026-09-19 16:19:54 DEBUG [asyncio] Using selector: KqueueSelector
2026-09-19 16:19:54 DEBUG [eta.access] POST /api/classes → 400 (2ms)
2026-09-19 16:19:54 DEBUG [asyncio] Using selector: KqueueSelector
2026-09-19 16:19:54 DEBUG [eta.access] POST /api/classes → 400 (2ms)
2026-09-19 16:19:54 DEBUG [asyncio] Using selector: KqueueSelector
2026-09-19 16:19:54 DEBUG [eta.access] POST /api/students → 200 (3ms)
2026-09-19 16:19:54 DEBUG [asyncio] Using selector: KqueueSelector
2026-09-19 16:19:54 DEBUG [eta.access] POST /api/errors/scan → 200 (4ms)
2026-09-19 16:19:54 DEBUG [asyncio] Using selector: KqueueSelector
2026-09-19 16:19:54 DEBUG [eta.access] PUT /api/classes/九(1)班 → 200 (4ms)
2026-09-19 16:19:54 DEBUG [asyncio] Using selector: KqueueSelector
2026-09-19 16:19:54 DEBUG [eta.access] GET /api/classes → 200 (1ms)
2026-09-19 16:19:54 DEBUG [asyncio] Using selector: KqueueSelector
2026-09-19 16:19:54 DEBUG [eta.access] GET /api/students → 200 (2ms)
2026-09-19 16:19:54 DEBUG [asyncio] Using selector: KqueueSelector
2026-09-19 16:19:54 DEBUG [eta.access] GET /api/errors → 200 (2ms)
2026-09-19 16:19:54 DEBUG [asyncio] Using selector: KqueueSelector
2026-09-19 16:19:54 DEBUG [eta.access] DELETE /api/classes/九(2)班 → 200 (4ms)
2026-09-19 16:19:54 DEBUG [asyncio] Using selector: KqueueSelector
2026-09-19 16:19:54 DEBUG [eta.access] GET /api/students → 200 (1ms)
2026-09-19 16:19:54 DEBUG [asyncio] Using selector: KqueueSelector
2026-09-19 16:19:54 DEBUG [eta.access] GET /api/errors → 200 (2ms)
2026-09-19 16:19:54 DEBUG [asyncio] Using selector: KqueueSelector
2026-09-19 16:19:54 DEBUG [eta.access] POST /api/classes → 200 (4ms)
2026-09-19 16:19:54 DEBUG [asyncio] Using selector: KqueueSelector
2026-09-19 16:19:54 DEBUG [eta.access] POST /api/classes → 200 (4ms)
2026-09-19 16:19:54 DEBUG [asyncio] Using selector: KqueueSelector
2026-09-19 16:19:54 DEBUG [eta.access] POST /api/students → 200 (3ms)
2026-09-19 16:19:54 DEBUG [asyncio] Using selector: KqueueSelector
2026-09-19 16:19:54 DEBUG [eta.access] PUT /api/classes/九(3)班 → 400 (2ms)
2026-09-19 16:19:54 DEBUG [asyncio] Using selector: KqueueSelector
2026-09-19 16:19:54 DEBUG [eta.access] DELETE /api/classes/九(3)班 → 200 (3ms)
2026-09-19 16:19:54 DEBUG [asyncio] Using selector: KqueueSelector
2026-09-19 16:19:54 DEBUG [eta.access] DELETE /api/classes/九(1)班 → 200 (3ms)
2026-09-19 16:19:54 DEBUG [asyncio] Using selector: KqueueSelector
2026-09-19 16:19:54 DEBUG [eta.access] GET /api/classes → 200 (2ms)
2026-09-19 16:19:54 DEBUG [asyncio] Using selector: KqueueSelector
2026-09-19 16:19:54 DEBUG [eta.access] POST /api/classes → 200 (4ms)
2026-09-19 16:19:54 DEBUG [asyncio] Using selector: KqueueSelector
2026-09-19 16:19:54 DEBUG [eta.access] POST /api/students → 200 (5ms)
2026-09-19 16:19:54 DEBUG [asyncio] Using selector: KqueueSelector
2026-09-19 16:19:54 DEBUG [eta.access] POST /api/errors/scan → 200 (6ms)
2026-09-19 16:19:54 DEBUG [asyncio] Using selector: KqueueSelector
2026-09-19 16:19:54 DEBUG [eta.access] DELETE /api/classes/旧库班 → 200 (3ms)
2026-09-19 16:19:54 DEBUG [asyncio] Using selector: KqueueSelector
2026-09-19 16:19:54 DEBUG [eta.access] POST /api/errors/scan → 200 (5ms)
2026-09-19 16:19:54 DEBUG [asyncio] Using selector: KqueueSelector
2026-09-19 16:19:54 DEBUG [eta.access] POST /api/errors/1/confirm → 200 (3ms)
2026-09-19 16:19:54 DEBUG [asyncio] Using selector: KqueueSelector
2026-09-19 16:19:54 DEBUG [eta.access] POST /api/errors/scan → 200 (4ms)
2026-09-19 16:19:54 DEBUG [asyncio] Using selector: KqueueSelector
2026-09-19 16:19:54 DEBUG [eta.access] POST /api/errors/2/confirm → 200 (4ms)
2026-09-19 16:19:54 DEBUG [asyncio] Using selector: KqueueSelector
2026-09-19 16:19:54 DEBUG [eta.access] POST /api/errors/scan → 200 (4ms)
2026-09-19 16:19:54 DEBUG [asyncio] Using selector: KqueueSelector
2026-09-19 16:19:54 DEBUG [eta.access] POST /api/errors/3/confirm → 200 (4ms)
2026-09-19 16:19:54 DEBUG [asyncio] Using selector: KqueueSelector
2026-09-19 16:19:54 DEBUG [eta.access] POST /api/errors/scan → 200 (5ms)
2026-09-19 16:19:54 DEBUG [asyncio] Using selector: KqueueSelector
2026-09-19 16:19:54 DEBUG [eta.access] POST /api/errors/4/confirm → 200 (4ms)
2026-09-19 16:19:54 DEBUG [asyncio] Using selector: KqueueSelector
2026-09-19 16:19:54 DEBUG [eta.access] POST /api/decision-sheet/ai → 200 (6ms)
2026-09-19 16:19:54 DEBUG [asyncio] Using selector: KqueueSelector
2026-09-19 16:19:54 DEBUG [eta.access] POST /api/decision-sheet/ai → 400 (3ms)
2026-09-19 16:19:54 DEBUG [asyncio] Using selector: KqueueSelector
2026-09-19 16:19:54 DEBUG [eta.access] POST /api/practice/generate → 422 (1ms)
2026-09-19 16:19:54 DEBUG [asyncio] Using selector: KqueueSelector
2026-09-19 16:19:54 DEBUG [eta.access] POST /api/practice/generate → 422 (1ms)
2026-09-19 16:19:54 DEBUG [asyncio] Using selector: KqueueSelector
2026-09-19 16:19:54 DEBUG [eta.access] POST /api/practice/generate → 200 (4ms)
2026-09-19 16:19:54 DEBUG [asyncio] Using selector: KqueueSelector
2026-09-19 16:19:54 DEBUG [eta.access] POST /api/practice/generate → 200 (5ms)
2026-09-19 16:19:54 DEBUG [asyncio] Using selector: KqueueSelector
2026-09-19 16:19:54 DEBUG [eta.access] POST /api/practice/generate → 200 (4ms)
2026-09-19 16:19:54 DEBUG [asyncio] Using selector: KqueueSelector
2026-09-19 16:19:54 DEBUG [eta.access] POST /api/practice/generate → 400 (1ms)
2026-09-19 16:19:54 DEBUG [asyncio] Using selector: KqueueSelector
2026-09-19 16:19:54 DEBUG [eta.access] POST /api/practice/generate → 400 (2ms)
2026-09-19 16:19:54 DEBUG [asyncio] Using selector: KqueueSelector
2026-09-19 16:19:54 DEBUG [eta.access] POST /api/paper/generate → 400 (2ms)
2026-09-19 16:19:54 DEBUG [asyncio] Using selector: KqueueSelector
2026-09-19 16:19:54 DEBUG [eta.access] POST /api/errors/scan → 200 (4ms)
2026-09-19 16:19:54 DEBUG [asyncio] Using selector: KqueueSelector
2026-09-19 16:19:54 DEBUG [eta.access] POST /api/errors/1/confirm → 200 (4ms)
2026-09-19 16:19:54 DEBUG [asyncio] Using selector: KqueueSelector
2026-09-19 16:19:54 DEBUG [eta.access] POST /api/errors/scan → 200 (3ms)
2026-09-19 16:19:54 DEBUG [asyncio] Using selector: KqueueSelector
2026-09-19 16:19:54 DEBUG [eta.access] POST /api/errors/2/confirm → 200 (5ms)
2026-09-19 16:19:54 DEBUG [asyncio] Using selector: KqueueSelector
2026-09-19 16:19:54 DEBUG [eta.access] POST /api/paper/generate → 200 (4ms)
2026-09-19 16:19:54 DEBUG [asyncio] Using selector: KqueueSelector
2026-09-19 16:19:54 DEBUG [eta.access] POST /api/paper/generate → 200 (4ms)
2026-09-19 16:19:54 DEBUG [asyncio] Using selector: KqueueSelector
2026-09-19 16:19:54 DEBUG [eta.access] POST /api/paper/generate → 422 (2ms)
2026-09-19 16:19:54 DEBUG [asyncio] Using selector: KqueueSelector
2026-09-19 16:19:54 DEBUG [eta.access] POST /api/paper/generate → 422 (1ms)
2026-09-19 16:19:54 DEBUG [asyncio] Using selector: KqueueSelector
2026-09-19 16:19:54 DEBUG [eta.access] POST /api/paper/generate → 200 (5ms)
2026-09-19 16:19:54 DEBUG [asyncio] Using selector: KqueueSelector
2026-09-19 16:19:54 DEBUG [eta.access] GET /api/papers → 200 (2ms)
2026-09-19 16:19:54 DEBUG [asyncio] Using selector: KqueueSelector
2026-09-19 16:19:54 DEBUG [eta.access] POST /api/paper/1/approve → 200 (3ms)
2026-09-19 16:19:54 DEBUG [asyncio] Using selector: KqueueSelector
2026-09-19 16:19:54 DEBUG [eta.access] POST /api/paper/1/approve → 404 (2ms)
2026-09-19 16:19:54 DEBUG [asyncio] Using selector: KqueueSelector
2026-09-19 16:19:54 DEBUG [eta.access] GET /api/papers → 200 (2ms)
2026-09-19 16:19:54 DEBUG [asyncio] Using selector: KqueueSelector
2026-09-19 16:19:54 DEBUG [eta.access] POST /api/practice/generate → 200 (4ms)
2026-09-19 16:19:54 DEBUG [asyncio] Using selector: KqueueSelector
2026-09-19 16:19:54 DEBUG [eta.access] GET /api/practices/export → 400 (19ms)
2026-09-19 16:19:54 DEBUG [asyncio] Using selector: KqueueSelector
2026-09-19 16:19:54 DEBUG [eta.access] GET /api/practices/export → 200 (2ms)
2026-09-19 16:19:54 DEBUG [asyncio] Using selector: KqueueSelector
2026-09-19 16:19:54 DEBUG [eta.access] POST /api/practice/1/approve → 200 (3ms)
2026-09-19 16:19:54 DEBUG [asyncio] Using selector: KqueueSelector
2026-09-19 16:19:54 DEBUG [eta.access] GET /api/practices/export → 200 (2ms)
2026-09-19 16:19:54 DEBUG [asyncio] Using selector: KqueueSelector
2026-09-19 16:19:54 DEBUG [eta.access] GET /api/practices/export → 200 (155ms)
2026-09-19 16:19:54 DEBUG [asyncio] Using selector: KqueueSelector
2026-09-19 16:19:54 DEBUG [eta.access] POST /api/practice/generate → 200 (4ms)
2026-09-19 16:19:54 DEBUG [asyncio] Using selector: KqueueSelector
2026-09-19 16:19:54 DEBUG [eta.access] POST /api/practice/2/approve → 200 (3ms)
2026-09-19 16:19:54 DEBUG [asyncio] Using selector: KqueueSelector
2026-09-19 16:19:54 DEBUG [eta.access] GET /api/practices/export → 200 (2ms)
2026-09-19 16:19:54 DEBUG [asyncio] Using selector: KqueueSelector
2026-09-19 16:19:54 DEBUG [eta.access] GET /api/practices/export → 400 (1ms)
2026-09-19 16:19:54 DEBUG [asyncio] Using selector: KqueueSelector
2026-09-19 16:19:54 DEBUG [eta.access] POST /api/errors/scan → 200 (5ms)
2026-09-19 16:19:54 DEBUG [asyncio] Using selector: KqueueSelector
2026-09-19 16:19:54 DEBUG [eta.access] POST /api/errors/1/confirm → 200 (4ms)
2026-09-19 16:19:54 DEBUG [asyncio] Using selector: KqueueSelector
2026-09-19 16:19:54 DEBUG [eta.access] POST /api/errors/scan → 200 (4ms)
2026-09-19 16:19:54 DEBUG [asyncio] Using selector: KqueueSelector
2026-09-19 16:19:54 DEBUG [eta.access] POST /api/errors/2/confirm → 200 (4ms)
2026-09-19 16:19:54 DEBUG [asyncio] Using selector: KqueueSelector
2026-09-19 16:19:54 DEBUG [eta.access] POST /api/paper/generate → 200 (4ms)
2026-09-19 16:19:54 DEBUG [asyncio] Using selector: KqueueSelector
2026-09-19 16:19:54 DEBUG [eta.access] GET /api/papers/1/export → 400 (2ms)
2026-09-19 16:19:54 DEBUG [asyncio] Using selector: KqueueSelector
2026-09-19 16:19:55 DEBUG [eta.access] POST /api/paper/1/approve → 200 (3ms)
2026-09-19 16:19:55 DEBUG [asyncio] Using selector: KqueueSelector
2026-09-19 16:19:55 DEBUG [eta.access] GET /api/papers/1/export → 200 (2ms)
2026-09-19 16:19:55 DEBUG [asyncio] Using selector: KqueueSelector
2026-09-19 16:19:55 DEBUG [eta.access] GET /api/papers/1/export → 200 (35ms)
2026-09-19 16:19:55 DEBUG [asyncio] Using selector: KqueueSelector
2026-09-19 16:19:55 DEBUG [eta.access] GET /api/papers/999/export → 404 (2ms)
2026-09-19 16:19:55 DEBUG [asyncio] Using selector: KqueueSelector
2026-09-19 16:19:55 DEBUG [eta.access] POST /api/classes → 200 (4ms)
2026-09-19 16:19:55 DEBUG [asyncio] Using selector: KqueueSelector
2026-09-19 16:19:55 DEBUG [eta.access] POST /api/students → 200 (3ms)
2026-09-19 16:19:55 DEBUG [asyncio] Using selector: KqueueSelector
2026-09-19 16:19:55 DEBUG [eta.access] POST /api/errors/scan → 200 (5ms)
2026-09-19 16:19:55 DEBUG [asyncio] Using selector: KqueueSelector
2026-09-19 16:19:55 DEBUG [eta.access] POST /api/errors/1/confirm → 200 (5ms)
2026-09-19 16:19:55 DEBUG [asyncio] Using selector: KqueueSelector
2026-09-19 16:19:55 DEBUG [eta.access] POST /api/errors/scan → 200 (5ms)
2026-09-19 16:19:55 DEBUG [asyncio] Using selector: KqueueSelector
2026-09-19 16:19:55 DEBUG [eta.access] POST /api/errors/2/confirm → 200 (5ms)
2026-09-19 16:19:55 DEBUG [asyncio] Using selector: KqueueSelector
2026-09-19 16:19:55 DEBUG [eta.access] POST /api/errors/scan → 200 (6ms)
2026-09-19 16:19:55 DEBUG [asyncio] Using selector: KqueueSelector
2026-09-19 16:19:55 DEBUG [eta.access] POST /api/errors/3/confirm → 200 (4ms)
2026-09-19 16:19:55 DEBUG [asyncio] Using selector: KqueueSelector
2026-09-19 16:19:55 DEBUG [eta.access] POST /api/errors/scan → 200 (7ms)
2026-09-19 16:19:55 DEBUG [asyncio] Using selector: KqueueSelector
2026-09-19 16:19:55 DEBUG [eta.access] POST /api/errors/4/confirm → 200 (4ms)
2026-09-19 16:19:55 DEBUG [asyncio] Using selector: KqueueSelector
2026-09-19 16:19:55 DEBUG [eta.access] POST /api/errors/scan → 200 (5ms)
2026-09-19 16:19:55 DEBUG [asyncio] Using selector: KqueueSelector
2026-09-19 16:19:55 DEBUG [eta.access] POST /api/errors/5/confirm → 200 (5ms)
2026-09-19 16:19:55 DEBUG [asyncio] Using selector: KqueueSelector
2026-09-19 16:19:55 DEBUG [eta.access] GET /api/decision-sheet/export → 200 (6ms)
2026-09-19 16:19:55 DEBUG [asyncio] Using selector: KqueueSelector
2026-09-19 16:19:55 DEBUG [eta.access] GET /api/decision-sheet/export → 200 (49ms)
2026-09-19 16:19:55 DEBUG [asyncio] Using selector: KqueueSelector
2026-09-19 16:19:55 DEBUG [eta.access] POST /api/students/import → 200 (4ms)
2026-09-19 16:19:55 DEBUG [asyncio] Using selector: KqueueSelector
2026-09-19 16:19:55 DEBUG [eta.access] POST /api/errors/scan → 200 (5ms)
2026-09-19 16:19:55 DEBUG [asyncio] Using selector: KqueueSelector
2026-09-19 16:19:55 DEBUG [eta.access] POST /api/errors/1/confirm → 200 (5ms)
2026-09-19 16:19:55 DEBUG [asyncio] Using selector: KqueueSelector
2026-09-19 16:19:55 DEBUG [eta.access] POST /api/errors/scan → 200 (5ms)
2026-09-19 16:19:55 DEBUG [asyncio] Using selector: KqueueSelector
2026-09-19 16:19:55 DEBUG [eta.access] POST /api/errors/2/confirm → 200 (5ms)
2026-09-19 16:19:55 DEBUG [asyncio] Using selector: KqueueSelector
2026-09-19 16:19:55 INFO [eta.export] 导出学生综合信息：2 名学生（class=九(1)班）
2026-09-19 16:19:55 DEBUG [eta.access] GET /api/students/export.csv → 200 (5ms)
2026-09-19 16:19:55 DEBUG [asyncio] Using selector: KqueueSelector
2026-09-19 16:19:55 DEBUG [eta.access] GET /api/errors/batches → 200 (2ms)
2026-09-19 16:19:55 DEBUG [asyncio] Using selector: KqueueSelector
2026-09-19 16:19:55 DEBUG [eta.access] GET /api/errors/batches → 200 (4ms)
2026-09-19 16:19:55 DEBUG [asyncio] Using selector: KqueueSelector
2026-09-19 16:19:55 DEBUG [eta.access] GET /api/decision-sheet → 200 (8ms)
2026-09-19 16:19:55 DEBUG [asyncio] Using selector: KqueueSelector
2026-09-19 16:19:55 DEBUG [eta.access] GET /api/decision-sheet → 200 (5ms)
2026-09-19 16:19:55 DEBUG [asyncio] Using selector: KqueueSelector
2026-09-19 16:19:55 DEBUG [eta.access] GET /api/dashboard → 200 (5ms)
2026-09-19 16:19:55 DEBUG [asyncio] Using selector: KqueueSelector
2026-09-19 16:19:55 DEBUG [eta.access] GET /api/dashboard → 200 (7ms)
2026-09-19 16:19:55 DEBUG [asyncio] Using selector: KqueueSelector
2026-09-19 16:19:55 DEBUG [eta.access] GET /api/trends/categories → 200 (3ms)
2026-09-19 16:19:55 DEBUG [asyncio] Using selector: KqueueSelector
2026-09-19 16:19:55 DEBUG [eta.access] POST /api/errors/confirm-bulk → 200 (3ms)
2026-09-19 16:19:55 DEBUG [asyncio] Using selector: KqueueSelector
2026-09-19 16:19:55 DEBUG [eta.access] GET /api/dashboard → 200 (5ms)
2026-09-19 16:19:55 DEBUG [asyncio] Using selector: KqueueSelector
2026-09-19 16:19:55 DEBUG [eta.access] GET /api/decision-sheet/export → 200 (4ms)
2026-09-19 16:19:55 DEBUG [asyncio] Using selector: KqueueSelector
2026-09-19 16:19:55 DEBUG [eta.access] POST /api/check/dictation → 200 (10ms)
2026-09-19 16:19:55 DEBUG [asyncio] Using selector: KqueueSelector
2026-09-19 16:19:55 DEBUG [eta.access] GET /api/errors → 200 (2ms)
2026-09-19 16:19:55 DEBUG [asyncio] Using selector: KqueueSelector
2026-09-19 16:19:55 DEBUG [eta.access] GET /api/check/sessions → 200 (2ms)
2026-09-19 16:19:56 DEBUG [asyncio] Using selector: KqueueSelector
2026-09-19 16:19:56 DEBUG [eta.access] GET /api/check/sessions/1 → 200 (2ms)
2026-09-19 16:19:56 DEBUG [asyncio] Using selector: KqueueSelector
2026-09-19 16:19:56 DEBUG [eta.access] POST /api/check/assignment → 200 (12ms)
2026-09-19 16:19:56 DEBUG [asyncio] Using selector: KqueueSelector
2026-09-19 16:19:56 DEBUG [eta.access] GET /api/errors → 200 (2ms)
2026-09-19 16:19:56 DEBUG [asyncio] Using selector: KqueueSelector
2026-09-19 16:19:56 DEBUG [eta.access] POST /api/check/assignment → 200 (10ms)
2026-09-19 16:19:56 DEBUG [asyncio] Using selector: KqueueSelector
2026-09-19 16:19:56 DEBUG [eta.access] GET /api/errors → 200 (3ms)
2026-09-19 16:19:56 DEBUG [asyncio] Using selector: KqueueSelector
2026-09-19 16:19:56 DEBUG [eta.access] POST /api/check/assignment → 200 (4ms)
2026-09-19 16:19:56 DEBUG [asyncio] Using selector: KqueueSelector
2026-09-19 16:19:56 DEBUG [eta.access] POST /api/check/assignment → 200 (8ms)
2026-09-19 16:19:56 DEBUG [asyncio] Using selector: KqueueSelector
2026-09-19 16:19:56 DEBUG [eta.access] POST /api/check/dictation → 400 (1ms)
2026-09-19 16:19:56 DEBUG [asyncio] Using selector: KqueueSelector
2026-09-19 16:19:56 DEBUG [eta.access] POST /api/check/assignment → 400 (2ms)
2026-09-19 16:19:56 DEBUG [asyncio] Using selector: KqueueSelector
2026-09-19 16:19:56 DEBUG [eta.access] GET /api/check/sessions/999999 → 404 (2ms)
2026-09-19 16:19:56 DEBUG [asyncio] Using selector: KqueueSelector
2026-09-19 16:19:56 DEBUG [eta.access] POST /api/check/dictation → 200 (4ms)
2026-09-19 16:19:56 DEBUG [asyncio] Using selector: KqueueSelector
2026-09-19 16:19:56 DEBUG [eta.access] PATCH /api/check/sessions/1 → 200 (4ms)
2026-09-19 16:19:56 DEBUG [asyncio] Using selector: KqueueSelector
2026-09-19 16:19:56 DEBUG [eta.access] GET /api/check/sessions → 200 (2ms)
2026-09-19 16:19:56 DEBUG [asyncio] Using selector: KqueueSelector
2026-09-19 16:19:56 DEBUG [eta.access] POST /api/students/import → 200 (4ms)
2026-09-19 16:19:56 DEBUG [asyncio] Using selector: KqueueSelector
2026-09-19 16:19:56 DEBUG [eta.access] POST /api/check/read-papers → 200 (4ms)
2026-09-19 16:19:56 DEBUG [asyncio] Using selector: KqueueSelector
2026-09-19 16:19:56 WARNING [eta.services.papers] 读纸 OCR 失败（第 1 张）：未配置
2026-09-19 16:19:56 DEBUG [eta.access] POST /api/check/read-papers → 200 (2ms)
2026-09-19 16:19:56 DEBUG [asyncio] Using selector: KqueueSelector
2026-09-19 16:19:56 DEBUG [eta.access] POST /api/students/import → 200 (5ms)
2026-09-19 16:19:56 DEBUG [asyncio] Using selector: KqueueSelector
2026-09-19 16:19:56 DEBUG [eta.access] POST /api/check/dictation → 200 (7ms)
2026-09-19 16:19:56 DEBUG [asyncio] Using selector: KqueueSelector
2026-09-19 16:19:56 DEBUG [eta.access] GET /api/check/sessions/1/export → 200 (3ms)
2026-09-19 16:19:56 DEBUG [asyncio] Using selector: KqueueSelector
2026-09-19 16:19:56 DEBUG [eta.access] GET /api/check/sessions/999999/export → 404 (2ms)
2026-09-19 16:19:56 DEBUG [asyncio] Using selector: KqueueSelector
2026-09-19 16:19:56 DEBUG [eta.access] POST /api/students → 200 (3ms)
2026-09-19 16:19:56 DEBUG [asyncio] Using selector: KqueueSelector
2026-09-19 16:19:56 DEBUG [eta.access] POST /api/students → 200 (3ms)
2026-09-19 16:19:56 DEBUG [asyncio] Using selector: KqueueSelector
2026-09-19 16:19:56 DEBUG [eta.access] POST /api/students → 200 (5ms)
2026-09-19 16:19:56 DEBUG [asyncio] Using selector: KqueueSelector
2026-09-19 16:19:56 DEBUG [eta.access] POST /api/students → 200 (4ms)
2026-09-19 16:19:56 DEBUG [asyncio] Using selector: KqueueSelector
2026-09-19 16:19:56 DEBUG [eta.access] POST /api/students → 200 (5ms)
2026-09-19 16:19:56 DEBUG [asyncio] Using selector: KqueueSelector
2026-09-19 16:19:56 DEBUG [eta.access] POST /api/students → 200 (3ms)
2026-09-19 16:19:56 DEBUG [asyncio] Using selector: KqueueSelector
2026-09-19 16:19:56 DEBUG [eta.access] POST /api/students/S01/cleanup → 200 (5ms)
2026-09-19 16:19:56 DEBUG [asyncio] Using selector: KqueueSelector
2026-09-19 16:19:56 DEBUG [eta.access] GET /api/students/S01/profile → 200 (3ms)
2026-09-19 16:19:56 DEBUG [asyncio] Using selector: KqueueSelector
2026-09-19 16:19:56 DEBUG [eta.access] POST /api/students/S01/cleanup → 200 (4ms)
2026-09-19 16:19:56 DEBUG [asyncio] Using selector: KqueueSelector
2026-09-19 16:19:56 DEBUG [eta.access] GET /api/students/S01/profile → 200 (2ms)
2026-09-19 16:19:56 DEBUG [asyncio] Using selector: KqueueSelector
2026-09-19 16:19:56 DEBUG [eta.access] POST /api/students → 200 (4ms)
2026-09-19 16:19:56 DEBUG [asyncio] Using selector: KqueueSelector
2026-09-19 16:19:56 DEBUG [eta.access] POST /api/students → 200 (4ms)
2026-09-19 16:19:56 DEBUG [asyncio] Using selector: KqueueSelector
2026-09-19 16:19:56 DEBUG [eta.access] POST /api/students/S01/cleanup → 200 (3ms)
2026-09-19 16:19:56 DEBUG [asyncio] Using selector: KqueueSelector
2026-09-19 16:19:56 DEBUG [eta.access] POST /api/students → 200 (4ms)
2026-09-19 16:19:56 DEBUG [asyncio] Using selector: KqueueSelector
2026-09-19 16:19:56 DEBUG [eta.access] POST /api/students → 200 (3ms)
2026-09-19 16:19:56 DEBUG [asyncio] Using selector: KqueueSelector
2026-09-19 16:19:56 DEBUG [eta.access] POST /api/students/S01/cleanup → 200 (4ms)
2026-09-19 16:19:56 DEBUG [asyncio] Using selector: KqueueSelector
2026-09-19 16:19:56 DEBUG [eta.access] POST /api/students → 200 (5ms)
2026-09-19 16:19:56 DEBUG [asyncio] Using selector: KqueueSelector
2026-09-19 16:19:56 DEBUG [eta.access] POST /api/students → 200 (4ms)
2026-09-19 16:19:56 DEBUG [asyncio] Using selector: KqueueSelector
2026-09-19 16:19:56 DEBUG [eta.access] POST /api/students/S01/cleanup → 200 (3ms)
2026-09-19 16:19:56 DEBUG [asyncio] Using selector: KqueueSelector
2026-09-19 16:19:56 DEBUG [eta.access] POST /api/students → 200 (5ms)
2026-09-19 16:19:56 DEBUG [asyncio] Using selector: KqueueSelector
2026-09-19 16:19:56 DEBUG [eta.access] POST /api/students/P01/cleanup → 400 (2ms)
2026-09-19 16:19:56 DEBUG [asyncio] Using selector: KqueueSelector
2026-09-19 16:19:56 DEBUG [eta.access] POST /api/students/P01/cleanup → 400 (2ms)
2026-09-19 16:19:56 DEBUG [asyncio] Using selector: KqueueSelector
2026-09-19 16:19:56 DEBUG [eta.access] POST /api/students/NOPE/cleanup → 404 (2ms)
2026-09-19 16:19:56 DEBUG [asyncio] Using selector: KqueueSelector
2026-09-19 16:19:56 DEBUG [eta.access] POST /api/students → 200 (4ms)
2026-09-19 16:19:56 DEBUG [asyncio] Using selector: KqueueSelector
2026-09-19 16:19:56 DEBUG [eta.access] POST /api/students/V01/cleanup → 400 (3ms)
2026-09-19 16:19:57 WARNING [eta.ocr] dual 文档流 mineru 通道失败（降级继续）：MinerU 链路抖动
2026-09-19 16:19:57 WARNING [eta.ocr] dual 文档流 mineru 通道失败（降级继续）：down
2026-09-19 16:19:57 WARNING [eta.ocr] dual 文档流 paddleocr 通道失败（降级继续）：down
2026-09-19 16:19:57 DEBUG [asyncio] Using selector: KqueueSelector
2026-09-19 16:19:57 DEBUG [eta.access] GET /api/logs/files → 200 (4ms)
2026-09-19 16:19:57 DEBUG [asyncio] Using selector: KqueueSelector
2026-09-19 16:19:57 DEBUG [eta.access] GET /api/logs/view → 200 (1ms)
2026-09-19 16:19:57 DEBUG [asyncio] Using selector: KqueueSelector
2026-09-19 16:19:57 DEBUG [eta.access] GET /api/logs/download → 200 (2ms)
2026-09-19 16:19:57 DEBUG [asyncio] Using selector: KqueueSelector
2026-09-19 16:19:57 DEBUG [eta.access] GET /api/logs/view → 400 (1ms)
2026-09-19 16:19:57 DEBUG [asyncio] Using selector: KqueueSelector
2026-09-19 16:19:57 DEBUG [eta.access] GET /api/logs/view → 400 (1ms)
2026-09-19 16:19:57 DEBUG [asyncio] Using selector: KqueueSelector
2026-09-19 16:19:57 DEBUG [eta.access] GET /api/logs/view → 400 (2ms)
2026-09-19 16:19:57 DEBUG [asyncio] Using selector: KqueueSelector
2026-09-19 16:19:57 DEBUG [eta.access] GET /api/logs/view → 400 (1ms)
2026-09-19 16:19:57 DEBUG [asyncio] Using selector: KqueueSelector
2026-09-19 16:19:57 DEBUG [eta.access] GET /api/logs/view → 400 (1ms)
2026-09-19 16:19:57 DEBUG [asyncio] Using selector: KqueueSelector
2026-09-19 16:19:57 DEBUG [eta.access] GET /api/logs/view → 404 (1ms)
2026-09-19 16:19:57 DEBUG [asyncio] Using selector: KqueueSelector
2026-09-19 16:19:57 ERROR [eta.logs] 浏览器 [ERROR] 页面=#/scan 页面脚本错误
at boot
2026-09-19 16:19:57 DEBUG [eta.access] POST /api/logs/client → 200 (3ms)
2026-09-19 16:19:57 INFO [eta.ocr] MinerU batch=b1 创建，上传图片 (5 bytes)
2026-09-19 16:19:58 WARNING [eta.trace] 运行留痕写入失败：[Errno 20] Not a directory: '/private/var/folders/sh/v4ws268d63928m_6n_jzds6m0000gn/T/pytest-of-zbloom/pytest-11/test_record_never_raises_on_io0/blocker/sub'
2026-09-19 16:19:58 DEBUG [asyncio] Using selector: KqueueSelector
2026-09-19 16:19:58 DEBUG [eta.access] POST /api/check/organize-upload → 200 (2ms)
2026-09-19 16:19:58 DEBUG [asyncio] Using selector: KqueueSelector
2026-09-19 16:19:58 DEBUG [eta.access] POST /api/check/organize-upload → 200 (1ms)
2026-09-19 16:19:58 DEBUG [asyncio] Using selector: KqueueSelector
2026-09-19 16:19:58 DEBUG [eta.access] POST /api/check/organize-upload → 400 (2ms)
2026-09-19 16:19:58 DEBUG [asyncio] Using selector: KqueueSelector
2026-09-19 16:19:58 DEBUG [eta.access] POST /api/students/import → 200 (4ms)
2026-09-19 16:19:58 DEBUG [asyncio] Using selector: KqueueSelector
2026-09-19 16:19:58 DEBUG [eta.access] POST /api/check/photo-parse → 200 (4ms)
2026-09-19 16:19:58 DEBUG [asyncio] Using selector: KqueueSelector
2026-09-19 16:19:58 DEBUG [eta.access] POST /api/check/photo-parse → 200 (3ms)
2026-09-19 16:19:58 DEBUG [asyncio] Using selector: KqueueSelector
2026-09-19 16:19:58 DEBUG [eta.access] POST /api/check/photo-parse → 200 (3ms)
2026-09-19 16:19:58 DEBUG [asyncio] Using selector: KqueueSelector
2026-09-19 16:19:58 WARNING [eta.services.photo_check] 批改读图失败（张三/bad.jpg）：识别失败
2026-09-19 16:19:58 DEBUG [eta.access] POST /api/check/photo-parse → 200 (3ms)
2026-09-19 16:19:58 DEBUG [asyncio] Using selector: KqueueSelector
2026-09-19 16:19:58 DEBUG [eta.access] POST /api/check/photo-parse → 422 (2ms)
2026-09-19 16:19:58 DEBUG [asyncio] Using selector: KqueueSelector
2026-09-19 16:19:58 DEBUG [eta.access] POST /api/students/import → 200 (4ms)
2026-09-19 16:19:58 DEBUG [asyncio] Using selector: KqueueSelector
2026-09-19 16:19:58 DEBUG [eta.access] POST /api/check/assignment → 200 (9ms)
2026-09-19 16:19:58 DEBUG [asyncio] Using selector: KqueueSelector
2026-09-19 16:19:58 DEBUG [eta.access] GET /api/errors → 200 (2ms)
2026-09-19 16:19:58 DEBUG [asyncio] Using selector: KqueueSelector
2026-09-19 16:19:58 DEBUG [eta.access] GET /api/check/sessions/1/files → 200 (2ms)
2026-09-19 16:19:58 DEBUG [asyncio] Using selector: KqueueSelector
2026-09-19 16:19:58 DEBUG [eta.access] GET /api/check/sessions → 200 (2ms)
2026-09-19 16:19:58 DEBUG [asyncio] Using selector: KqueueSelector
2026-09-19 16:19:58 DEBUG [eta.access] POST /api/check/assignment → 200 (8ms)
2026-09-19 16:19:58 DEBUG [asyncio] Using selector: KqueueSelector
2026-09-19 16:19:58 DEBUG [eta.access] GET /api/check/sessions/1 → 200 (4ms)
2026-09-19 16:19:58 DEBUG [asyncio] Using selector: KqueueSelector
2026-09-19 16:19:58 DEBUG [eta.access] POST /api/students/import → 200 (3ms)
2026-09-19 16:19:58 DEBUG [asyncio] Using selector: KqueueSelector
2026-09-19 16:19:58 DEBUG [eta.access] POST /api/check/assignment → 200 (9ms)
2026-09-19 16:19:58 DEBUG [asyncio] Using selector: KqueueSelector
2026-09-19 16:19:58 DEBUG [eta.access] POST /api/students/import → 200 (3ms)
2026-09-19 16:19:58 DEBUG [asyncio] Using selector: KqueueSelector
2026-09-19 16:19:58 DEBUG [eta.access] POST /api/check/assignment → 200 (8ms)
2026-09-19 16:19:58 DEBUG [asyncio] Using selector: KqueueSelector
2026-09-19 16:19:58 DEBUG [eta.access] GET /api/check/sessions → 200 (3ms)
2026-09-19 16:19:58 DEBUG [asyncio] Using selector: KqueueSelector
2026-09-19 16:19:58 DEBUG [eta.access] GET /api/check/sessions → 200 (2ms)
2026-09-19 16:19:58 DEBUG [asyncio] Using selector: KqueueSelector
2026-09-19 16:19:58 DEBUG [eta.access] POST /api/students/import → 200 (3ms)
2026-09-19 16:19:58 DEBUG [asyncio] Using selector: KqueueSelector
2026-09-19 16:19:58 DEBUG [eta.access] POST /api/check/assignment → 200 (8ms)
2026-09-19 16:19:58 DEBUG [asyncio] Using selector: KqueueSelector
2026-09-19 16:19:58 DEBUG [eta.access] GET /api/check/sessions/1/files → 200 (2ms)
2026-09-19 16:19:58 DEBUG [asyncio] Using selector: KqueueSelector
2026-09-19 16:19:58 DEBUG [eta.access] DELETE /api/check/sessions/1 → 200 (3ms)
2026-09-19 16:19:58 DEBUG [asyncio] Using selector: KqueueSelector
2026-09-19 16:19:58 DEBUG [eta.access] GET /api/check/sessions/1 → 404 (2ms)
2026-09-19 16:19:58 DEBUG [asyncio] Using selector: KqueueSelector
2026-09-19 16:19:58 DEBUG [eta.access] GET /api/check/sessions/1/files → 404 (2ms)
2026-09-19 16:19:58 DEBUG [asyncio] Using selector: KqueueSelector
2026-09-19 16:19:58 DEBUG [eta.access] GET /api/errors → 200 (2ms)
2026-09-19 16:19:58 DEBUG [asyncio] Using selector: KqueueSelector
2026-09-19 16:19:58 DEBUG [eta.access] POST /api/students/import → 200 (3ms)
2026-09-19 16:19:58 DEBUG [asyncio] Using selector: KqueueSelector
2026-09-19 16:19:58 DEBUG [eta.access] POST /api/check/assignment → 200 (8ms)
2026-09-19 16:19:58 DEBUG [asyncio] Using selector: KqueueSelector
2026-09-19 16:19:58 DEBUG [eta.access] DELETE /api/check/sessions/2 → 200 (3ms)
2026-09-19 16:19:58 DEBUG [asyncio] Using selector: KqueueSelector
2026-09-19 16:19:58 DEBUG [eta.access] GET /api/errors → 200 (2ms)
2026-09-19 16:19:58 DEBUG [asyncio] Using selector: KqueueSelector
2026-09-19 16:19:58 DEBUG [eta.access] DELETE /api/check/sessions/999999 → 404 (2ms)
2026-09-19 16:19:59 DEBUG [asyncio] Using selector: KqueueSelector
2026-09-19 16:19:59 DEBUG [eta.access] POST /api/students/import → 200 (5ms)
2026-09-19 16:19:59 DEBUG [asyncio] Using selector: KqueueSelector
2026-09-19 16:19:59 DEBUG [eta.access] POST /api/check/photo-parse → 200 (3ms)
2026-09-19 16:19:59 DEBUG [asyncio] Using selector: KqueueSelector
2026-09-19 16:19:59 DEBUG [eta.access] POST /api/check/photo-parse → 200 (2ms)
2026-09-19 16:19:59 DEBUG [asyncio] Using selector: KqueueSelector
2026-09-19 16:19:59 DEBUG [eta.access] POST /api/check/md-reparse → 200 (3ms)
2026-09-19 16:19:59 DEBUG [asyncio] Using selector: KqueueSelector
2026-09-19 16:19:59 DEBUG [eta.access] POST /api/check/md-reparse → 400 (1ms)
2026-09-19 16:19:59 DEBUG [asyncio] Using selector: KqueueSelector
2026-09-19 16:19:59 DEBUG [eta.access] POST /api/students/import → 200 (4ms)
2026-09-19 16:19:59 DEBUG [asyncio] Using selector: KqueueSelector
2026-09-19 16:19:59 DEBUG [eta.access] POST /api/check/assignment → 200 (4ms)
2026-09-19 16:19:59 DEBUG [asyncio] Using selector: KqueueSelector
2026-09-19 16:19:59 DEBUG [eta.access] POST /api/students/import → 200 (3ms)
2026-09-19 16:19:59 DEBUG [asyncio] Using selector: KqueueSelector
2026-09-19 16:19:59 DEBUG [eta.access] POST /api/check/assignment → 200 (5ms)
2026-09-19 16:19:59 DEBUG [asyncio] Using selector: KqueueSelector
2026-09-19 16:19:59 DEBUG [eta.access] GET /api/check/sessions → 200 (2ms)
2026-09-19 16:19:59 DEBUG [asyncio] Using selector: KqueueSelector
2026-09-19 16:19:59 DEBUG [eta.access] GET /api/check/sessions → 200 (2ms)
2026-09-19 16:19:59 DEBUG [asyncio] Using selector: KqueueSelector
2026-09-19 16:19:59 DEBUG [eta.access] GET /api/check/sessions → 200 (2ms)
2026-09-19 16:27:02 INFO [eta] 日志已就绪：目录 runtime/logs（按天轮转，保留 14 天，终端级别 INFO / 文件级别 DEBUG）
2026-09-19 16:27:02 INFO [eta.providers.agent_chat] 智能体会话调用完成 | 返回 2 字，耗时 0ms
2026-09-19 16:27:02 INFO [eta.providers.agent_chat] 智能体会话调用完成 | 返回 2 字，耗时 0ms
2026-09-19 16:27:02 WARNING [eta.providers.agent_chat] 智能体会话请求失败，2s 后重试一次：connection reset
2026-09-19 16:27:04 WARNING [eta.services.photo_check] 多图联合解析失败，该批降级逐张解析：多图联合失败
2026-09-19 16:27:04 WARNING [eta.services.photo_check] Markdown 结构化失败：DeepSeek 超时
2026-09-19 16:27:04 WARNING [eta.services.photo_check] 智能体会话解析失败，降级 OCR 转录解析：invalid_api_key
2026-09-19 16:27:04 WARNING [eta.services.photo_check] 多图联合解析失败，该批降级逐张解析：多图联合失败（测试桩）
2026-09-19 16:27:04 DEBUG [asyncio] Using selector: KqueueSelector
2026-09-19 16:27:04 DEBUG [eta.access] GET /api/health → 200 (31ms)
2026-09-19 16:27:04 DEBUG [asyncio] Using selector: KqueueSelector
2026-09-19 16:27:04 DEBUG [eta.access] GET /api/ontology → 200 (2ms)
2026-09-19 16:27:05 DEBUG [asyncio] Using selector: KqueueSelector
2026-09-19 16:27:05 DEBUG [eta.access] POST /api/students/import → 200 (4ms)
2026-09-19 16:27:05 DEBUG [asyncio] Using selector: KqueueSelector
2026-09-19 16:27:05 DEBUG [eta.access] GET /api/students → 200 (2ms)
2026-09-19 16:27:05 DEBUG [asyncio] Using selector: KqueueSelector
2026-09-19 16:27:05 DEBUG [eta.access] POST /api/errors/scan → 200 (7ms)
2026-09-19 16:27:05 DEBUG [asyncio] Using selector: KqueueSelector
2026-09-19 16:27:05 DEBUG [eta.access] GET /api/errors → 200 (3ms)
2026-09-19 16:27:05 DEBUG [asyncio] Using selector: KqueueSelector
2026-09-19 16:27:05 DEBUG [eta.access] POST /api/errors/1/confirm → 200 (5ms)
2026-09-19 16:27:05 DEBUG [asyncio] Using selector: KqueueSelector
2026-09-19 16:27:05 DEBUG [eta.access] POST /api/errors/scan → 200 (6ms)
2026-09-19 16:27:05 DEBUG [asyncio] Using selector: KqueueSelector
2026-09-19 16:27:05 DEBUG [eta.access] POST /api/errors/2/confirm → 200 (4ms)
2026-09-19 16:27:05 DEBUG [asyncio] Using selector: KqueueSelector
2026-09-19 16:27:05 DEBUG [eta.access] POST /api/errors/scan → 200 (6ms)
2026-09-19 16:27:05 DEBUG [asyncio] Using selector: KqueueSelector
2026-09-19 16:27:05 DEBUG [eta.access] GET /api/errors → 200 (2ms)
2026-09-19 16:27:05 DEBUG [asyncio] Using selector: KqueueSelector
2026-09-19 16:27:05 DEBUG [eta.access] POST /api/errors/3/confirm → 200 (4ms)
2026-09-19 16:27:05 DEBUG [asyncio] Using selector: KqueueSelector
2026-09-19 16:27:05 DEBUG [eta.access] POST /api/errors/scan → 200 (5ms)
2026-09-19 16:27:05 DEBUG [asyncio] Using selector: KqueueSelector
2026-09-19 16:27:05 DEBUG [eta.access] GET /api/errors → 200 (2ms)
2026-09-19 16:27:05 DEBUG [asyncio] Using selector: KqueueSelector
2026-09-19 16:27:05 DEBUG [eta.access] POST /api/errors/4/confirm → 200 (4ms)
2026-09-19 16:27:05 DEBUG [asyncio] Using selector: KqueueSelector
2026-09-19 16:27:05 DEBUG [eta.access] POST /api/errors/scan → 200 (6ms)
2026-09-19 16:27:05 DEBUG [asyncio] Using selector: KqueueSelector
2026-09-19 16:27:05 DEBUG [eta.access] GET /api/errors → 200 (2ms)
2026-09-19 16:27:05 DEBUG [asyncio] Using selector: KqueueSelector
2026-09-19 16:27:05 DEBUG [eta.access] POST /api/errors/5/confirm → 200 (4ms)
2026-09-19 16:27:05 DEBUG [asyncio] Using selector: KqueueSelector
2026-09-19 16:27:05 DEBUG [eta.access] POST /api/errors/scan → 200 (6ms)
2026-09-19 16:27:05 DEBUG [asyncio] Using selector: KqueueSelector
2026-09-19 16:27:05 DEBUG [eta.access] GET /api/errors → 200 (2ms)
2026-09-19 16:27:05 DEBUG [asyncio] Using selector: KqueueSelector
2026-09-19 16:27:05 DEBUG [eta.access] POST /api/errors/6/confirm → 200 (4ms)
2026-09-19 16:27:05 DEBUG [asyncio] Using selector: KqueueSelector
2026-09-19 16:27:05 DEBUG [eta.access] POST /api/errors/scan → 200 (6ms)
2026-09-19 16:27:05 DEBUG [asyncio] Using selector: KqueueSelector
2026-09-19 16:27:05 DEBUG [eta.access] GET /api/errors → 200 (2ms)
2026-09-19 16:27:05 DEBUG [asyncio] Using selector: KqueueSelector
2026-09-19 16:27:05 DEBUG [eta.access] POST /api/errors/7/confirm → 200 (6ms)
2026-09-19 16:27:05 DEBUG [asyncio] Using selector: KqueueSelector
2026-09-19 16:27:05 DEBUG [eta.access] POST /api/errors/scan → 200 (5ms)
2026-09-19 16:27:05 DEBUG [asyncio] Using selector: KqueueSelector
2026-09-19 16:27:05 DEBUG [eta.access] GET /api/errors → 200 (3ms)
2026-09-19 16:27:05 DEBUG [asyncio] Using selector: KqueueSelector
2026-09-19 16:27:05 DEBUG [eta.access] POST /api/errors/8/confirm → 200 (4ms)
2026-09-19 16:27:05 DEBUG [asyncio] Using selector: KqueueSelector
2026-09-19 16:27:05 DEBUG [eta.access] POST /api/errors/scan → 200 (8ms)
2026-09-19 16:27:05 DEBUG [asyncio] Using selector: KqueueSelector
2026-09-19 16:27:05 DEBUG [eta.access] GET /api/errors → 200 (2ms)
2026-09-19 16:27:05 DEBUG [asyncio] Using selector: KqueueSelector
2026-09-19 16:27:05 DEBUG [eta.access] POST /api/errors/9/confirm → 200 (4ms)
2026-09-19 16:27:05 DEBUG [asyncio] Using selector: KqueueSelector
2026-09-19 16:27:05 DEBUG [eta.access] POST /api/errors/scan → 200 (6ms)
2026-09-19 16:27:05 DEBUG [asyncio] Using selector: KqueueSelector
2026-09-19 16:27:05 DEBUG [eta.access] GET /api/errors → 200 (2ms)
2026-09-19 16:27:05 DEBUG [asyncio] Using selector: KqueueSelector
2026-09-19 16:27:05 DEBUG [eta.access] POST /api/errors/10/confirm → 200 (5ms)
2026-09-19 16:27:05 DEBUG [asyncio] Using selector: KqueueSelector
2026-09-19 16:27:05 DEBUG [eta.access] POST /api/errors/scan → 200 (5ms)
2026-09-19 16:27:05 DEBUG [asyncio] Using selector: KqueueSelector
2026-09-19 16:27:05 DEBUG [eta.access] GET /api/errors → 200 (3ms)
2026-09-19 16:27:05 DEBUG [asyncio] Using selector: KqueueSelector
2026-09-19 16:27:05 DEBUG [eta.access] POST /api/errors/11/confirm → 200 (4ms)
2026-09-19 16:27:05 DEBUG [asyncio] Using selector: KqueueSelector
2026-09-19 16:27:05 DEBUG [eta.access] POST /api/errors/scan → 200 (7ms)
2026-09-19 16:27:05 DEBUG [asyncio] Using selector: KqueueSelector
2026-09-19 16:27:05 DEBUG [eta.access] GET /api/errors → 200 (2ms)
2026-09-19 16:27:05 DEBUG [asyncio] Using selector: KqueueSelector
2026-09-19 16:27:05 DEBUG [eta.access] POST /api/errors/12/confirm → 200 (4ms)
2026-09-19 16:27:05 DEBUG [asyncio] Using selector: KqueueSelector
2026-09-19 16:27:05 DEBUG [eta.access] POST /api/errors/scan → 200 (6ms)
2026-09-19 16:27:05 DEBUG [asyncio] Using selector: KqueueSelector
2026-09-19 16:27:05 DEBUG [eta.access] GET /api/errors → 200 (2ms)
2026-09-19 16:27:05 DEBUG [asyncio] Using selector: KqueueSelector
2026-09-19 16:27:05 DEBUG [eta.access] POST /api/errors/13/confirm → 200 (6ms)
2026-09-19 16:27:05 DEBUG [asyncio] Using selector: KqueueSelector
2026-09-19 16:27:05 DEBUG [eta.access] POST /api/errors/scan → 200 (5ms)
2026-09-19 16:27:05 DEBUG [asyncio] Using selector: KqueueSelector
2026-09-19 16:27:05 DEBUG [eta.access] GET /api/errors → 200 (2ms)
2026-09-19 16:27:05 DEBUG [asyncio] Using selector: KqueueSelector
2026-09-19 16:27:05 DEBUG [eta.access] POST /api/errors/14/confirm → 200 (4ms)
2026-09-19 16:27:05 DEBUG [asyncio] Using selector: KqueueSelector
2026-09-19 16:27:05 DEBUG [eta.access] POST /api/practice/generate → 200 (4ms)
2026-09-19 16:27:05 DEBUG [asyncio] Using selector: KqueueSelector
2026-09-19 16:27:05 DEBUG [eta.access] POST /api/practice/1/approve → 200 (4ms)
2026-09-19 16:27:05 DEBUG [asyncio] Using selector: KqueueSelector
2026-09-19 16:27:05 DEBUG [eta.access] GET /api/decision-sheet → 200 (7ms)
2026-09-19 16:27:05 DEBUG [asyncio] Using selector: KqueueSelector
2026-09-19 16:27:05 DEBUG [eta.access] GET /api/trends/categories → 200 (3ms)
2026-09-19 16:27:05 DEBUG [asyncio] Using selector: KqueueSelector
2026-09-19 16:27:05 DEBUG [eta.access] GET /api/dashboard → 200 (5ms)
2026-09-19 16:27:05 DEBUG [asyncio] Using selector: KqueueSelector
2026-09-19 16:27:05 DEBUG [eta.access] POST /api/errors/scan → 200 (6ms)
2026-09-19 16:27:05 DEBUG [asyncio] Using selector: KqueueSelector
2026-09-19 16:27:05 DEBUG [eta.access] POST /api/errors/scan → 400 (2ms)
2026-09-19 16:27:05 DEBUG [asyncio] Using selector: KqueueSelector
2026-09-19 16:27:05 DEBUG [eta.access] POST /api/errors/scan → 200 (4ms)
2026-09-19 16:27:05 DEBUG [asyncio] Using selector: KqueueSelector
2026-09-19 16:27:05 DEBUG [eta.access] POST /api/errors/1/confirm → 400 (2ms)
2026-09-19 16:27:05 DEBUG [asyncio] Using selector: KqueueSelector
2026-09-19 16:27:05 DEBUG [eta.access] POST /api/students/import → 200 (5ms)
2026-09-19 16:27:05 DEBUG [asyncio] Using selector: KqueueSelector
2026-09-19 16:27:05 DEBUG [eta.access] POST /api/errors/scan-batch → 200 (14ms)
2026-09-19 16:27:05 DEBUG [asyncio] Using selector: KqueueSelector
2026-09-19 16:27:05 DEBUG [eta.access] GET /api/errors → 200 (4ms)
2026-09-19 16:27:05 DEBUG [asyncio] Using selector: KqueueSelector
2026-09-19 16:27:05 DEBUG [eta.access] POST /api/students/import → 200 (4ms)
2026-09-19 16:27:05 DEBUG [asyncio] Using selector: KqueueSelector
2026-09-19 16:27:05 DEBUG [eta.access] POST /api/errors/scan-batch → 200 (10ms)
2026-09-19 16:27:05 DEBUG [asyncio] Using selector: KqueueSelector
2026-09-19 16:27:05 DEBUG [eta.access] POST /api/students/import → 200 (6ms)
2026-09-19 16:27:05 DEBUG [asyncio] Using selector: KqueueSelector
2026-09-19 16:27:05 DEBUG [eta.access] POST /api/errors/scan-batch → 200 (5ms)
2026-09-19 16:27:05 DEBUG [asyncio] Using selector: KqueueSelector
2026-09-19 16:27:05 DEBUG [eta.access] POST /api/students/import → 200 (4ms)
2026-09-19 16:27:05 DEBUG [asyncio] Using selector: KqueueSelector
2026-09-19 16:27:05 DEBUG [eta.access] POST /api/errors/scan-photos → 200 (2ms)
2026-09-19 16:27:05 DEBUG [asyncio] Using selector: KqueueSelector
2026-09-19 16:27:05 DEBUG [eta.access] GET /api/errors → 200 (3ms)
2026-09-19 16:27:05 DEBUG [asyncio] Using selector: KqueueSelector
2026-09-19 16:27:05 DEBUG [eta.access] POST /api/errors/scan-photos-submit → 200 (13ms)
2026-09-19 16:27:05 DEBUG [asyncio] Using selector: KqueueSelector
2026-09-19 16:27:05 DEBUG [eta.access] GET /api/errors → 200 (2ms)
2026-09-19 16:27:05 DEBUG [asyncio] Using selector: KqueueSelector
2026-09-19 16:27:05 DEBUG [eta.access] POST /api/errors/scan-photos → 400 (4ms)
2026-09-19 16:27:05 DEBUG [asyncio] Using selector: KqueueSelector
2026-09-19 16:27:05 DEBUG [eta.access] POST /api/errors/scan-photos → 400 (1ms)
2026-09-19 16:27:05 DEBUG [asyncio] Using selector: KqueueSelector
2026-09-19 16:27:05 DEBUG [eta.access] POST /api/errors/scan-photos → 400 (1ms)
2026-09-19 16:27:05 DEBUG [asyncio] Using selector: KqueueSelector
2026-09-19 16:27:05 DEBUG [eta.access] POST /api/errors/scan → 200 (4ms)
2026-09-19 16:27:05 DEBUG [asyncio] Using selector: KqueueSelector
2026-09-19 16:27:05 DEBUG [eta.access] POST /api/errors/scan → 200 (5ms)
2026-09-19 16:27:05 DEBUG [asyncio] Using selector: KqueueSelector
2026-09-19 16:27:05 DEBUG [eta.access] GET /api/errors → 200 (2ms)
2026-09-19 16:27:05 DEBUG [asyncio] Using selector: KqueueSelector
2026-09-19 16:27:05 DEBUG [eta.access] POST /api/errors/confirm-bulk → 200 (3ms)
2026-09-19 16:27:05 DEBUG [asyncio] Using selector: KqueueSelector
2026-09-19 16:27:05 DEBUG [eta.access] GET /api/errors → 200 (2ms)
2026-09-19 16:27:05 DEBUG [asyncio] Using selector: KqueueSelector
2026-09-19 16:27:05 DEBUG [eta.access] POST /api/errors/confirm-bulk → 200 (3ms)
2026-09-19 16:27:05 DEBUG [asyncio] Using selector: KqueueSelector
2026-09-19 16:27:05 DEBUG [eta.access] GET /api/errors → 200 (2ms)
2026-09-19 16:27:05 DEBUG [asyncio] Using selector: KqueueSelector
2026-09-19 16:27:05 DEBUG [eta.access] POST /api/errors/confirm-bulk → 400 (3ms)
2026-09-19 16:27:05 DEBUG [asyncio] Using selector: KqueueSelector
2026-09-19 16:27:05 DEBUG [eta.access] POST /api/students → 200 (5ms)
2026-09-19 16:27:05 DEBUG [asyncio] Using selector: KqueueSelector
2026-09-19 16:27:05 DEBUG [eta.access] POST /api/students → 400 (2ms)
2026-09-19 16:27:05 DEBUG [asyncio] Using selector: KqueueSelector
2026-09-19 16:27:05 DEBUG [eta.access] POST /api/errors/scan → 200 (5ms)
2026-09-19 16:27:05 DEBUG [asyncio] Using selector: KqueueSelector
2026-09-19 16:27:05 DEBUG [eta.access] PUT /api/students/9101 → 200 (6ms)
2026-09-19 16:27:05 DEBUG [asyncio] Using selector: KqueueSelector
2026-09-19 16:27:05 DEBUG [eta.access] GET /api/errors → 200 (2ms)
2026-09-19 16:27:05 DEBUG [asyncio] Using selector: KqueueSelector
2026-09-19 16:27:05 DEBUG [eta.access] POST /api/students → 200 (5ms)
2026-09-19 16:27:05 DEBUG [asyncio] Using selector: KqueueSelector
2026-09-19 16:27:05 DEBUG [eta.access] PUT /api/students/9201 → 400 (2ms)
2026-09-19 16:27:05 DEBUG [asyncio] Using selector: KqueueSelector
2026-09-19 16:27:05 DEBUG [eta.access] DELETE /api/students/9201 → 200 (6ms)
2026-09-19 16:27:05 DEBUG [asyncio] Using selector: KqueueSelector
2026-09-19 16:27:05 DEBUG [eta.access] GET /api/errors → 200 (2ms)
2026-09-19 16:27:05 DEBUG [asyncio] Using selector: KqueueSelector
2026-09-19 16:27:05 DEBUG [eta.access] DELETE /api/students/9201 → 404 (1ms)
2026-09-19 16:27:05 DEBUG [asyncio] Using selector: KqueueSelector
2026-09-19 16:27:05 DEBUG [eta.access] POST /api/students → 200 (4ms)
2026-09-19 16:27:05 DEBUG [asyncio] Using selector: KqueueSelector
2026-09-19 16:27:05 DEBUG [eta.access] POST /api/errors/scan → 200 (6ms)
2026-09-19 16:27:05 DEBUG [asyncio] Using selector: KqueueSelector
2026-09-19 16:27:05 DEBUG [eta.access] DELETE /api/students/9102 → 200 (3ms)
2026-09-19 16:27:05 DEBUG [asyncio] Using selector: KqueueSelector
2026-09-19 16:27:05 DEBUG [eta.access] GET /api/errors → 200 (3ms)
2026-09-19 16:27:05 DEBUG [asyncio] Using selector: KqueueSelector
2026-09-19 16:27:06 DEBUG [eta.access] POST /api/classes → 200 (5ms)
2026-09-19 16:27:06 DEBUG [asyncio] Using selector: KqueueSelector
2026-09-19 16:27:06 DEBUG [eta.access] GET /api/classes → 200 (2ms)
2026-09-19 16:27:06 DEBUG [asyncio] Using selector: KqueueSelector
2026-09-19 16:27:06 DEBUG [eta.access] POST /api/classes → 400 (2ms)
2026-09-19 16:27:06 DEBUG [asyncio] Using selector: KqueueSelector
2026-09-19 16:27:06 DEBUG [eta.access] POST /api/classes → 400 (2ms)
2026-09-19 16:27:06 DEBUG [asyncio] Using selector: KqueueSelector
2026-09-19 16:27:06 DEBUG [eta.access] POST /api/students → 200 (4ms)
2026-09-19 16:27:06 DEBUG [asyncio] Using selector: KqueueSelector
2026-09-19 16:27:06 DEBUG [eta.access] POST /api/errors/scan → 200 (4ms)
2026-09-19 16:27:06 DEBUG [asyncio] Using selector: KqueueSelector
2026-09-19 16:27:06 DEBUG [eta.access] PUT /api/classes/九(1)班 → 200 (7ms)
2026-09-19 16:27:06 DEBUG [asyncio] Using selector: KqueueSelector
2026-09-19 16:27:06 DEBUG [eta.access] GET /api/classes → 200 (1ms)
2026-09-19 16:27:06 DEBUG [asyncio] Using selector: KqueueSelector
2026-09-19 16:27:06 DEBUG [eta.access] GET /api/students → 200 (2ms)
2026-09-19 16:27:06 DEBUG [asyncio] Using selector: KqueueSelector
2026-09-19 16:27:06 DEBUG [eta.access] GET /api/errors → 200 (2ms)
2026-09-19 16:27:06 DEBUG [asyncio] Using selector: KqueueSelector
2026-09-19 16:27:06 DEBUG [eta.access] DELETE /api/classes/九(2)班 → 200 (4ms)
2026-09-19 16:27:06 DEBUG [asyncio] Using selector: KqueueSelector
2026-09-19 16:27:06 DEBUG [eta.access] GET /api/students → 200 (2ms)
2026-09-19 16:27:06 DEBUG [asyncio] Using selector: KqueueSelector
2026-09-19 16:27:06 DEBUG [eta.access] GET /api/errors → 200 (2ms)
2026-09-19 16:27:06 DEBUG [asyncio] Using selector: KqueueSelector
2026-09-19 16:27:06 DEBUG [eta.access] POST /api/classes → 200 (4ms)
2026-09-19 16:27:06 DEBUG [asyncio] Using selector: KqueueSelector
2026-09-19 16:27:06 DEBUG [eta.access] POST /api/classes → 200 (4ms)
2026-09-19 16:27:06 DEBUG [asyncio] Using selector: KqueueSelector
2026-09-19 16:27:06 DEBUG [eta.access] POST /api/students → 200 (3ms)
2026-09-19 16:27:06 DEBUG [asyncio] Using selector: KqueueSelector
2026-09-19 16:27:06 DEBUG [eta.access] PUT /api/classes/九(3)班 → 400 (2ms)
2026-09-19 16:27:06 DEBUG [asyncio] Using selector: KqueueSelector
2026-09-19 16:27:06 DEBUG [eta.access] DELETE /api/classes/九(3)班 → 200 (3ms)
2026-09-19 16:27:06 DEBUG [asyncio] Using selector: KqueueSelector
2026-09-19 16:27:06 DEBUG [eta.access] DELETE /api/classes/九(1)班 → 200 (2ms)
2026-09-19 16:27:06 DEBUG [asyncio] Using selector: KqueueSelector
2026-09-19 16:27:06 DEBUG [eta.access] GET /api/classes → 200 (1ms)
2026-09-19 16:27:06 DEBUG [asyncio] Using selector: KqueueSelector
2026-09-19 16:27:06 DEBUG [eta.access] POST /api/classes → 200 (3ms)
2026-09-19 16:27:06 DEBUG [asyncio] Using selector: KqueueSelector
2026-09-19 16:27:06 DEBUG [eta.access] POST /api/students → 200 (4ms)
2026-09-19 16:27:06 DEBUG [asyncio] Using selector: KqueueSelector
2026-09-19 16:27:06 DEBUG [eta.access] POST /api/errors/scan → 200 (6ms)
2026-09-19 16:27:06 DEBUG [asyncio] Using selector: KqueueSelector
2026-09-19 16:27:06 DEBUG [eta.access] DELETE /api/classes/旧库班 → 200 (3ms)
2026-09-19 16:27:06 DEBUG [asyncio] Using selector: KqueueSelector
2026-09-19 16:27:06 DEBUG [eta.access] POST /api/errors/scan → 200 (5ms)
2026-09-19 16:27:06 DEBUG [asyncio] Using selector: KqueueSelector
2026-09-19 16:27:06 DEBUG [eta.access] POST /api/errors/1/confirm → 200 (4ms)
2026-09-19 16:27:06 DEBUG [asyncio] Using selector: KqueueSelector
2026-09-19 16:27:06 DEBUG [eta.access] POST /api/errors/scan → 200 (4ms)
2026-09-19 16:27:06 DEBUG [asyncio] Using selector: KqueueSelector
2026-09-19 16:27:06 DEBUG [eta.access] POST /api/errors/2/confirm → 200 (4ms)
2026-09-19 16:27:06 DEBUG [asyncio] Using selector: KqueueSelector
2026-09-19 16:27:06 DEBUG [eta.access] POST /api/errors/scan → 200 (5ms)
2026-09-19 16:27:06 DEBUG [asyncio] Using selector: KqueueSelector
2026-09-19 16:27:06 DEBUG [eta.access] POST /api/errors/3/confirm → 200 (3ms)
2026-09-19 16:27:06 DEBUG [asyncio] Using selector: KqueueSelector
2026-09-19 16:27:06 DEBUG [eta.access] POST /api/errors/scan → 200 (6ms)
2026-09-19 16:27:06 DEBUG [asyncio] Using selector: KqueueSelector
2026-09-19 16:27:06 DEBUG [eta.access] POST /api/errors/4/confirm → 200 (4ms)
2026-09-19 16:27:06 DEBUG [asyncio] Using selector: KqueueSelector
2026-09-19 16:27:06 DEBUG [eta.access] POST /api/decision-sheet/ai → 200 (8ms)
2026-09-19 16:27:06 DEBUG [asyncio] Using selector: KqueueSelector
2026-09-19 16:27:06 DEBUG [eta.access] POST /api/decision-sheet/ai → 400 (3ms)
2026-09-19 16:27:06 DEBUG [asyncio] Using selector: KqueueSelector
2026-09-19 16:27:06 DEBUG [eta.access] POST /api/practice/generate → 422 (1ms)
2026-09-19 16:27:06 DEBUG [asyncio] Using selector: KqueueSelector
2026-09-19 16:27:06 DEBUG [eta.access] POST /api/practice/generate → 422 (1ms)
2026-09-19 16:27:06 DEBUG [asyncio] Using selector: KqueueSelector
2026-09-19 16:27:06 DEBUG [eta.access] POST /api/practice/generate → 200 (4ms)
2026-09-19 16:27:06 DEBUG [asyncio] Using selector: KqueueSelector
2026-09-19 16:27:06 DEBUG [eta.access] POST /api/practice/generate → 200 (5ms)
2026-09-19 16:27:06 DEBUG [asyncio] Using selector: KqueueSelector
2026-09-19 16:27:06 DEBUG [eta.access] POST /api/practice/generate → 200 (5ms)
2026-09-19 16:27:06 DEBUG [asyncio] Using selector: KqueueSelector
2026-09-19 16:27:06 DEBUG [eta.access] POST /api/practice/generate → 400 (1ms)
2026-09-19 16:27:06 DEBUG [asyncio] Using selector: KqueueSelector
2026-09-19 16:27:06 DEBUG [eta.access] POST /api/practice/generate → 400 (2ms)
2026-09-19 16:27:06 DEBUG [asyncio] Using selector: KqueueSelector
2026-09-19 16:27:06 DEBUG [eta.access] POST /api/paper/generate → 400 (2ms)
2026-09-19 16:27:06 DEBUG [asyncio] Using selector: KqueueSelector
2026-09-19 16:27:06 DEBUG [eta.access] POST /api/errors/scan → 200 (4ms)
2026-09-19 16:27:06 DEBUG [asyncio] Using selector: KqueueSelector
2026-09-19 16:27:06 DEBUG [eta.access] POST /api/errors/1/confirm → 200 (4ms)
2026-09-19 16:27:06 DEBUG [asyncio] Using selector: KqueueSelector
2026-09-19 16:27:06 DEBUG [eta.access] POST /api/errors/scan → 200 (5ms)
2026-09-19 16:27:06 DEBUG [asyncio] Using selector: KqueueSelector
2026-09-19 16:27:06 DEBUG [eta.access] POST /api/errors/2/confirm → 200 (4ms)
2026-09-19 16:27:06 DEBUG [asyncio] Using selector: KqueueSelector
2026-09-19 16:27:06 DEBUG [eta.access] POST /api/paper/generate → 200 (6ms)
2026-09-19 16:27:06 DEBUG [asyncio] Using selector: KqueueSelector
2026-09-19 16:27:06 DEBUG [eta.access] POST /api/paper/generate → 200 (4ms)
2026-09-19 16:27:06 DEBUG [asyncio] Using selector: KqueueSelector
2026-09-19 16:27:06 DEBUG [eta.access] POST /api/paper/generate → 422 (2ms)
2026-09-19 16:27:06 DEBUG [asyncio] Using selector: KqueueSelector
2026-09-19 16:27:06 DEBUG [eta.access] POST /api/paper/generate → 422 (1ms)
2026-09-19 16:27:06 DEBUG [asyncio] Using selector: KqueueSelector
2026-09-19 16:27:06 DEBUG [eta.access] POST /api/paper/generate → 200 (4ms)
2026-09-19 16:27:06 DEBUG [asyncio] Using selector: KqueueSelector
2026-09-19 16:27:06 DEBUG [eta.access] GET /api/papers → 200 (3ms)
2026-09-19 16:27:06 DEBUG [asyncio] Using selector: KqueueSelector
2026-09-19 16:27:06 DEBUG [eta.access] POST /api/paper/1/approve → 200 (3ms)
2026-09-19 16:27:06 DEBUG [asyncio] Using selector: KqueueSelector
2026-09-19 16:27:06 DEBUG [eta.access] POST /api/paper/1/approve → 404 (2ms)
2026-09-19 16:27:06 DEBUG [asyncio] Using selector: KqueueSelector
2026-09-19 16:27:06 DEBUG [eta.access] GET /api/papers → 200 (2ms)
2026-09-19 16:27:06 DEBUG [asyncio] Using selector: KqueueSelector
2026-09-19 16:27:06 DEBUG [eta.access] POST /api/practice/generate → 200 (4ms)
2026-09-19 16:27:06 DEBUG [asyncio] Using selector: KqueueSelector
2026-09-19 16:27:06 DEBUG [eta.access] GET /api/practices/export → 400 (23ms)
2026-09-19 16:27:06 DEBUG [asyncio] Using selector: KqueueSelector
2026-09-19 16:27:06 DEBUG [eta.access] GET /api/practices/export → 200 (2ms)
2026-09-19 16:27:06 DEBUG [asyncio] Using selector: KqueueSelector
2026-09-19 16:27:06 DEBUG [eta.access] POST /api/practice/1/approve → 200 (2ms)
2026-09-19 16:27:06 DEBUG [asyncio] Using selector: KqueueSelector
2026-09-19 16:27:06 DEBUG [eta.access] GET /api/practices/export → 200 (2ms)
2026-09-19 16:27:06 DEBUG [asyncio] Using selector: KqueueSelector
2026-09-19 16:27:06 DEBUG [eta.access] GET /api/practices/export → 200 (130ms)
2026-09-19 16:27:06 DEBUG [asyncio] Using selector: KqueueSelector
2026-09-19 16:27:06 DEBUG [eta.access] POST /api/practice/generate → 200 (3ms)
2026-09-19 16:27:06 DEBUG [asyncio] Using selector: KqueueSelector
2026-09-19 16:27:06 DEBUG [eta.access] POST /api/practice/2/approve → 200 (4ms)
2026-09-19 16:27:06 DEBUG [asyncio] Using selector: KqueueSelector
2026-09-19 16:27:06 DEBUG [eta.access] GET /api/practices/export → 200 (2ms)
2026-09-19 16:27:06 DEBUG [asyncio] Using selector: KqueueSelector
2026-09-19 16:27:06 DEBUG [eta.access] GET /api/practices/export → 400 (1ms)
2026-09-19 16:27:06 DEBUG [asyncio] Using selector: KqueueSelector
2026-09-19 16:27:06 DEBUG [eta.access] POST /api/errors/scan → 200 (5ms)
2026-09-19 16:27:06 DEBUG [asyncio] Using selector: KqueueSelector
2026-09-19 16:27:06 DEBUG [eta.access] POST /api/errors/1/confirm → 200 (4ms)
2026-09-19 16:27:06 DEBUG [asyncio] Using selector: KqueueSelector
2026-09-19 16:27:06 DEBUG [eta.access] POST /api/errors/scan → 200 (4ms)
2026-09-19 16:27:06 DEBUG [asyncio] Using selector: KqueueSelector
2026-09-19 16:27:06 DEBUG [eta.access] POST /api/errors/2/confirm → 200 (4ms)
2026-09-19 16:27:06 DEBUG [asyncio] Using selector: KqueueSelector
2026-09-19 16:27:06 DEBUG [eta.access] POST /api/paper/generate → 200 (4ms)
2026-09-19 16:27:06 DEBUG [asyncio] Using selector: KqueueSelector
2026-09-19 16:27:06 DEBUG [eta.access] GET /api/papers/1/export → 400 (2ms)
2026-09-19 16:27:06 DEBUG [asyncio] Using selector: KqueueSelector
2026-09-19 16:27:06 DEBUG [eta.access] POST /api/paper/1/approve → 200 (3ms)
2026-09-19 16:27:06 DEBUG [asyncio] Using selector: KqueueSelector
2026-09-19 16:27:06 DEBUG [eta.access] GET /api/papers/1/export → 200 (2ms)
2026-09-19 16:27:06 DEBUG [asyncio] Using selector: KqueueSelector
2026-09-19 16:27:06 DEBUG [eta.access] GET /api/papers/1/export → 200 (42ms)
2026-09-19 16:27:06 DEBUG [asyncio] Using selector: KqueueSelector
2026-09-19 16:27:06 DEBUG [eta.access] GET /api/papers/999/export → 404 (2ms)
2026-09-19 16:27:06 DEBUG [asyncio] Using selector: KqueueSelector
2026-09-19 16:27:06 DEBUG [eta.access] POST /api/classes → 200 (4ms)
2026-09-19 16:27:06 DEBUG [asyncio] Using selector: KqueueSelector
2026-09-19 16:27:06 DEBUG [eta.access] POST /api/students → 200 (5ms)
2026-09-19 16:27:06 DEBUG [asyncio] Using selector: KqueueSelector
2026-09-19 16:27:06 DEBUG [eta.access] POST /api/errors/scan → 200 (5ms)
2026-09-19 16:27:07 DEBUG [asyncio] Using selector: KqueueSelector
2026-09-19 16:27:07 DEBUG [eta.access] POST /api/errors/1/confirm → 200 (5ms)
2026-09-19 16:27:07 DEBUG [asyncio] Using selector: KqueueSelector
2026-09-19 16:27:07 DEBUG [eta.access] POST /api/errors/scan → 200 (5ms)
2026-09-19 16:27:07 DEBUG [asyncio] Using selector: KqueueSelector
2026-09-19 16:27:07 DEBUG [eta.access] POST /api/errors/2/confirm → 200 (5ms)
2026-09-19 16:27:07 DEBUG [asyncio] Using selector: KqueueSelector
2026-09-19 16:27:07 DEBUG [eta.access] POST /api/errors/scan → 200 (6ms)
2026-09-19 16:27:07 DEBUG [asyncio] Using selector: KqueueSelector
2026-09-19 16:27:07 DEBUG [eta.access] POST /api/errors/3/confirm → 200 (4ms)
2026-09-19 16:27:07 DEBUG [asyncio] Using selector: KqueueSelector
2026-09-19 16:27:07 DEBUG [eta.access] POST /api/errors/scan → 200 (5ms)
2026-09-19 16:27:07 DEBUG [asyncio] Using selector: KqueueSelector
2026-09-19 16:27:07 DEBUG [eta.access] POST /api/errors/4/confirm → 200 (5ms)
2026-09-19 16:27:07 DEBUG [asyncio] Using selector: KqueueSelector
2026-09-19 16:27:07 DEBUG [eta.access] POST /api/errors/scan → 200 (4ms)
2026-09-19 16:27:07 DEBUG [asyncio] Using selector: KqueueSelector
2026-09-19 16:27:07 DEBUG [eta.access] POST /api/errors/5/confirm → 200 (4ms)
2026-09-19 16:27:07 DEBUG [asyncio] Using selector: KqueueSelector
2026-09-19 16:27:07 DEBUG [eta.access] GET /api/decision-sheet/export → 200 (5ms)
2026-09-19 16:27:07 DEBUG [asyncio] Using selector: KqueueSelector
2026-09-19 16:27:07 DEBUG [eta.access] GET /api/decision-sheet/export → 200 (49ms)
2026-09-19 16:27:07 DEBUG [asyncio] Using selector: KqueueSelector
2026-09-19 16:27:07 DEBUG [eta.access] POST /api/students/import → 200 (4ms)
2026-09-19 16:27:07 DEBUG [asyncio] Using selector: KqueueSelector
2026-09-19 16:27:07 DEBUG [eta.access] POST /api/errors/scan → 200 (7ms)
2026-09-19 16:27:07 DEBUG [asyncio] Using selector: KqueueSelector
2026-09-19 16:27:07 DEBUG [eta.access] POST /api/errors/1/confirm → 200 (4ms)
2026-09-19 16:27:07 DEBUG [asyncio] Using selector: KqueueSelector
2026-09-19 16:27:07 DEBUG [eta.access] POST /api/errors/scan → 200 (6ms)
2026-09-19 16:27:07 DEBUG [asyncio] Using selector: KqueueSelector
2026-09-19 16:27:07 DEBUG [eta.access] POST /api/errors/2/confirm → 200 (5ms)
2026-09-19 16:27:07 DEBUG [asyncio] Using selector: KqueueSelector
2026-09-19 16:27:07 INFO [eta.export] 导出学生综合信息：2 名学生（class=九(1)班）
2026-09-19 16:27:07 DEBUG [eta.access] GET /api/students/export.csv → 200 (5ms)
2026-09-19 16:27:07 DEBUG [asyncio] Using selector: KqueueSelector
2026-09-19 16:27:07 DEBUG [eta.access] GET /api/errors/batches → 200 (2ms)
2026-09-19 16:27:07 DEBUG [asyncio] Using selector: KqueueSelector
2026-09-19 16:27:07 DEBUG [eta.access] GET /api/errors/batches → 200 (11ms)
2026-09-19 16:27:07 DEBUG [asyncio] Using selector: KqueueSelector
2026-09-19 16:27:07 DEBUG [eta.access] GET /api/decision-sheet → 200 (10ms)
2026-09-19 16:27:07 DEBUG [asyncio] Using selector: KqueueSelector
2026-09-19 16:27:07 DEBUG [eta.access] GET /api/decision-sheet → 200 (5ms)
2026-09-19 16:27:07 DEBUG [asyncio] Using selector: KqueueSelector
2026-09-19 16:27:07 DEBUG [eta.access] GET /api/dashboard → 200 (5ms)
2026-09-19 16:27:07 DEBUG [asyncio] Using selector: KqueueSelector
2026-09-19 16:27:07 DEBUG [eta.access] GET /api/dashboard → 200 (9ms)
2026-09-19 16:27:07 DEBUG [asyncio] Using selector: KqueueSelector
2026-09-19 16:27:07 DEBUG [eta.access] GET /api/trends/categories → 200 (3ms)
2026-09-19 16:27:07 DEBUG [asyncio] Using selector: KqueueSelector
2026-09-19 16:27:07 DEBUG [eta.access] POST /api/errors/confirm-bulk → 200 (3ms)
2026-09-19 16:27:07 DEBUG [asyncio] Using selector: KqueueSelector
2026-09-19 16:27:07 DEBUG [eta.access] GET /api/dashboard → 200 (7ms)
2026-09-19 16:27:07 DEBUG [asyncio] Using selector: KqueueSelector
2026-09-19 16:27:07 DEBUG [eta.access] GET /api/decision-sheet/export → 200 (3ms)
2026-09-19 16:27:07 DEBUG [asyncio] Using selector: KqueueSelector
2026-09-19 16:27:07 DEBUG [eta.access] POST /api/check/dictation → 200 (13ms)
2026-09-19 16:27:07 DEBUG [asyncio] Using selector: KqueueSelector
2026-09-19 16:27:07 DEBUG [eta.access] GET /api/errors → 200 (2ms)
2026-09-19 16:27:07 DEBUG [asyncio] Using selector: KqueueSelector
2026-09-19 16:27:07 DEBUG [eta.access] GET /api/check/sessions → 200 (2ms)
2026-09-19 16:27:07 DEBUG [asyncio] Using selector: KqueueSelector
2026-09-19 16:27:07 DEBUG [eta.access] GET /api/check/sessions/1 → 200 (4ms)
2026-09-19 16:27:07 DEBUG [asyncio] Using selector: KqueueSelector
2026-09-19 16:27:07 DEBUG [eta.access] POST /api/check/assignment → 200 (16ms)
2026-09-19 16:27:07 DEBUG [asyncio] Using selector: KqueueSelector
2026-09-19 16:27:07 DEBUG [eta.access] GET /api/errors → 200 (3ms)
2026-09-19 16:27:07 DEBUG [asyncio] Using selector: KqueueSelector
2026-09-19 16:27:07 DEBUG [eta.access] POST /api/check/assignment → 200 (13ms)
2026-09-19 16:27:07 DEBUG [asyncio] Using selector: KqueueSelector
2026-09-19 16:27:07 DEBUG [eta.access] GET /api/errors → 200 (4ms)
2026-09-19 16:27:08 DEBUG [asyncio] Using selector: KqueueSelector
2026-09-19 16:27:08 DEBUG [eta.access] POST /api/check/assignment → 200 (4ms)
2026-09-19 16:27:08 DEBUG [asyncio] Using selector: KqueueSelector
2026-09-19 16:27:08 DEBUG [eta.access] POST /api/check/assignment → 200 (8ms)
2026-09-19 16:27:08 DEBUG [asyncio] Using selector: KqueueSelector
2026-09-19 16:27:08 DEBUG [eta.access] POST /api/check/dictation → 400 (1ms)
2026-09-19 16:27:08 DEBUG [asyncio] Using selector: KqueueSelector
2026-09-19 16:27:08 DEBUG [eta.access] POST /api/check/assignment → 400 (2ms)
2026-09-19 16:27:08 DEBUG [asyncio] Using selector: KqueueSelector
2026-09-19 16:27:08 DEBUG [eta.access] GET /api/check/sessions/999999 → 404 (1ms)
2026-09-19 16:27:08 DEBUG [asyncio] Using selector: KqueueSelector
2026-09-19 16:27:08 DEBUG [eta.access] POST /api/check/dictation → 200 (5ms)
2026-09-19 16:27:08 DEBUG [asyncio] Using selector: KqueueSelector
2026-09-19 16:27:08 DEBUG [eta.access] PATCH /api/check/sessions/1 → 200 (4ms)
2026-09-19 16:27:08 DEBUG [asyncio] Using selector: KqueueSelector
2026-09-19 16:27:08 DEBUG [eta.access] GET /api/check/sessions → 200 (2ms)
2026-09-19 16:27:08 DEBUG [asyncio] Using selector: KqueueSelector
2026-09-19 16:27:08 DEBUG [eta.access] POST /api/students/import → 200 (5ms)
2026-09-19 16:27:08 DEBUG [asyncio] Using selector: KqueueSelector
2026-09-19 16:27:08 DEBUG [eta.access] POST /api/check/dictation → 200 (7ms)
2026-09-19 16:27:08 DEBUG [asyncio] Using selector: KqueueSelector
2026-09-19 16:27:08 DEBUG [eta.access] GET /api/check/sessions/1/export → 200 (3ms)
2026-09-19 16:27:08 DEBUG [asyncio] Using selector: KqueueSelector
2026-09-19 16:27:08 DEBUG [eta.access] GET /api/check/sessions/999999/export → 404 (3ms)
2026-09-19 16:27:08 DEBUG [asyncio] Using selector: KqueueSelector
2026-09-19 16:27:08 DEBUG [eta.access] POST /api/students → 200 (5ms)
2026-09-19 16:27:08 DEBUG [asyncio] Using selector: KqueueSelector
2026-09-19 16:27:08 DEBUG [eta.access] POST /api/students → 200 (4ms)
2026-09-19 16:27:08 DEBUG [asyncio] Using selector: KqueueSelector
2026-09-19 16:27:08 DEBUG [eta.access] POST /api/students → 200 (4ms)
2026-09-19 16:27:08 DEBUG [asyncio] Using selector: KqueueSelector
2026-09-19 16:27:08 DEBUG [eta.access] POST /api/students → 200 (4ms)
2026-09-19 16:27:08 DEBUG [asyncio] Using selector: KqueueSelector
2026-09-19 16:27:08 DEBUG [eta.access] POST /api/students → 200 (3ms)
2026-09-19 16:27:08 DEBUG [asyncio] Using selector: KqueueSelector
2026-09-19 16:27:08 DEBUG [eta.access] POST /api/students → 200 (5ms)
2026-09-19 16:27:08 DEBUG [asyncio] Using selector: KqueueSelector
2026-09-19 16:27:08 DEBUG [eta.access] POST /api/students/S01/cleanup → 200 (5ms)
2026-09-19 16:27:08 DEBUG [asyncio] Using selector: KqueueSelector
2026-09-19 16:27:08 DEBUG [eta.access] GET /api/students/S01/profile → 200 (3ms)
2026-09-19 16:27:08 DEBUG [asyncio] Using selector: KqueueSelector
2026-09-19 16:27:08 DEBUG [eta.access] POST /api/students/S01/cleanup → 200 (5ms)
2026-09-19 16:27:08 DEBUG [asyncio] Using selector: KqueueSelector
2026-09-19 16:27:08 DEBUG [eta.access] GET /api/students/S01/profile → 200 (3ms)
2026-09-19 16:27:08 DEBUG [asyncio] Using selector: KqueueSelector
2026-09-19 16:27:08 DEBUG [eta.access] POST /api/students → 200 (3ms)
2026-09-19 16:27:08 DEBUG [asyncio] Using selector: KqueueSelector
2026-09-19 16:27:08 DEBUG [eta.access] POST /api/students → 200 (5ms)
2026-09-19 16:27:08 DEBUG [asyncio] Using selector: KqueueSelector
2026-09-19 16:27:08 DEBUG [eta.access] POST /api/students/S01/cleanup → 200 (2ms)
2026-09-19 16:27:08 DEBUG [asyncio] Using selector: KqueueSelector
2026-09-19 16:27:08 DEBUG [eta.access] POST /api/students → 200 (4ms)
2026-09-19 16:27:08 DEBUG [asyncio] Using selector: KqueueSelector
2026-09-19 16:27:08 DEBUG [eta.access] POST /api/students → 200 (4ms)
2026-09-19 16:27:08 DEBUG [asyncio] Using selector: KqueueSelector
2026-09-19 16:27:08 DEBUG [eta.access] POST /api/students/S01/cleanup → 200 (4ms)
2026-09-19 16:27:08 DEBUG [asyncio] Using selector: KqueueSelector
2026-09-19 16:27:08 DEBUG [eta.access] POST /api/students → 200 (5ms)
2026-09-19 16:27:08 DEBUG [asyncio] Using selector: KqueueSelector
2026-09-19 16:27:08 DEBUG [eta.access] POST /api/students → 200 (4ms)
2026-09-19 16:27:08 DEBUG [asyncio] Using selector: KqueueSelector
2026-09-19 16:27:08 DEBUG [eta.access] POST /api/students/S01/cleanup → 200 (4ms)
2026-09-19 16:27:08 DEBUG [asyncio] Using selector: KqueueSelector
2026-09-19 16:27:08 DEBUG [eta.access] POST /api/students → 200 (4ms)
2026-09-19 16:27:08 DEBUG [asyncio] Using selector: KqueueSelector
2026-09-19 16:27:08 DEBUG [eta.access] POST /api/students/P01/cleanup → 400 (2ms)
2026-09-19 16:27:08 DEBUG [asyncio] Using selector: KqueueSelector
2026-09-19 16:27:08 DEBUG [eta.access] POST /api/students/P01/cleanup → 400 (3ms)
2026-09-19 16:27:08 DEBUG [asyncio] Using selector: KqueueSelector
2026-09-19 16:27:08 DEBUG [eta.access] POST /api/students/NOPE/cleanup → 404 (3ms)
2026-09-19 16:27:08 DEBUG [asyncio] Using selector: KqueueSelector
2026-09-19 16:27:08 DEBUG [eta.access] POST /api/students → 200 (4ms)
2026-09-19 16:27:08 DEBUG [asyncio] Using selector: KqueueSelector
2026-09-19 16:27:08 DEBUG [eta.access] POST /api/students/V01/cleanup → 400 (2ms)
2026-09-19 16:27:09 WARNING [eta.ocr] dual 文档流 mineru 通道失败（降级继续）：MinerU 链路抖动
2026-09-19 16:27:09 WARNING [eta.ocr] dual 文档流 mineru 通道失败（降级继续）：down
2026-09-19 16:27:09 WARNING [eta.ocr] dual 文档流 paddleocr 通道失败（降级继续）：down
2026-09-19 16:27:09 DEBUG [asyncio] Using selector: KqueueSelector
2026-09-19 16:27:09 ERROR [eta.logs] 浏览器 [ERROR] 页面=#/scan 页面脚本错误
at boot
2026-09-19 16:27:09 DEBUG [eta.access] POST /api/logs/client → 200 (3ms)
2026-09-19 16:27:09 INFO [eta.ocr] MinerU batch=b1 创建，上传图片 (5 bytes)
2026-09-19 16:27:10 WARNING [eta.trace] 运行留痕写入失败：[Errno 20] Not a directory: '/private/var/folders/sh/v4ws268d63928m_6n_jzds6m0000gn/T/pytest-of-zbloom/pytest-12/test_record_never_raises_on_io0/blocker/sub'
2026-09-19 16:27:10 DEBUG [asyncio] Using selector: KqueueSelector
2026-09-19 16:27:10 DEBUG [eta.access] POST /api/check/organize-upload → 200 (2ms)
2026-09-19 16:27:10 DEBUG [asyncio] Using selector: KqueueSelector
2026-09-19 16:27:10 DEBUG [eta.access] POST /api/check/organize-upload → 200 (2ms)
2026-09-19 16:27:10 DEBUG [asyncio] Using selector: KqueueSelector
2026-09-19 16:27:10 DEBUG [eta.access] POST /api/check/organize-upload → 400 (2ms)
2026-09-19 16:27:10 DEBUG [asyncio] Using selector: KqueueSelector
2026-09-19 16:27:10 DEBUG [eta.access] POST /api/students/import → 200 (4ms)
2026-09-19 16:27:10 DEBUG [asyncio] Using selector: KqueueSelector
2026-09-19 16:27:10 DEBUG [eta.access] POST /api/check/photo-parse → 200 (5ms)
2026-09-19 16:27:10 DEBUG [asyncio] Using selector: KqueueSelector
2026-09-19 16:27:10 DEBUG [eta.access] POST /api/check/photo-parse → 200 (3ms)
2026-09-19 16:27:10 DEBUG [asyncio] Using selector: KqueueSelector
2026-09-19 16:27:10 DEBUG [eta.access] POST /api/check/photo-parse → 200 (4ms)
2026-09-19 16:27:10 DEBUG [asyncio] Using selector: KqueueSelector
2026-09-19 16:27:10 WARNING [eta.services.photo_check] 批改读图失败（张三/bad.jpg）：识别失败
2026-09-19 16:27:10 DEBUG [eta.access] POST /api/check/photo-parse → 200 (3ms)
2026-09-19 16:27:10 DEBUG [asyncio] Using selector: KqueueSelector
2026-09-19 16:27:10 DEBUG [eta.access] POST /api/check/photo-parse → 422 (2ms)
2026-09-19 16:27:10 DEBUG [asyncio] Using selector: KqueueSelector
2026-09-19 16:27:10 DEBUG [eta.access] POST /api/students/import → 200 (4ms)
2026-09-19 16:27:10 DEBUG [asyncio] Using selector: KqueueSelector
2026-09-19 16:27:10 DEBUG [eta.access] POST /api/check/assignment → 200 (11ms)
2026-09-19 16:27:10 DEBUG [asyncio] Using selector: KqueueSelector
2026-09-19 16:27:10 DEBUG [eta.access] GET /api/errors → 200 (2ms)
2026-09-19 16:27:10 DEBUG [asyncio] Using selector: KqueueSelector
2026-09-19 16:27:10 DEBUG [eta.access] GET /api/check/sessions/1/files → 200 (2ms)
2026-09-19 16:27:10 DEBUG [asyncio] Using selector: KqueueSelector
2026-09-19 16:27:10 DEBUG [eta.access] GET /api/check/sessions → 200 (2ms)
2026-09-19 16:27:10 DEBUG [asyncio] Using selector: KqueueSelector
2026-09-19 16:27:10 DEBUG [eta.access] POST /api/check/assignment → 200 (7ms)
2026-09-19 16:27:10 DEBUG [asyncio] Using selector: KqueueSelector
2026-09-19 16:27:10 DEBUG [eta.access] GET /api/check/sessions/1 → 200 (4ms)
2026-09-19 16:27:10 DEBUG [asyncio] Using selector: KqueueSelector
2026-09-19 16:27:10 DEBUG [eta.access] POST /api/students/import → 200 (4ms)
2026-09-19 16:27:10 DEBUG [asyncio] Using selector: KqueueSelector
2026-09-19 16:27:10 DEBUG [eta.access] POST /api/check/assignment → 200 (8ms)
2026-09-19 16:27:10 DEBUG [asyncio] Using selector: KqueueSelector
2026-09-19 16:27:10 DEBUG [eta.access] POST /api/students/import → 200 (4ms)
2026-09-19 16:27:10 DEBUG [asyncio] Using selector: KqueueSelector
2026-09-19 16:27:10 DEBUG [eta.access] POST /api/check/assignment → 200 (7ms)
2026-09-19 16:27:10 DEBUG [asyncio] Using selector: KqueueSelector
2026-09-19 16:27:11 DEBUG [eta.access] GET /api/check/sessions → 200 (4ms)
2026-09-19 16:27:11 DEBUG [asyncio] Using selector: KqueueSelector
2026-09-19 16:27:11 DEBUG [eta.access] GET /api/check/sessions → 200 (2ms)
2026-09-19 16:27:11 DEBUG [asyncio] Using selector: KqueueSelector
2026-09-19 16:27:11 DEBUG [eta.access] POST /api/students/import → 200 (4ms)
2026-09-19 16:27:11 DEBUG [asyncio] Using selector: KqueueSelector
2026-09-19 16:27:11 DEBUG [eta.access] POST /api/check/assignment → 200 (8ms)
2026-09-19 16:27:11 DEBUG [asyncio] Using selector: KqueueSelector
2026-09-19 16:27:11 DEBUG [eta.access] GET /api/check/sessions/1/files → 200 (2ms)
2026-09-19 16:27:11 DEBUG [asyncio] Using selector: KqueueSelector
2026-09-19 16:27:11 DEBUG [eta.access] DELETE /api/check/sessions/1 → 200 (4ms)
2026-09-19 16:27:11 DEBUG [asyncio] Using selector: KqueueSelector
2026-09-19 16:27:11 DEBUG [eta.access] GET /api/check/sessions/1 → 404 (2ms)
2026-09-19 16:27:11 DEBUG [asyncio] Using selector: KqueueSelector
2026-09-19 16:27:11 DEBUG [eta.access] GET /api/check/sessions/1/files → 404 (3ms)
2026-09-19 16:27:11 DEBUG [asyncio] Using selector: KqueueSelector
2026-09-19 16:27:11 DEBUG [eta.access] GET /api/errors → 200 (2ms)
2026-09-19 16:27:11 DEBUG [asyncio] Using selector: KqueueSelector
2026-09-19 16:27:11 DEBUG [eta.access] POST /api/students/import → 200 (3ms)
2026-09-19 16:27:11 DEBUG [asyncio] Using selector: KqueueSelector
2026-09-19 16:27:11 DEBUG [eta.access] POST /api/check/assignment → 200 (9ms)
2026-09-19 16:27:11 DEBUG [asyncio] Using selector: KqueueSelector
2026-09-19 16:27:11 DEBUG [eta.access] DELETE /api/check/sessions/2 → 200 (4ms)
2026-09-19 16:27:11 DEBUG [asyncio] Using selector: KqueueSelector
2026-09-19 16:27:11 DEBUG [eta.access] GET /api/errors → 200 (2ms)
2026-09-19 16:27:11 DEBUG [asyncio] Using selector: KqueueSelector
2026-09-19 16:27:11 DEBUG [eta.access] DELETE /api/check/sessions/999999 → 404 (2ms)
2026-09-19 16:27:11 DEBUG [asyncio] Using selector: KqueueSelector
2026-09-19 16:27:11 DEBUG [eta.access] POST /api/students/import → 200 (5ms)
2026-09-19 16:27:11 DEBUG [asyncio] Using selector: KqueueSelector
2026-09-19 16:27:11 DEBUG [eta.access] POST /api/check/photo-parse → 200 (3ms)
2026-09-19 16:27:11 DEBUG [asyncio] Using selector: KqueueSelector
2026-09-19 16:27:11 DEBUG [eta.access] POST /api/check/photo-parse → 200 (2ms)
2026-09-19 16:27:11 DEBUG [asyncio] Using selector: KqueueSelector
2026-09-19 16:27:11 DEBUG [eta.access] POST /api/check/md-reparse → 200 (3ms)
2026-09-19 16:27:11 DEBUG [asyncio] Using selector: KqueueSelector
2026-09-19 16:27:11 DEBUG [eta.access] POST /api/check/md-reparse → 400 (1ms)
2026-09-19 16:27:11 DEBUG [asyncio] Using selector: KqueueSelector
2026-09-19 16:27:11 DEBUG [eta.access] POST /api/students/import → 200 (5ms)
2026-09-19 16:27:11 DEBUG [asyncio] Using selector: KqueueSelector
2026-09-19 16:27:11 DEBUG [eta.access] POST /api/check/assignment → 200 (4ms)
2026-09-19 16:27:11 DEBUG [asyncio] Using selector: KqueueSelector
2026-09-19 16:27:11 DEBUG [eta.access] POST /api/students/import → 200 (4ms)
2026-09-19 16:27:11 DEBUG [asyncio] Using selector: KqueueSelector
2026-09-19 16:27:11 DEBUG [eta.access] POST /api/check/assignment → 200 (5ms)
2026-09-19 16:27:11 DEBUG [asyncio] Using selector: KqueueSelector
2026-09-19 16:27:11 DEBUG [eta.access] GET /api/check/sessions → 200 (2ms)
2026-09-19 16:27:11 DEBUG [asyncio] Using selector: KqueueSelector
2026-09-19 16:27:11 DEBUG [eta.access] GET /api/check/sessions → 200 (2ms)
2026-09-19 16:27:11 DEBUG [asyncio] Using selector: KqueueSelector
2026-09-19 16:27:11 DEBUG [eta.access] GET /api/check/sessions → 200 (148ms)
2026-09-19 16:27:59 INFO [eta] 日志已就绪：目录 runtime/logs（按天轮转，保留 14 天，终端级别 INFO / 文件级别 DEBUG）
2026-09-19 16:28:00 INFO [eta.providers.agent_chat] 智能体会话调用完成 | 返回 2 字，耗时 0ms
2026-09-19 16:28:00 INFO [eta.providers.agent_chat] 智能体会话调用完成 | 返回 2 字，耗时 0ms
2026-09-19 16:28:00 WARNING [eta.providers.agent_chat] 智能体会话请求失败，2s 后重试一次：connection reset
2026-09-19 16:28:02 WARNING [eta.services.photo_check] 多图联合解析失败，该批降级逐张解析：多图联合失败
2026-09-19 16:28:02 WARNING [eta.services.photo_check] Markdown 结构化失败：DeepSeek 超时
2026-09-19 16:28:02 WARNING [eta.services.photo_check] 智能体会话解析失败，降级 OCR 转录解析：invalid_api_key
2026-09-19 16:28:02 WARNING [eta.services.photo_check] 多图联合解析失败，该批降级逐张解析：多图联合失败（测试桩）
2026-09-19 16:28:02 DEBUG [asyncio] Using selector: KqueueSelector
2026-09-19 16:28:02 DEBUG [eta.access] GET /api/health → 200 (31ms)
2026-09-19 16:28:02 DEBUG [asyncio] Using selector: KqueueSelector
2026-09-19 16:28:02 DEBUG [eta.access] GET /api/ontology → 200 (3ms)
2026-09-19 16:28:02 DEBUG [asyncio] Using selector: KqueueSelector
2026-09-19 16:28:02 DEBUG [eta.access] POST /api/students/import → 200 (5ms)
2026-09-19 16:28:02 DEBUG [asyncio] Using selector: KqueueSelector
2026-09-19 16:28:02 DEBUG [eta.access] GET /api/students → 200 (2ms)
2026-09-19 16:28:02 DEBUG [asyncio] Using selector: KqueueSelector
2026-09-19 16:28:02 DEBUG [eta.access] POST /api/errors/scan → 200 (6ms)
2026-09-19 16:28:02 DEBUG [asyncio] Using selector: KqueueSelector
2026-09-19 16:28:02 DEBUG [eta.access] GET /api/errors → 200 (3ms)
2026-09-19 16:28:02 DEBUG [asyncio] Using selector: KqueueSelector
2026-09-19 16:28:02 DEBUG [eta.access] POST /api/errors/1/confirm → 200 (5ms)
2026-09-19 16:28:02 DEBUG [asyncio] Using selector: KqueueSelector
2026-09-19 16:28:02 DEBUG [eta.access] POST /api/errors/scan → 200 (6ms)
2026-09-19 16:28:02 DEBUG [asyncio] Using selector: KqueueSelector
2026-09-19 16:28:02 DEBUG [eta.access] POST /api/errors/2/confirm → 200 (4ms)
2026-09-19 16:28:02 DEBUG [asyncio] Using selector: KqueueSelector
2026-09-19 16:28:02 DEBUG [eta.access] POST /api/errors/scan → 200 (7ms)
2026-09-19 16:28:02 DEBUG [asyncio] Using selector: KqueueSelector
2026-09-19 16:28:02 DEBUG [eta.access] GET /api/errors → 200 (2ms)
2026-09-19 16:28:02 DEBUG [asyncio] Using selector: KqueueSelector
2026-09-19 16:28:02 DEBUG [eta.access] POST /api/errors/3/confirm → 200 (5ms)
2026-09-19 16:28:02 DEBUG [asyncio] Using selector: KqueueSelector
2026-09-19 16:28:02 DEBUG [eta.access] POST /api/errors/scan → 200 (5ms)
2026-09-19 16:28:02 DEBUG [asyncio] Using selector: KqueueSelector
2026-09-19 16:28:02 DEBUG [eta.access] GET /api/errors → 200 (2ms)
2026-09-19 16:28:02 DEBUG [asyncio] Using selector: KqueueSelector
2026-09-19 16:28:02 DEBUG [eta.access] POST /api/errors/4/confirm → 200 (4ms)
2026-09-19 16:28:02 DEBUG [asyncio] Using selector: KqueueSelector
2026-09-19 16:28:02 DEBUG [eta.access] POST /api/errors/scan → 200 (6ms)
2026-09-19 16:28:02 DEBUG [asyncio] Using selector: KqueueSelector
2026-09-19 16:28:02 DEBUG [eta.access] GET /api/errors → 200 (2ms)
2026-09-19 16:28:02 DEBUG [asyncio] Using selector: KqueueSelector
2026-09-19 16:28:02 DEBUG [eta.access] POST /api/errors/5/confirm → 200 (4ms)
2026-09-19 16:28:02 DEBUG [asyncio] Using selector: KqueueSelector
2026-09-19 16:28:02 DEBUG [eta.access] POST /api/errors/scan → 200 (6ms)
2026-09-19 16:28:03 DEBUG [asyncio] Using selector: KqueueSelector
2026-09-19 16:28:03 DEBUG [eta.access] GET /api/errors → 200 (2ms)
2026-09-19 16:28:03 DEBUG [asyncio] Using selector: KqueueSelector
2026-09-19 16:28:03 DEBUG [eta.access] POST /api/errors/6/confirm → 200 (5ms)
2026-09-19 16:28:03 DEBUG [asyncio] Using selector: KqueueSelector
2026-09-19 16:28:03 DEBUG [eta.access] POST /api/errors/scan → 200 (6ms)
2026-09-19 16:28:03 DEBUG [asyncio] Using selector: KqueueSelector
2026-09-19 16:28:03 DEBUG [eta.access] GET /api/errors → 200 (2ms)
2026-09-19 16:28:03 DEBUG [asyncio] Using selector: KqueueSelector
2026-09-19 16:28:03 DEBUG [eta.access] POST /api/errors/7/confirm → 200 (5ms)
2026-09-19 16:28:03 DEBUG [asyncio] Using selector: KqueueSelector
2026-09-19 16:28:03 DEBUG [eta.access] POST /api/errors/scan → 200 (6ms)
2026-09-19 16:28:03 DEBUG [asyncio] Using selector: KqueueSelector
2026-09-19 16:28:03 DEBUG [eta.access] GET /api/errors → 200 (3ms)
2026-09-19 16:28:03 DEBUG [asyncio] Using selector: KqueueSelector
2026-09-19 16:28:03 DEBUG [eta.access] POST /api/errors/8/confirm → 200 (4ms)
2026-09-19 16:28:03 DEBUG [asyncio] Using selector: KqueueSelector
2026-09-19 16:28:03 DEBUG [eta.access] POST /api/errors/scan → 200 (7ms)
2026-09-19 16:28:03 DEBUG [asyncio] Using selector: KqueueSelector
2026-09-19 16:28:03 DEBUG [eta.access] GET /api/errors → 200 (2ms)
2026-09-19 16:28:03 DEBUG [asyncio] Using selector: KqueueSelector
2026-09-19 16:28:03 DEBUG [eta.access] POST /api/errors/9/confirm → 200 (4ms)
2026-09-19 16:28:03 DEBUG [asyncio] Using selector: KqueueSelector
2026-09-19 16:28:03 DEBUG [eta.access] POST /api/errors/scan → 200 (6ms)
2026-09-19 16:28:03 DEBUG [asyncio] Using selector: KqueueSelector
2026-09-19 16:28:03 DEBUG [eta.access] GET /api/errors → 200 (2ms)
2026-09-19 16:28:03 DEBUG [asyncio] Using selector: KqueueSelector
2026-09-19 16:28:03 DEBUG [eta.access] POST /api/errors/10/confirm → 200 (5ms)
2026-09-19 16:28:03 DEBUG [asyncio] Using selector: KqueueSelector
2026-09-19 16:28:03 DEBUG [eta.access] POST /api/errors/scan → 200 (6ms)
2026-09-19 16:28:03 DEBUG [asyncio] Using selector: KqueueSelector
2026-09-19 16:28:03 DEBUG [eta.access] GET /api/errors → 200 (2ms)
2026-09-19 16:28:03 DEBUG [asyncio] Using selector: KqueueSelector
2026-09-19 16:28:03 DEBUG [eta.access] POST /api/errors/11/confirm → 200 (4ms)
2026-09-19 16:28:03 DEBUG [asyncio] Using selector: KqueueSelector
2026-09-19 16:28:03 DEBUG [eta.access] POST /api/errors/scan → 200 (32ms)
2026-09-19 16:28:03 DEBUG [asyncio] Using selector: KqueueSelector
2026-09-19 16:28:03 DEBUG [eta.access] GET /api/errors → 200 (2ms)
2026-09-19 16:28:03 DEBUG [asyncio] Using selector: KqueueSelector
2026-09-19 16:28:03 DEBUG [eta.access] POST /api/errors/12/confirm → 200 (4ms)
2026-09-19 16:28:03 DEBUG [asyncio] Using selector: KqueueSelector
2026-09-19 16:28:03 DEBUG [eta.access] POST /api/errors/scan → 200 (5ms)
2026-09-19 16:28:03 DEBUG [asyncio] Using selector: KqueueSelector
2026-09-19 16:28:03 DEBUG [eta.access] GET /api/errors → 200 (2ms)
2026-09-19 16:28:03 DEBUG [asyncio] Using selector: KqueueSelector
2026-09-19 16:28:03 DEBUG [eta.access] POST /api/errors/13/confirm → 200 (4ms)
2026-09-19 16:28:03 DEBUG [asyncio] Using selector: KqueueSelector
2026-09-19 16:28:03 DEBUG [eta.access] POST /api/errors/scan → 200 (6ms)
2026-09-19 16:28:03 DEBUG [asyncio] Using selector: KqueueSelector
2026-09-19 16:28:03 DEBUG [eta.access] GET /api/errors → 200 (2ms)
2026-09-19 16:28:03 DEBUG [asyncio] Using selector: KqueueSelector
2026-09-19 16:28:03 DEBUG [eta.access] POST /api/errors/14/confirm → 200 (4ms)
2026-09-19 16:28:03 DEBUG [asyncio] Using selector: KqueueSelector
2026-09-19 16:28:03 DEBUG [eta.access] POST /api/practice/generate → 200 (6ms)
2026-09-19 16:28:03 DEBUG [asyncio] Using selector: KqueueSelector
2026-09-19 16:28:03 DEBUG [eta.access] POST /api/practice/1/approve → 200 (3ms)
2026-09-19 16:28:03 DEBUG [asyncio] Using selector: KqueueSelector
2026-09-19 16:28:03 DEBUG [eta.access] GET /api/decision-sheet → 200 (8ms)
2026-09-19 16:28:03 DEBUG [asyncio] Using selector: KqueueSelector
2026-09-19 16:28:03 DEBUG [eta.access] GET /api/trends/categories → 200 (3ms)
2026-09-19 16:28:03 DEBUG [asyncio] Using selector: KqueueSelector
2026-09-19 16:28:03 DEBUG [eta.access] GET /api/export/errors.csv → 200 (4ms)
2026-09-19 16:28:03 DEBUG [asyncio] Using selector: KqueueSelector
2026-09-19 16:28:03 DEBUG [eta.access] POST /api/errors/scan → 200 (5ms)
2026-09-19 16:28:03 DEBUG [asyncio] Using selector: KqueueSelector
2026-09-19 16:28:03 DEBUG [eta.access] POST /api/errors/scan → 400 (1ms)
2026-09-19 16:28:03 DEBUG [asyncio] Using selector: KqueueSelector
2026-09-19 16:28:03 DEBUG [eta.access] POST /api/errors/scan → 200 (4ms)
2026-09-19 16:28:03 DEBUG [asyncio] Using selector: KqueueSelector
2026-09-19 16:28:03 DEBUG [eta.access] POST /api/errors/1/confirm → 400 (2ms)
2026-09-19 16:28:03 DEBUG [asyncio] Using selector: KqueueSelector
2026-09-19 16:28:03 DEBUG [eta.access] POST /api/students/import → 200 (4ms)
2026-09-19 16:28:03 DEBUG [asyncio] Using selector: KqueueSelector
2026-09-19 16:28:03 DEBUG [eta.access] POST /api/errors/scan-batch → 200 (13ms)
2026-09-19 16:28:03 DEBUG [asyncio] Using selector: KqueueSelector
2026-09-19 16:28:03 DEBUG [eta.access] GET /api/errors → 200 (4ms)
2026-09-19 16:28:03 DEBUG [asyncio] Using selector: KqueueSelector
2026-09-19 16:28:03 DEBUG [eta.access] POST /api/students/import → 200 (5ms)
2026-09-19 16:28:03 DEBUG [asyncio] Using selector: KqueueSelector
2026-09-19 16:28:03 DEBUG [eta.access] POST /api/errors/scan-batch → 200 (8ms)
2026-09-19 16:28:03 DEBUG [asyncio] Using selector: KqueueSelector
2026-09-19 16:28:03 DEBUG [eta.access] POST /api/students/import → 200 (3ms)
2026-09-19 16:28:03 DEBUG [asyncio] Using selector: KqueueSelector
2026-09-19 16:28:03 DEBUG [eta.access] POST /api/errors/scan-batch → 200 (6ms)
2026-09-19 16:28:03 DEBUG [asyncio] Using selector: KqueueSelector
2026-09-19 16:28:03 DEBUG [eta.access] POST /api/students/import → 200 (5ms)
2026-09-19 16:28:03 DEBUG [asyncio] Using selector: KqueueSelector
2026-09-19 16:28:03 DEBUG [eta.access] POST /api/errors/scan-photos → 200 (3ms)
2026-09-19 16:28:03 DEBUG [asyncio] Using selector: KqueueSelector
2026-09-19 16:28:03 DEBUG [eta.access] GET /api/errors → 200 (2ms)
2026-09-19 16:28:03 DEBUG [asyncio] Using selector: KqueueSelector
2026-09-19 16:28:03 DEBUG [eta.access] POST /api/errors/scan-photos-submit → 200 (13ms)
2026-09-19 16:28:03 DEBUG [asyncio] Using selector: KqueueSelector
2026-09-19 16:28:03 DEBUG [eta.access] GET /api/errors → 200 (2ms)
2026-09-19 16:28:03 DEBUG [asyncio] Using selector: KqueueSelector
2026-09-19 16:28:03 DEBUG [eta.access] POST /api/errors/scan-photos → 400 (1ms)
2026-09-19 16:28:03 DEBUG [asyncio] Using selector: KqueueSelector
2026-09-19 16:28:03 DEBUG [eta.access] POST /api/errors/scan-photos → 400 (1ms)
2026-09-19 16:28:03 DEBUG [asyncio] Using selector: KqueueSelector
2026-09-19 16:28:03 DEBUG [eta.access] POST /api/errors/scan-photos → 400 (1ms)
2026-09-19 16:28:03 DEBUG [asyncio] Using selector: KqueueSelector
2026-09-19 16:28:03 DEBUG [eta.access] POST /api/errors/scan → 200 (4ms)
2026-09-19 16:28:03 DEBUG [asyncio] Using selector: KqueueSelector
2026-09-19 16:28:03 DEBUG [eta.access] POST /api/errors/scan → 200 (5ms)
2026-09-19 16:28:03 DEBUG [asyncio] Using selector: KqueueSelector
2026-09-19 16:28:03 DEBUG [eta.access] GET /api/errors → 200 (2ms)
2026-09-19 16:28:03 DEBUG [asyncio] Using selector: KqueueSelector
2026-09-19 16:28:03 DEBUG [eta.access] POST /api/errors/confirm-bulk → 200 (4ms)
2026-09-19 16:28:03 DEBUG [asyncio] Using selector: KqueueSelector
2026-09-19 16:28:03 DEBUG [eta.access] GET /api/errors → 200 (2ms)
2026-09-19 16:28:03 DEBUG [asyncio] Using selector: KqueueSelector
2026-09-19 16:28:03 DEBUG [eta.access] POST /api/errors/confirm-bulk → 200 (3ms)
2026-09-19 16:28:03 DEBUG [asyncio] Using selector: KqueueSelector
2026-09-19 16:28:03 DEBUG [eta.access] GET /api/errors → 200 (2ms)
2026-09-19 16:28:03 DEBUG [asyncio] Using selector: KqueueSelector
2026-09-19 16:28:03 DEBUG [eta.access] POST /api/errors/confirm-bulk → 400 (3ms)
2026-09-19 16:28:03 DEBUG [asyncio] Using selector: KqueueSelector
2026-09-19 16:28:03 DEBUG [eta.access] POST /api/students → 200 (4ms)
2026-09-19 16:28:03 DEBUG [asyncio] Using selector: KqueueSelector
2026-09-19 16:28:03 DEBUG [eta.access] POST /api/students → 400 (3ms)
2026-09-19 16:28:03 DEBUG [asyncio] Using selector: KqueueSelector
2026-09-19 16:28:03 DEBUG [eta.access] POST /api/errors/scan → 200 (6ms)
2026-09-19 16:28:03 DEBUG [asyncio] Using selector: KqueueSelector
2026-09-19 16:28:03 DEBUG [eta.access] PUT /api/students/9101 → 200 (4ms)
2026-09-19 16:28:03 DEBUG [asyncio] Using selector: KqueueSelector
2026-09-19 16:28:03 DEBUG [eta.access] GET /api/errors → 200 (2ms)
2026-09-19 16:28:03 DEBUG [asyncio] Using selector: KqueueSelector
2026-09-19 16:28:03 DEBUG [eta.access] POST /api/students → 200 (3ms)
2026-09-19 16:28:03 DEBUG [asyncio] Using selector: KqueueSelector
2026-09-19 16:28:03 DEBUG [eta.access] PUT /api/students/9201 → 400 (3ms)
2026-09-19 16:28:03 DEBUG [asyncio] Using selector: KqueueSelector
2026-09-19 16:28:03 DEBUG [eta.access] DELETE /api/students/9201 → 200 (5ms)
2026-09-19 16:28:03 DEBUG [asyncio] Using selector: KqueueSelector
2026-09-19 16:28:03 DEBUG [eta.access] GET /api/errors → 200 (2ms)
2026-09-19 16:28:03 DEBUG [asyncio] Using selector: KqueueSelector
2026-09-19 16:28:03 DEBUG [eta.access] DELETE /api/students/9201 → 404 (1ms)
2026-09-19 16:28:03 DEBUG [asyncio] Using selector: KqueueSelector
2026-09-19 16:28:03 DEBUG [eta.access] POST /api/students → 200 (5ms)
2026-09-19 16:28:03 DEBUG [asyncio] Using selector: KqueueSelector
2026-09-19 16:28:03 DEBUG [eta.access] POST /api/errors/scan → 200 (5ms)
2026-09-19 16:28:03 DEBUG [asyncio] Using selector: KqueueSelector
2026-09-19 16:28:03 DEBUG [eta.access] DELETE /api/students/9102 → 200 (4ms)
2026-09-19 16:28:03 DEBUG [asyncio] Using selector: KqueueSelector
2026-09-19 16:28:03 DEBUG [eta.access] GET /api/errors → 200 (3ms)
2026-09-19 16:28:03 DEBUG [asyncio] Using selector: KqueueSelector
2026-09-19 16:28:03 DEBUG [eta.access] POST /api/classes → 200 (6ms)
2026-09-19 16:28:03 DEBUG [asyncio] Using selector: KqueueSelector
2026-09-19 16:28:03 DEBUG [eta.access] GET /api/classes → 200 (2ms)
2026-09-19 16:28:03 DEBUG [asyncio] Using selector: KqueueSelector
2026-09-19 16:28:03 DEBUG [eta.access] POST /api/classes → 400 (2ms)
2026-09-19 16:28:03 DEBUG [asyncio] Using selector: KqueueSelector
2026-09-19 16:28:03 DEBUG [eta.access] POST /api/classes → 400 (3ms)
2026-09-19 16:28:03 DEBUG [asyncio] Using selector: KqueueSelector
2026-09-19 16:28:03 DEBUG [eta.access] POST /api/students → 200 (3ms)
2026-09-19 16:28:03 DEBUG [asyncio] Using selector: KqueueSelector
2026-09-19 16:28:03 DEBUG [eta.access] POST /api/errors/scan → 200 (4ms)
2026-09-19 16:28:03 DEBUG [asyncio] Using selector: KqueueSelector
2026-09-19 16:28:03 DEBUG [eta.access] PUT /api/classes/九(1)班 → 200 (5ms)
2026-09-19 16:28:03 DEBUG [asyncio] Using selector: KqueueSelector
2026-09-19 16:28:03 DEBUG [eta.access] GET /api/classes → 200 (1ms)
2026-09-19 16:28:03 DEBUG [asyncio] Using selector: KqueueSelector
2026-09-19 16:28:03 DEBUG [eta.access] GET /api/students → 200 (2ms)
2026-09-19 16:28:03 DEBUG [asyncio] Using selector: KqueueSelector
2026-09-19 16:28:03 DEBUG [eta.access] GET /api/errors → 200 (3ms)
2026-09-19 16:28:03 DEBUG [asyncio] Using selector: KqueueSelector
2026-09-19 16:28:03 DEBUG [eta.access] DELETE /api/classes/九(2)班 → 200 (3ms)
2026-09-19 16:28:03 DEBUG [asyncio] Using selector: KqueueSelector
2026-09-19 16:28:03 DEBUG [eta.access] GET /api/students → 200 (1ms)
2026-09-19 16:28:03 DEBUG [asyncio] Using selector: KqueueSelector
2026-09-19 16:28:03 DEBUG [eta.access] GET /api/errors → 200 (2ms)
2026-09-19 16:28:03 DEBUG [asyncio] Using selector: KqueueSelector
2026-09-19 16:28:03 DEBUG [eta.access] POST /api/classes → 200 (4ms)
2026-09-19 16:28:03 DEBUG [asyncio] Using selector: KqueueSelector
2026-09-19 16:28:03 DEBUG [eta.access] POST /api/classes → 200 (4ms)
2026-09-19 16:28:03 DEBUG [asyncio] Using selector: KqueueSelector
2026-09-19 16:28:03 DEBUG [eta.access] POST /api/students → 200 (4ms)
2026-09-19 16:28:03 DEBUG [asyncio] Using selector: KqueueSelector
2026-09-19 16:28:03 DEBUG [eta.access] PUT /api/classes/九(3)班 → 400 (3ms)
2026-09-19 16:28:03 DEBUG [asyncio] Using selector: KqueueSelector
2026-09-19 16:28:03 DEBUG [eta.access] DELETE /api/classes/九(3)班 → 200 (3ms)
2026-09-19 16:28:03 DEBUG [asyncio] Using selector: KqueueSelector
2026-09-19 16:28:03 DEBUG [eta.access] DELETE /api/classes/九(1)班 → 200 (3ms)
2026-09-19 16:28:03 DEBUG [asyncio] Using selector: KqueueSelector
2026-09-19 16:28:03 DEBUG [eta.access] GET /api/classes → 200 (1ms)
2026-09-19 16:28:03 DEBUG [asyncio] Using selector: KqueueSelector
2026-09-19 16:28:03 DEBUG [eta.access] POST /api/classes → 200 (3ms)
2026-09-19 16:28:03 DEBUG [asyncio] Using selector: KqueueSelector
2026-09-19 16:28:03 DEBUG [eta.access] POST /api/students → 200 (5ms)
2026-09-19 16:28:03 DEBUG [asyncio] Using selector: KqueueSelector
2026-09-19 16:28:03 DEBUG [eta.access] POST /api/errors/scan → 200 (5ms)
2026-09-19 16:28:03 DEBUG [asyncio] Using selector: KqueueSelector
2026-09-19 16:28:03 DEBUG [eta.access] DELETE /api/classes/旧库班 → 200 (4ms)
2026-09-19 16:28:03 DEBUG [asyncio] Using selector: KqueueSelector
2026-09-19 16:28:03 DEBUG [eta.access] POST /api/errors/scan → 200 (5ms)
2026-09-19 16:28:03 DEBUG [asyncio] Using selector: KqueueSelector
2026-09-19 16:28:03 DEBUG [eta.access] POST /api/errors/1/confirm → 200 (4ms)
2026-09-19 16:28:04 DEBUG [asyncio] Using selector: KqueueSelector
2026-09-19 16:28:04 DEBUG [eta.access] POST /api/errors/scan → 200 (3ms)
2026-09-19 16:28:04 DEBUG [asyncio] Using selector: KqueueSelector
2026-09-19 16:28:04 DEBUG [eta.access] POST /api/errors/2/confirm → 200 (6ms)
2026-09-19 16:28:04 DEBUG [asyncio] Using selector: KqueueSelector
2026-09-19 16:28:04 DEBUG [eta.access] POST /api/errors/scan → 200 (4ms)
2026-09-19 16:28:04 DEBUG [asyncio] Using selector: KqueueSelector
2026-09-19 16:28:04 DEBUG [eta.access] POST /api/errors/3/confirm → 200 (5ms)
2026-09-19 16:28:04 DEBUG [asyncio] Using selector: KqueueSelector
2026-09-19 16:28:04 DEBUG [eta.access] POST /api/errors/scan → 200 (4ms)
2026-09-19 16:28:04 DEBUG [asyncio] Using selector: KqueueSelector
2026-09-19 16:28:04 DEBUG [eta.access] POST /api/errors/4/confirm → 200 (4ms)
2026-09-19 16:28:04 DEBUG [asyncio] Using selector: KqueueSelector
2026-09-19 16:28:04 DEBUG [eta.access] POST /api/decision-sheet/ai → 200 (7ms)
2026-09-19 16:28:04 DEBUG [asyncio] Using selector: KqueueSelector
2026-09-19 16:28:04 DEBUG [eta.access] POST /api/decision-sheet/ai → 400 (3ms)
2026-09-19 16:28:04 DEBUG [asyncio] Using selector: KqueueSelector
2026-09-19 16:28:04 DEBUG [eta.access] POST /api/practice/generate → 422 (1ms)
2026-09-19 16:28:04 DEBUG [asyncio] Using selector: KqueueSelector
2026-09-19 16:28:04 DEBUG [eta.access] POST /api/practice/generate → 422 (1ms)
2026-09-19 16:28:04 DEBUG [asyncio] Using selector: KqueueSelector
2026-09-19 16:28:04 DEBUG [eta.access] POST /api/practice/generate → 200 (4ms)
2026-09-19 16:28:04 DEBUG [asyncio] Using selector: KqueueSelector
2026-09-19 16:28:04 DEBUG [eta.access] POST /api/practice/generate → 200 (5ms)
2026-09-19 16:28:04 DEBUG [asyncio] Using selector: KqueueSelector
2026-09-19 16:28:04 DEBUG [eta.access] POST /api/practice/generate → 200 (5ms)
2026-09-19 16:28:04 DEBUG [asyncio] Using selector: KqueueSelector
2026-09-19 16:28:04 DEBUG [eta.access] POST /api/practice/generate → 400 (2ms)
2026-09-19 16:28:04 DEBUG [asyncio] Using selector: KqueueSelector
2026-09-19 16:28:04 DEBUG [eta.access] POST /api/practice/generate → 400 (2ms)
2026-09-19 16:28:04 DEBUG [asyncio] Using selector: KqueueSelector
2026-09-19 16:28:04 DEBUG [eta.access] POST /api/paper/generate → 400 (3ms)
2026-09-19 16:28:04 DEBUG [asyncio] Using selector: KqueueSelector
2026-09-19 16:28:04 DEBUG [eta.access] POST /api/errors/scan → 200 (4ms)
2026-09-19 16:28:04 DEBUG [asyncio] Using selector: KqueueSelector
2026-09-19 16:28:04 DEBUG [eta.access] POST /api/errors/1/confirm → 200 (4ms)
2026-09-19 16:28:04 DEBUG [asyncio] Using selector: KqueueSelector
2026-09-19 16:28:04 DEBUG [eta.access] POST /api/errors/scan → 200 (4ms)
2026-09-19 16:28:04 DEBUG [asyncio] Using selector: KqueueSelector
2026-09-19 16:28:04 DEBUG [eta.access] POST /api/errors/2/confirm → 200 (6ms)
2026-09-19 16:28:04 DEBUG [asyncio] Using selector: KqueueSelector
2026-09-19 16:28:04 DEBUG [eta.access] POST /api/paper/generate → 200 (4ms)
2026-09-19 16:28:04 DEBUG [asyncio] Using selector: KqueueSelector
2026-09-19 16:28:04 DEBUG [eta.access] POST /api/paper/generate → 200 (5ms)
2026-09-19 16:28:04 DEBUG [asyncio] Using selector: KqueueSelector
2026-09-19 16:28:04 DEBUG [eta.access] POST /api/paper/generate → 422 (3ms)
2026-09-19 16:28:04 DEBUG [asyncio] Using selector: KqueueSelector
2026-09-19 16:28:04 DEBUG [eta.access] POST /api/paper/generate → 422 (1ms)
2026-09-19 16:28:04 DEBUG [asyncio] Using selector: KqueueSelector
2026-09-19 16:28:04 DEBUG [eta.access] POST /api/paper/generate → 200 (4ms)
2026-09-19 16:28:04 DEBUG [asyncio] Using selector: KqueueSelector
2026-09-19 16:28:04 DEBUG [eta.access] GET /api/papers → 200 (3ms)
2026-09-19 16:28:04 DEBUG [asyncio] Using selector: KqueueSelector
2026-09-19 16:28:04 DEBUG [eta.access] POST /api/paper/1/approve → 200 (3ms)
2026-09-19 16:28:04 DEBUG [asyncio] Using selector: KqueueSelector
2026-09-19 16:28:04 DEBUG [eta.access] POST /api/paper/1/approve → 404 (2ms)
2026-09-19 16:28:04 DEBUG [asyncio] Using selector: KqueueSelector
2026-09-19 16:28:04 DEBUG [eta.access] GET /api/papers → 200 (2ms)
2026-09-19 16:28:04 DEBUG [asyncio] Using selector: KqueueSelector
2026-09-19 16:28:04 DEBUG [eta.access] POST /api/practice/generate → 200 (4ms)
2026-09-19 16:28:04 DEBUG [asyncio] Using selector: KqueueSelector
2026-09-19 16:28:04 DEBUG [eta.access] GET /api/practices/export → 400 (20ms)
2026-09-19 16:28:04 DEBUG [asyncio] Using selector: KqueueSelector
2026-09-19 16:28:04 DEBUG [eta.access] GET /api/practices/export → 200 (2ms)
2026-09-19 16:28:04 DEBUG [asyncio] Using selector: KqueueSelector
2026-09-19 16:28:04 DEBUG [eta.access] POST /api/practice/1/approve → 200 (2ms)
2026-09-19 16:28:04 DEBUG [asyncio] Using selector: KqueueSelector
2026-09-19 16:28:04 DEBUG [eta.access] GET /api/practices/export → 200 (2ms)
2026-09-19 16:28:04 DEBUG [asyncio] Using selector: KqueueSelector
2026-09-19 16:28:04 DEBUG [eta.access] GET /api/practices/export → 200 (119ms)
2026-09-19 16:28:04 DEBUG [asyncio] Using selector: KqueueSelector
2026-09-19 16:28:04 DEBUG [eta.access] POST /api/practice/generate → 200 (4ms)
2026-09-19 16:28:04 DEBUG [asyncio] Using selector: KqueueSelector
2026-09-19 16:28:04 DEBUG [eta.access] POST /api/practice/2/approve → 200 (3ms)
2026-09-19 16:28:04 DEBUG [asyncio] Using selector: KqueueSelector
2026-09-19 16:28:04 DEBUG [eta.access] GET /api/practices/export → 200 (2ms)
2026-09-19 16:28:04 DEBUG [asyncio] Using selector: KqueueSelector
2026-09-19 16:28:04 DEBUG [eta.access] GET /api/practices/export → 400 (1ms)
2026-09-19 16:28:04 DEBUG [asyncio] Using selector: KqueueSelector
2026-09-19 16:28:04 DEBUG [eta.access] POST /api/errors/scan → 200 (5ms)
2026-09-19 16:28:04 DEBUG [asyncio] Using selector: KqueueSelector
2026-09-19 16:28:04 DEBUG [eta.access] POST /api/errors/1/confirm → 200 (4ms)
2026-09-19 16:28:04 DEBUG [asyncio] Using selector: KqueueSelector
2026-09-19 16:28:04 DEBUG [eta.access] POST /api/errors/scan → 200 (4ms)
2026-09-19 16:28:04 DEBUG [asyncio] Using selector: KqueueSelector
2026-09-19 16:28:04 DEBUG [eta.access] POST /api/errors/2/confirm → 200 (4ms)
2026-09-19 16:28:04 DEBUG [asyncio] Using selector: KqueueSelector
2026-09-19 16:28:04 DEBUG [eta.access] POST /api/paper/generate → 200 (6ms)
2026-09-19 16:28:04 DEBUG [asyncio] Using selector: KqueueSelector
2026-09-19 16:28:04 DEBUG [eta.access] GET /api/papers/1/export → 400 (2ms)
2026-09-19 16:28:04 DEBUG [asyncio] Using selector: KqueueSelector
2026-09-19 16:28:04 DEBUG [eta.access] POST /api/paper/1/approve → 200 (3ms)
2026-09-19 16:28:04 DEBUG [asyncio] Using selector: KqueueSelector
2026-09-19 16:28:04 DEBUG [eta.access] GET /api/papers/1/export → 200 (2ms)
2026-09-19 16:28:04 DEBUG [asyncio] Using selector: KqueueSelector
2026-09-19 16:28:04 DEBUG [eta.access] GET /api/papers/1/export → 200 (38ms)
2026-09-19 16:28:04 DEBUG [asyncio] Using selector: KqueueSelector
2026-09-19 16:28:04 DEBUG [eta.access] GET /api/papers/999/export → 404 (2ms)
2026-09-19 16:28:04 DEBUG [asyncio] Using selector: KqueueSelector
2026-09-19 16:28:04 DEBUG [eta.access] POST /api/classes → 200 (6ms)
2026-09-19 16:28:04 DEBUG [asyncio] Using selector: KqueueSelector
2026-09-19 16:28:04 DEBUG [eta.access] POST /api/students → 200 (3ms)
2026-09-19 16:28:04 DEBUG [asyncio] Using selector: KqueueSelector
2026-09-19 16:28:04 DEBUG [eta.access] POST /api/errors/scan → 200 (8ms)
2026-09-19 16:28:04 DEBUG [asyncio] Using selector: KqueueSelector
2026-09-19 16:28:04 DEBUG [eta.access] POST /api/errors/1/confirm → 200 (4ms)
2026-09-19 16:28:04 DEBUG [asyncio] Using selector: KqueueSelector
2026-09-19 16:28:04 DEBUG [eta.access] POST /api/errors/scan → 200 (6ms)
2026-09-19 16:28:04 DEBUG [asyncio] Using selector: KqueueSelector
2026-09-19 16:28:04 DEBUG [eta.access] POST /api/errors/2/confirm → 200 (4ms)
2026-09-19 16:28:04 DEBUG [asyncio] Using selector: KqueueSelector
2026-09-19 16:28:04 DEBUG [eta.access] POST /api/errors/scan → 200 (6ms)
2026-09-19 16:28:04 DEBUG [asyncio] Using selector: KqueueSelector
2026-09-19 16:28:04 DEBUG [eta.access] POST /api/errors/3/confirm → 200 (16ms)
2026-09-19 16:28:04 DEBUG [asyncio] Using selector: KqueueSelector
2026-09-19 16:28:04 DEBUG [eta.access] POST /api/errors/scan → 200 (5ms)
2026-09-19 16:28:04 DEBUG [asyncio] Using selector: KqueueSelector
2026-09-19 16:28:04 DEBUG [eta.access] POST /api/errors/4/confirm → 200 (5ms)
2026-09-19 16:28:04 DEBUG [asyncio] Using selector: KqueueSelector
2026-09-19 16:28:04 DEBUG [eta.access] POST /api/errors/scan → 200 (6ms)
2026-09-19 16:28:04 DEBUG [asyncio] Using selector: KqueueSelector
2026-09-19 16:28:04 DEBUG [eta.access] POST /api/errors/5/confirm → 200 (5ms)
2026-09-19 16:28:04 DEBUG [asyncio] Using selector: KqueueSelector
2026-09-19 16:28:04 DEBUG [eta.access] GET /api/decision-sheet/export → 200 (6ms)
2026-09-19 16:28:04 DEBUG [asyncio] Using selector: KqueueSelector
2026-09-19 16:28:05 DEBUG [eta.access] GET /api/decision-sheet/export → 200 (51ms)
2026-09-19 16:28:05 DEBUG [asyncio] Using selector: KqueueSelector
2026-09-19 16:28:05 DEBUG [eta.access] POST /api/students/import → 200 (9ms)
2026-09-19 16:28:05 DEBUG [asyncio] Using selector: KqueueSelector
2026-09-19 16:28:05 DEBUG [eta.access] POST /api/errors/scan → 200 (7ms)
2026-09-19 16:28:05 DEBUG [asyncio] Using selector: KqueueSelector
2026-09-19 16:28:05 DEBUG [eta.access] POST /api/errors/1/confirm → 200 (4ms)
2026-09-19 16:28:05 DEBUG [asyncio] Using selector: KqueueSelector
2026-09-19 16:28:05 DEBUG [eta.access] POST /api/errors/scan → 200 (7ms)
2026-09-19 16:28:05 DEBUG [asyncio] Using selector: KqueueSelector
2026-09-19 16:28:05 DEBUG [eta.access] POST /api/errors/2/confirm → 200 (4ms)
2026-09-19 16:28:05 DEBUG [asyncio] Using selector: KqueueSelector
2026-09-19 16:28:05 INFO [eta.export] 导出学生综合信息：2 名学生（class=九(1)班）
2026-09-19 16:28:05 DEBUG [eta.access] GET /api/students/export.csv → 200 (6ms)
2026-09-19 16:28:05 DEBUG [asyncio] Using selector: KqueueSelector
2026-09-19 16:28:05 DEBUG [eta.access] GET /api/errors/batches → 200 (2ms)
2026-09-19 16:28:05 DEBUG [asyncio] Using selector: KqueueSelector
2026-09-19 16:28:05 DEBUG [eta.access] GET /api/errors/batches → 200 (2ms)
2026-09-19 16:28:05 DEBUG [asyncio] Using selector: KqueueSelector
2026-09-19 16:28:05 DEBUG [eta.access] GET /api/decision-sheet → 200 (7ms)
2026-09-19 16:28:05 DEBUG [asyncio] Using selector: KqueueSelector
2026-09-19 16:28:05 DEBUG [eta.access] GET /api/decision-sheet → 200 (5ms)
2026-09-19 16:28:05 DEBUG [asyncio] Using selector: KqueueSelector
2026-09-19 16:28:05 DEBUG [eta.access] GET /api/dashboard → 200 (6ms)
2026-09-19 16:28:05 DEBUG [asyncio] Using selector: KqueueSelector
2026-09-19 16:28:05 DEBUG [eta.access] GET /api/dashboard → 200 (7ms)
2026-09-19 16:28:05 DEBUG [asyncio] Using selector: KqueueSelector
2026-09-19 16:28:05 DEBUG [eta.access] GET /api/trends/categories → 200 (3ms)
2026-09-19 16:28:05 DEBUG [asyncio] Using selector: KqueueSelector
2026-09-19 16:28:05 DEBUG [eta.access] POST /api/errors/confirm-bulk → 200 (3ms)
2026-09-19 16:28:05 DEBUG [asyncio] Using selector: KqueueSelector
2026-09-19 16:28:05 DEBUG [eta.access] GET /api/dashboard → 200 (5ms)
2026-09-19 16:28:05 DEBUG [asyncio] Using selector: KqueueSelector
2026-09-19 16:28:05 DEBUG [eta.access] GET /api/decision-sheet/export → 200 (4ms)
2026-09-19 16:28:05 DEBUG [asyncio] Using selector: KqueueSelector
2026-09-19 16:28:05 DEBUG [eta.access] POST /api/check/dictation → 200 (12ms)
2026-09-19 16:28:05 DEBUG [asyncio] Using selector: KqueueSelector
2026-09-19 16:28:05 DEBUG [eta.access] GET /api/errors → 200 (2ms)
2026-09-19 16:28:05 DEBUG [asyncio] Using selector: KqueueSelector
2026-09-19 16:28:05 DEBUG [eta.access] GET /api/check/sessions → 200 (3ms)
2026-09-19 16:28:05 DEBUG [asyncio] Using selector: KqueueSelector
2026-09-19 16:28:05 DEBUG [eta.access] GET /api/check/sessions/1 → 200 (2ms)
2026-09-19 16:28:05 DEBUG [asyncio] Using selector: KqueueSelector
2026-09-19 16:28:05 DEBUG [eta.access] POST /api/check/assignment → 200 (14ms)
2026-09-19 16:28:05 DEBUG [asyncio] Using selector: KqueueSelector
2026-09-19 16:28:05 DEBUG [eta.access] GET /api/errors → 200 (2ms)
2026-09-19 16:28:05 DEBUG [asyncio] Using selector: KqueueSelector
2026-09-19 16:28:05 DEBUG [eta.access] POST /api/check/assignment → 200 (11ms)
2026-09-19 16:28:05 DEBUG [asyncio] Using selector: KqueueSelector
2026-09-19 16:28:05 DEBUG [eta.access] GET /api/errors → 200 (3ms)
2026-09-19 16:28:05 DEBUG [asyncio] Using selector: KqueueSelector
2026-09-19 16:28:05 DEBUG [eta.access] POST /api/check/assignment → 200 (4ms)
2026-09-19 16:28:05 DEBUG [asyncio] Using selector: KqueueSelector
2026-09-19 16:28:05 DEBUG [eta.access] POST /api/check/assignment → 200 (9ms)
2026-09-19 16:28:05 DEBUG [asyncio] Using selector: KqueueSelector
2026-09-19 16:28:05 DEBUG [eta.access] POST /api/check/dictation → 400 (1ms)
2026-09-19 16:28:05 DEBUG [asyncio] Using selector: KqueueSelector
2026-09-19 16:28:05 DEBUG [eta.access] POST /api/check/assignment → 400 (3ms)
2026-09-19 16:28:05 DEBUG [asyncio] Using selector: KqueueSelector
2026-09-19 16:28:05 DEBUG [eta.access] GET /api/check/sessions/999999 → 404 (2ms)
2026-09-19 16:28:05 DEBUG [asyncio] Using selector: KqueueSelector
2026-09-19 16:28:05 DEBUG [eta.access] POST /api/check/dictation → 200 (4ms)
2026-09-19 16:28:05 DEBUG [asyncio] Using selector: KqueueSelector
2026-09-19 16:28:05 DEBUG [eta.access] PATCH /api/check/sessions/1 → 200 (5ms)
2026-09-19 16:28:05 DEBUG [asyncio] Using selector: KqueueSelector
2026-09-19 16:28:05 DEBUG [eta.access] GET /api/check/sessions → 200 (2ms)
2026-09-19 16:28:06 DEBUG [asyncio] Using selector: KqueueSelector
2026-09-19 16:28:06 DEBUG [eta.access] POST /api/students/import → 200 (5ms)
2026-09-19 16:28:06 DEBUG [asyncio] Using selector: KqueueSelector
2026-09-19 16:28:06 DEBUG [eta.access] POST /api/check/dictation → 200 (7ms)
2026-09-19 16:28:06 DEBUG [asyncio] Using selector: KqueueSelector
2026-09-19 16:28:06 DEBUG [eta.access] GET /api/check/sessions/1/export → 200 (4ms)
2026-09-19 16:28:06 DEBUG [asyncio] Using selector: KqueueSelector
2026-09-19 16:28:06 DEBUG [eta.access] GET /api/check/sessions/999999/export → 404 (2ms)
2026-09-19 16:28:06 DEBUG [asyncio] Using selector: KqueueSelector
2026-09-19 16:28:06 DEBUG [eta.access] POST /api/students → 200 (3ms)
2026-09-19 16:28:06 DEBUG [asyncio] Using selector: KqueueSelector
2026-09-19 16:28:06 DEBUG [eta.access] POST /api/students → 200 (3ms)
2026-09-19 16:28:06 DEBUG [asyncio] Using selector: KqueueSelector
2026-09-19 16:28:06 DEBUG [eta.access] POST /api/students → 200 (5ms)
2026-09-19 16:28:06 DEBUG [asyncio] Using selector: KqueueSelector
2026-09-19 16:28:06 DEBUG [eta.access] POST /api/students → 200 (4ms)
2026-09-19 16:28:06 DEBUG [asyncio] Using selector: KqueueSelector
2026-09-19 16:28:06 DEBUG [eta.access] POST /api/students → 200 (5ms)
2026-09-19 16:28:06 DEBUG [asyncio] Using selector: KqueueSelector
2026-09-19 16:28:06 DEBUG [eta.access] POST /api/students → 200 (3ms)
2026-09-19 16:28:06 DEBUG [asyncio] Using selector: KqueueSelector
2026-09-19 16:28:06 DEBUG [eta.access] POST /api/students/S01/cleanup → 200 (5ms)
2026-09-19 16:28:06 DEBUG [asyncio] Using selector: KqueueSelector
2026-09-19 16:28:06 DEBUG [eta.access] GET /api/students/S01/profile → 200 (3ms)
2026-09-19 16:28:06 DEBUG [asyncio] Using selector: KqueueSelector
2026-09-19 16:28:06 DEBUG [eta.access] POST /api/students/S01/cleanup → 200 (5ms)
2026-09-19 16:28:06 DEBUG [asyncio] Using selector: KqueueSelector
2026-09-19 16:28:06 DEBUG [eta.access] GET /api/students/S01/profile → 200 (2ms)
2026-09-19 16:28:06 DEBUG [asyncio] Using selector: KqueueSelector
2026-09-19 16:28:06 DEBUG [eta.access] POST /api/students → 200 (5ms)
2026-09-19 16:28:06 DEBUG [asyncio] Using selector: KqueueSelector
2026-09-19 16:28:06 DEBUG [eta.access] POST /api/students → 200 (3ms)
2026-09-19 16:28:06 DEBUG [asyncio] Using selector: KqueueSelector
2026-09-19 16:28:06 DEBUG [eta.access] POST /api/students/S01/cleanup → 200 (3ms)
2026-09-19 16:28:06 DEBUG [asyncio] Using selector: KqueueSelector
2026-09-19 16:28:06 DEBUG [eta.access] POST /api/students → 200 (6ms)
2026-09-19 16:28:06 DEBUG [asyncio] Using selector: KqueueSelector
2026-09-19 16:28:06 DEBUG [eta.access] POST /api/students → 200 (4ms)
2026-09-19 16:28:06 DEBUG [asyncio] Using selector: KqueueSelector
2026-09-19 16:28:06 DEBUG [eta.access] POST /api/students/S01/cleanup → 200 (4ms)
2026-09-19 16:28:06 DEBUG [asyncio] Using selector: KqueueSelector
2026-09-19 16:28:06 DEBUG [eta.access] POST /api/students → 200 (6ms)
2026-09-19 16:28:06 DEBUG [asyncio] Using selector: KqueueSelector
2026-09-19 16:28:06 DEBUG [eta.access] POST /api/students → 200 (3ms)
2026-09-19 16:28:06 DEBUG [asyncio] Using selector: KqueueSelector
2026-09-19 16:28:06 DEBUG [eta.access] POST /api/students/S01/cleanup → 200 (4ms)
2026-09-19 16:28:06 DEBUG [asyncio] Using selector: KqueueSelector
2026-09-19 16:28:06 DEBUG [eta.access] POST /api/students → 200 (7ms)
2026-09-19 16:28:06 DEBUG [asyncio] Using selector: KqueueSelector
2026-09-19 16:28:06 DEBUG [eta.access] POST /api/students/P01/cleanup → 400 (2ms)
2026-09-19 16:28:06 DEBUG [asyncio] Using selector: KqueueSelector
2026-09-19 16:28:06 DEBUG [eta.access] POST /api/students/P01/cleanup → 400 (3ms)
2026-09-19 16:28:06 DEBUG [asyncio] Using selector: KqueueSelector
2026-09-19 16:28:06 DEBUG [eta.access] POST /api/students/NOPE/cleanup → 404 (2ms)
2026-09-19 16:28:06 DEBUG [asyncio] Using selector: KqueueSelector
2026-09-19 16:28:06 DEBUG [eta.access] POST /api/students → 200 (4ms)
2026-09-19 16:28:06 DEBUG [asyncio] Using selector: KqueueSelector
2026-09-19 16:28:06 DEBUG [eta.access] POST /api/students/V01/cleanup → 400 (2ms)
2026-09-19 16:28:06 WARNING [eta.ocr] dual 文档流 mineru 通道失败（降级继续）：MinerU 链路抖动
2026-09-19 16:28:06 WARNING [eta.ocr] dual 文档流 mineru 通道失败（降级继续）：down
2026-09-19 16:28:06 WARNING [eta.ocr] dual 文档流 paddleocr 通道失败（降级继续）：down
2026-09-19 16:28:07 DEBUG [asyncio] Using selector: KqueueSelector
2026-09-19 16:28:07 ERROR [eta.logs] 浏览器 [ERROR] 页面=#/scan 页面脚本错误
at boot
2026-09-19 16:28:07 DEBUG [eta.access] POST /api/logs/client → 200 (3ms)
2026-09-19 16:28:07 INFO [eta.ocr] MinerU batch=b1 创建，上传图片 (5 bytes)
2026-09-19 16:28:08 WARNING [eta.trace] 运行留痕写入失败：[Errno 20] Not a directory: '/private/var/folders/sh/v4ws268d63928m_6n_jzds6m0000gn/T/pytest-of-zbloom/pytest-13/test_record_never_raises_on_io0/blocker/sub'
2026-09-19 16:28:08 DEBUG [asyncio] Using selector: KqueueSelector
2026-09-19 16:28:08 DEBUG [eta.access] POST /api/check/organize-upload → 200 (2ms)
2026-09-19 16:28:08 DEBUG [asyncio] Using selector: KqueueSelector
2026-09-19 16:28:08 DEBUG [eta.access] POST /api/check/organize-upload → 200 (1ms)
2026-09-19 16:28:08 DEBUG [asyncio] Using selector: KqueueSelector
2026-09-19 16:28:08 DEBUG [eta.access] POST /api/check/organize-upload → 400 (2ms)
2026-09-19 16:28:08 DEBUG [asyncio] Using selector: KqueueSelector
2026-09-19 16:28:08 DEBUG [eta.access] POST /api/students/import → 200 (4ms)
2026-09-19 16:28:08 DEBUG [asyncio] Using selector: KqueueSelector
2026-09-19 16:28:08 DEBUG [eta.access] POST /api/check/photo-parse → 200 (5ms)
2026-09-19 16:28:08 DEBUG [asyncio] Using selector: KqueueSelector
2026-09-19 16:28:08 DEBUG [eta.access] POST /api/check/photo-parse → 200 (3ms)
2026-09-19 16:28:08 DEBUG [asyncio] Using selector: KqueueSelector
2026-09-19 16:28:08 DEBUG [eta.access] POST /api/check/photo-parse → 200 (3ms)
2026-09-19 16:28:08 DEBUG [asyncio] Using selector: KqueueSelector
2026-09-19 16:28:08 WARNING [eta.services.photo_check] 批改读图失败（张三/bad.jpg）：识别失败
2026-09-19 16:28:08 DEBUG [eta.access] POST /api/check/photo-parse → 200 (3ms)
2026-09-19 16:28:08 DEBUG [asyncio] Using selector: KqueueSelector
2026-09-19 16:28:08 DEBUG [eta.access] POST /api/check/photo-parse → 422 (2ms)
2026-09-19 16:28:08 DEBUG [asyncio] Using selector: KqueueSelector
2026-09-19 16:28:08 DEBUG [eta.access] POST /api/students/import → 200 (4ms)
2026-09-19 16:28:08 DEBUG [asyncio] Using selector: KqueueSelector
2026-09-19 16:28:08 DEBUG [eta.access] POST /api/check/assignment → 200 (10ms)
2026-09-19 16:28:08 DEBUG [asyncio] Using selector: KqueueSelector
2026-09-19 16:28:08 DEBUG [eta.access] GET /api/errors → 200 (2ms)
2026-09-19 16:28:08 DEBUG [asyncio] Using selector: KqueueSelector
2026-09-19 16:28:08 DEBUG [eta.access] GET /api/check/sessions/1/files → 200 (2ms)
2026-09-19 16:28:08 DEBUG [asyncio] Using selector: KqueueSelector
2026-09-19 16:28:08 DEBUG [eta.access] GET /api/check/sessions → 200 (2ms)
2026-09-19 16:28:08 DEBUG [asyncio] Using selector: KqueueSelector
2026-09-19 16:28:08 DEBUG [eta.access] POST /api/check/assignment → 200 (8ms)
2026-09-19 16:28:08 DEBUG [asyncio] Using selector: KqueueSelector
2026-09-19 16:28:08 DEBUG [eta.access] GET /api/check/sessions/1 → 200 (4ms)
2026-09-19 16:28:08 DEBUG [asyncio] Using selector: KqueueSelector
2026-09-19 16:28:08 DEBUG [eta.access] POST /api/students/import → 200 (3ms)
2026-09-19 16:28:08 DEBUG [asyncio] Using selector: KqueueSelector
2026-09-19 16:28:08 DEBUG [eta.access] POST /api/check/assignment → 200 (9ms)
2026-09-19 16:28:08 DEBUG [asyncio] Using selector: KqueueSelector
2026-09-19 16:28:08 DEBUG [eta.access] POST /api/students/import → 200 (3ms)
2026-09-19 16:28:08 DEBUG [asyncio] Using selector: KqueueSelector
2026-09-19 16:28:08 DEBUG [eta.access] POST /api/check/assignment → 200 (9ms)
2026-09-19 16:28:08 DEBUG [asyncio] Using selector: KqueueSelector
2026-09-19 16:28:08 DEBUG [eta.access] GET /api/check/sessions → 200 (3ms)
2026-09-19 16:28:08 DEBUG [asyncio] Using selector: KqueueSelector
2026-09-19 16:28:08 DEBUG [eta.access] GET /api/check/sessions → 200 (2ms)
2026-09-19 16:28:08 DEBUG [asyncio] Using selector: KqueueSelector
2026-09-19 16:28:08 DEBUG [eta.access] POST /api/students/import → 200 (3ms)
2026-09-19 16:28:08 DEBUG [asyncio] Using selector: KqueueSelector
2026-09-19 16:28:08 DEBUG [eta.access] POST /api/check/assignment → 200 (9ms)
2026-09-19 16:28:08 DEBUG [asyncio] Using selector: KqueueSelector
2026-09-19 16:28:08 DEBUG [eta.access] GET /api/check/sessions/1/files → 200 (2ms)
2026-09-19 16:28:08 DEBUG [asyncio] Using selector: KqueueSelector
2026-09-19 16:28:08 DEBUG [eta.access] DELETE /api/check/sessions/1 → 200 (3ms)
2026-09-19 16:28:08 DEBUG [asyncio] Using selector: KqueueSelector
2026-09-19 16:28:08 DEBUG [eta.access] GET /api/check/sessions/1 → 404 (2ms)
2026-09-19 16:28:08 DEBUG [asyncio] Using selector: KqueueSelector
2026-09-19 16:28:08 DEBUG [eta.access] GET /api/check/sessions/1/files → 404 (3ms)
2026-09-19 16:28:08 DEBUG [asyncio] Using selector: KqueueSelector
2026-09-19 16:28:08 DEBUG [eta.access] GET /api/errors → 200 (2ms)
2026-09-19 16:28:08 DEBUG [asyncio] Using selector: KqueueSelector
2026-09-19 16:28:08 DEBUG [eta.access] POST /api/students/import → 200 (4ms)
2026-09-19 16:28:08 DEBUG [asyncio] Using selector: KqueueSelector
2026-09-19 16:28:08 DEBUG [eta.access] POST /api/check/assignment → 200 (8ms)
2026-09-19 16:28:08 DEBUG [asyncio] Using selector: KqueueSelector
2026-09-19 16:28:08 DEBUG [eta.access] DELETE /api/check/sessions/2 → 200 (4ms)
2026-09-19 16:28:08 DEBUG [asyncio] Using selector: KqueueSelector
2026-09-19 16:28:08 DEBUG [eta.access] GET /api/errors → 200 (2ms)
2026-09-19 16:28:08 DEBUG [asyncio] Using selector: KqueueSelector
2026-09-19 16:28:08 DEBUG [eta.access] DELETE /api/check/sessions/999999 → 404 (2ms)
2026-09-19 16:28:08 DEBUG [asyncio] Using selector: KqueueSelector
2026-09-19 16:28:08 DEBUG [eta.access] POST /api/students/import → 200 (35ms)
2026-09-19 16:28:08 DEBUG [asyncio] Using selector: KqueueSelector
2026-09-19 16:28:08 DEBUG [eta.access] POST /api/check/photo-parse → 200 (3ms)
2026-09-19 16:28:08 DEBUG [asyncio] Using selector: KqueueSelector
2026-09-19 16:28:08 DEBUG [eta.access] POST /api/check/photo-parse → 200 (2ms)
2026-09-19 16:28:08 DEBUG [asyncio] Using selector: KqueueSelector
2026-09-19 16:28:08 DEBUG [eta.access] POST /api/check/md-reparse → 200 (2ms)
2026-09-19 16:28:08 DEBUG [asyncio] Using selector: KqueueSelector
2026-09-19 16:28:08 DEBUG [eta.access] POST /api/check/md-reparse → 400 (2ms)
2026-09-19 16:28:08 DEBUG [asyncio] Using selector: KqueueSelector
2026-09-19 16:28:08 DEBUG [eta.access] POST /api/students/import → 200 (4ms)
2026-09-19 16:28:08 DEBUG [asyncio] Using selector: KqueueSelector
2026-09-19 16:28:08 DEBUG [eta.access] POST /api/check/assignment → 200 (4ms)
2026-09-19 16:28:08 DEBUG [asyncio] Using selector: KqueueSelector
2026-09-19 16:28:08 DEBUG [eta.access] POST /api/students/import → 200 (4ms)
2026-09-19 16:28:08 DEBUG [asyncio] Using selector: KqueueSelector
2026-09-19 16:28:08 DEBUG [eta.access] POST /api/check/assignment → 200 (4ms)
2026-09-19 16:28:08 DEBUG [asyncio] Using selector: KqueueSelector
2026-09-19 16:28:08 DEBUG [eta.access] GET /api/check/sessions → 200 (2ms)
2026-09-19 16:28:08 DEBUG [asyncio] Using selector: KqueueSelector
2026-09-19 16:28:08 DEBUG [eta.access] GET /api/check/sessions → 200 (3ms)
2026-09-19 16:28:08 DEBUG [asyncio] Using selector: KqueueSelector
2026-09-19 16:28:08 DEBUG [eta.access] GET /api/check/sessions → 200 (2ms)
2026-09-19 16:32:35 INFO [eta] 日志已就绪：目录 runtime/logs（按天轮转，保留 14 天，终端级别 INFO / 文件级别 DEBUG）
2026-09-19 16:32:35 DEBUG [asyncio] Using selector: KqueueSelector
2026-09-19 16:32:35 INFO [eta.main] ════════ 系统启动 ════════
2026-09-19 16:32:47 DEBUG [eta.access] GET / → 200 (44ms)
2026-09-19 16:32:48 DEBUG [eta.access] GET /static/css/style.css → 200 (7ms)
2026-09-19 16:32:48 DEBUG [eta.access] GET /static/js/base.js → 200 (1ms)
2026-09-19 16:32:48 DEBUG [eta.access] GET /static/js/router.js → 200 (1ms)
2026-09-19 16:32:48 DEBUG [eta.access] GET /static/js/entry.js → 200 (1ms)
2026-09-19 16:32:48 DEBUG [eta.access] GET /static/js/grading.js → 200 (1ms)
2026-09-19 16:32:48 DEBUG [eta.access] GET /static/js/confirm.js → 200 (2ms)
2026-09-19 16:32:48 DEBUG [eta.access] GET /static/js/analysis.js → 200 (1ms)
2026-09-19 16:32:48 DEBUG [eta.access] GET /static/js/lesson.js → 200 (1ms)
2026-09-19 16:32:48 DEBUG [eta.access] GET /static/js/students.js → 200 (1ms)
2026-09-19 16:32:58 DEBUG [eta.access] GET /openapi.json → 200 (150ms)
2026-09-19 16:33:09 DEBUG [eta.access] GET /api/health → 200 (62ms)
2026-09-19 16:33:09 DEBUG [eta.access] GET /api/ontology → 200 (2ms)
2026-09-19 16:33:09 DEBUG [eta.access] GET /api/classes → 200 (2ms)
2026-09-19 16:33:10 DEBUG [eta.access] GET /api/students → 200 (2ms)
2026-09-19 16:33:10 DEBUG [eta.access] GET /api/errors/batches → 200 (3ms)
2026-09-19 16:33:10 DEBUG [eta.access] GET /api/errors → 200 (3ms)
2026-09-19 16:33:10 DEBUG [eta.access] GET /api/errors/tags → 200 (2ms)
2026-09-19 16:33:10 DEBUG [eta.access] GET /api/dashboard → 200 (10ms)
2026-09-19 16:33:10 DEBUG [eta.access] GET /api/trends/categories → 200 (8ms)
2026-09-19 16:33:10 DEBUG [eta.access] GET /api/trends/categories → 200 (7ms)
2026-09-19 16:33:10 DEBUG [eta.access] GET /api/trends/categories → 200 (6ms)
2026-09-19 16:33:10 DEBUG [eta.access] GET /api/decision-sheet → 200 (23ms)
2026-09-19 16:33:10 DEBUG [eta.access] GET /api/practices → 200 (2ms)
2026-09-19 16:33:11 DEBUG [eta.access] GET /api/papers → 200 (2ms)
2026-09-19 16:33:11 DEBUG [eta.access] GET /api/check/sessions → 200 (2ms)
2026-09-19 16:33:11 INFO [eta.export] 导出学生综合信息：20 名学生（class=）
2026-09-19 16:33:11 DEBUG [eta.access] GET /api/students/export.csv → 200 (31ms)
2026-09-19 16:33:11 DEBUG [eta.access] GET /api/export/errors.csv → 200 (14ms)
2026-09-19 16:33:21 DEBUG [eta.access] GET /api/errors/batches → 200 (3ms)
2026-09-19 16:33:22 DEBUG [eta.access] GET /api/trends/categories → 200 (8ms)
2026-09-19 16:33:22 DEBUG [eta.access] GET /api/trends/categories → 200 (7ms)
2026-09-19 16:33:22 DEBUG [eta.access] GET /api/trends/categories → 200 (6ms)
2026-09-19 16:33:22 DEBUG [eta.access] GET /api/dashboard → 200 (9ms)
2026-09-19 16:33:23 DEBUG [eta.access] GET /api/decision-sheet → 200 (11ms)
2026-09-19 16:33:23 ERROR [eta.logs] 浏览器 [ERROR] 页面=smoke 冒烟测试上报
2026-09-19 16:33:23 DEBUG [eta.access] POST /api/logs/client → 200 (2ms)
2026-09-19 16:33:33 DEBUG [eta.access] GET /api/trends/categories → 200 (9ms)
2026-09-19 16:33:33 DEBUG [eta.access] GET /api/dashboard → 200 (11ms)
2026-09-19 16:33:33 DEBUG [eta.access] GET /api/decision-sheet → 200 (11ms)
2026-09-19 16:33:46 DEBUG [eta.access] GET /api/trends/categories → 200 (9ms)
2026-09-19 16:33:46 DEBUG [eta.access] GET /api/trends/categories → 200 (7ms)
2026-09-19 16:33:46 DEBUG [eta.access] GET /api/trends/categories → 200 (6ms)
2026-09-19 16:33:47 DEBUG [eta.access] GET /api/export/errors.csv → 200 (13ms)
2026-09-19 16:33:47 DEBUG [eta.access] GET /api/decision-sheet/export → 200 (8ms)
2026-09-19 16:33:47 INFO [eta.export] 导出学生综合信息：20 名学生（class=）
2026-09-19 16:33:47 DEBUG [eta.access] GET /api/students/export.csv → 200 (30ms)
2026-09-19 16:33:47 DEBUG [eta.access] GET /api/review-sheet → 404 (1ms)
2026-09-19 16:33:47 DEBUG [eta.access] GET /api/stats/teacher-overrides → 404 (1ms)
2026-09-19 16:33:47 DEBUG [eta.access] GET /api/check/read-papers → 404 (1ms)
2026-09-19 16:33:47 DEBUG [eta.access] GET /api/logs/files → 404 (1ms)
2026-09-19 16:33:47 DEBUG [eta.access] GET /api/logs/view → 404 (1ms)
2026-09-19 16:33:48 DEBUG [eta.access] GET /api/logs/download → 404 (1ms)
2026-09-19 16:34:02 DEBUG [eta.access] GET /api/students/92001/profile → 200 (4ms)
2026-09-19 16:34:03 DEBUG [eta.access] GET /api/students/NOPE/profile → 404 (2ms)
2026-09-19 16:34:03 DEBUG [eta.access] GET /static/js/nope.js → 404 (1ms)
2026-09-19 16:34:11 DEBUG [eta.access] GET /api/students/92001/profile → 200 (7ms)
2026-09-19 16:34:28 INFO [eta.main] ════════ 系统停止 ════════
2026-09-19 16:35:20 INFO [eta] 日志已就绪：目录 runtime/logs（按天轮转，保留 14 天，终端级别 INFO / 文件级别 DEBUG）
2026-09-19 16:35:20 INFO [eta.providers.agent_chat] 智能体会话调用完成 | 返回 2 字，耗时 0ms
2026-09-19 16:35:20 INFO [eta.providers.agent_chat] 智能体会话调用完成 | 返回 2 字，耗时 0ms
2026-09-19 16:35:20 WARNING [eta.providers.agent_chat] 智能体会话请求失败，2s 后重试一次：connection reset
2026-09-19 16:35:23 WARNING [eta.services.photo_check] 多图联合解析失败，该批降级逐张解析：多图联合失败
2026-09-19 16:35:23 WARNING [eta.services.photo_check] Markdown 结构化失败：DeepSeek 超时
2026-09-19 16:35:23 WARNING [eta.services.photo_check] 智能体会话解析失败，降级 OCR 转录解析：invalid_api_key
2026-09-19 16:35:23 WARNING [eta.services.photo_check] 多图联合解析失败，该批降级逐张解析：多图联合失败（测试桩）
2026-09-19 16:35:23 DEBUG [asyncio] Using selector: KqueueSelector
2026-09-19 16:35:23 DEBUG [eta.access] GET /api/health → 200 (27ms)
2026-09-19 16:35:23 DEBUG [asyncio] Using selector: KqueueSelector
2026-09-19 16:35:23 DEBUG [eta.access] GET /api/ontology → 200 (2ms)
2026-09-19 16:35:23 DEBUG [asyncio] Using selector: KqueueSelector
2026-09-19 16:35:23 DEBUG [eta.access] POST /api/students/import → 200 (5ms)
2026-09-19 16:35:23 DEBUG [asyncio] Using selector: KqueueSelector
2026-09-19 16:35:23 DEBUG [eta.access] GET /api/students → 200 (2ms)
2026-09-19 16:35:23 DEBUG [asyncio] Using selector: KqueueSelector
2026-09-19 16:35:23 DEBUG [eta.access] POST /api/errors/scan → 200 (6ms)
2026-09-19 16:35:23 DEBUG [asyncio] Using selector: KqueueSelector
2026-09-19 16:35:23 DEBUG [eta.access] GET /api/errors → 200 (2ms)
2026-09-19 16:35:23 DEBUG [asyncio] Using selector: KqueueSelector
2026-09-19 16:35:23 DEBUG [eta.access] POST /api/errors/1/confirm → 200 (5ms)
2026-09-19 16:35:23 DEBUG [asyncio] Using selector: KqueueSelector
2026-09-19 16:35:23 DEBUG [eta.access] POST /api/errors/scan → 200 (5ms)
2026-09-19 16:35:23 DEBUG [asyncio] Using selector: KqueueSelector
2026-09-19 16:35:23 DEBUG [eta.access] POST /api/errors/2/confirm → 200 (4ms)
2026-09-19 16:35:23 DEBUG [asyncio] Using selector: KqueueSelector
2026-09-19 16:35:23 DEBUG [eta.access] POST /api/errors/scan → 200 (5ms)
2026-09-19 16:35:23 DEBUG [asyncio] Using selector: KqueueSelector
2026-09-19 16:35:23 DEBUG [eta.access] GET /api/errors → 200 (2ms)
2026-09-19 16:35:23 DEBUG [asyncio] Using selector: KqueueSelector
2026-09-19 16:35:23 DEBUG [eta.access] POST /api/errors/3/confirm → 200 (5ms)
2026-09-19 16:35:23 DEBUG [asyncio] Using selector: KqueueSelector
2026-09-19 16:35:23 DEBUG [eta.access] POST /api/errors/scan → 200 (5ms)
2026-09-19 16:35:23 DEBUG [asyncio] Using selector: KqueueSelector
2026-09-19 16:35:23 DEBUG [eta.access] GET /api/errors → 200 (2ms)
2026-09-19 16:35:23 DEBUG [asyncio] Using selector: KqueueSelector
2026-09-19 16:35:23 DEBUG [eta.access] POST /api/errors/4/confirm → 200 (4ms)
2026-09-19 16:35:23 DEBUG [asyncio] Using selector: KqueueSelector
2026-09-19 16:35:23 DEBUG [eta.access] POST /api/errors/scan → 200 (5ms)
2026-09-19 16:35:23 DEBUG [asyncio] Using selector: KqueueSelector
2026-09-19 16:35:23 DEBUG [eta.access] GET /api/errors → 200 (2ms)
2026-09-19 16:35:23 DEBUG [asyncio] Using selector: KqueueSelector
2026-09-19 16:35:23 DEBUG [eta.access] POST /api/errors/5/confirm → 200 (5ms)
2026-09-19 16:35:23 DEBUG [asyncio] Using selector: KqueueSelector
2026-09-19 16:35:23 DEBUG [eta.access] POST /api/errors/scan → 200 (5ms)
2026-09-19 16:35:23 DEBUG [asyncio] Using selector: KqueueSelector
2026-09-19 16:35:23 DEBUG [eta.access] GET /api/errors → 200 (2ms)
2026-09-19 16:35:23 DEBUG [asyncio] Using selector: KqueueSelector
2026-09-19 16:35:23 DEBUG [eta.access] POST /api/errors/6/confirm → 200 (4ms)
2026-09-19 16:35:23 DEBUG [asyncio] Using selector: KqueueSelector
2026-09-19 16:35:23 DEBUG [eta.access] POST /api/errors/scan → 200 (5ms)
2026-09-19 16:35:23 DEBUG [asyncio] Using selector: KqueueSelector
2026-09-19 16:35:23 DEBUG [eta.access] GET /api/errors → 200 (2ms)
2026-09-19 16:35:23 DEBUG [asyncio] Using selector: KqueueSelector
2026-09-19 16:35:23 DEBUG [eta.access] POST /api/errors/7/confirm → 200 (5ms)
2026-09-19 16:35:23 DEBUG [asyncio] Using selector: KqueueSelector
2026-09-19 16:35:23 DEBUG [eta.access] POST /api/errors/scan → 200 (5ms)
2026-09-19 16:35:23 DEBUG [asyncio] Using selector: KqueueSelector
2026-09-19 16:35:23 DEBUG [eta.access] GET /api/errors → 200 (2ms)
2026-09-19 16:35:23 DEBUG [asyncio] Using selector: KqueueSelector
2026-09-19 16:35:23 DEBUG [eta.access] POST /api/errors/8/confirm → 200 (4ms)
2026-09-19 16:35:23 DEBUG [asyncio] Using selector: KqueueSelector
2026-09-19 16:35:23 DEBUG [eta.access] POST /api/errors/scan → 200 (5ms)
2026-09-19 16:35:23 DEBUG [asyncio] Using selector: KqueueSelector
2026-09-19 16:35:23 DEBUG [eta.access] GET /api/errors → 200 (2ms)
2026-09-19 16:35:23 DEBUG [asyncio] Using selector: KqueueSelector
2026-09-19 16:35:23 DEBUG [eta.access] POST /api/errors/9/confirm → 200 (5ms)
2026-09-19 16:35:23 DEBUG [asyncio] Using selector: KqueueSelector
2026-09-19 16:35:23 DEBUG [eta.access] POST /api/errors/scan → 200 (5ms)
2026-09-19 16:35:23 DEBUG [asyncio] Using selector: KqueueSelector
2026-09-19 16:35:23 DEBUG [eta.access] GET /api/errors → 200 (2ms)
2026-09-19 16:35:23 DEBUG [asyncio] Using selector: KqueueSelector
2026-09-19 16:35:23 DEBUG [eta.access] POST /api/errors/10/confirm → 200 (4ms)
2026-09-19 16:35:23 DEBUG [asyncio] Using selector: KqueueSelector
2026-09-19 16:35:23 DEBUG [eta.access] POST /api/errors/scan → 200 (5ms)
2026-09-19 16:35:23 DEBUG [asyncio] Using selector: KqueueSelector
2026-09-19 16:35:23 DEBUG [eta.access] GET /api/errors → 200 (2ms)
2026-09-19 16:35:23 DEBUG [asyncio] Using selector: KqueueSelector
2026-09-19 16:35:23 DEBUG [eta.access] POST /api/errors/11/confirm → 200 (5ms)
2026-09-19 16:35:23 DEBUG [asyncio] Using selector: KqueueSelector
2026-09-19 16:35:23 DEBUG [eta.access] POST /api/errors/scan → 200 (5ms)
2026-09-19 16:35:23 DEBUG [asyncio] Using selector: KqueueSelector
2026-09-19 16:35:23 DEBUG [eta.access] GET /api/errors → 200 (2ms)
2026-09-19 16:35:23 DEBUG [asyncio] Using selector: KqueueSelector
2026-09-19 16:35:23 DEBUG [eta.access] POST /api/errors/12/confirm → 200 (4ms)
2026-09-19 16:35:23 DEBUG [asyncio] Using selector: KqueueSelector
2026-09-19 16:35:23 DEBUG [eta.access] POST /api/errors/scan → 200 (5ms)
2026-09-19 16:35:23 DEBUG [asyncio] Using selector: KqueueSelector
2026-09-19 16:35:23 DEBUG [eta.access] GET /api/errors → 200 (2ms)
2026-09-19 16:35:23 DEBUG [asyncio] Using selector: KqueueSelector
2026-09-19 16:35:23 DEBUG [eta.access] POST /api/errors/13/confirm → 200 (4ms)
2026-09-19 16:35:23 DEBUG [asyncio] Using selector: KqueueSelector
2026-09-19 16:35:23 DEBUG [eta.access] POST /api/errors/scan → 200 (5ms)
2026-09-19 16:35:23 DEBUG [asyncio] Using selector: KqueueSelector
2026-09-19 16:35:23 DEBUG [eta.access] GET /api/errors → 200 (2ms)
2026-09-19 16:35:23 DEBUG [asyncio] Using selector: KqueueSelector
2026-09-19 16:35:23 DEBUG [eta.access] POST /api/errors/14/confirm → 200 (5ms)
2026-09-19 16:35:23 DEBUG [asyncio] Using selector: KqueueSelector
2026-09-19 16:35:23 DEBUG [eta.access] POST /api/practice/generate → 200 (4ms)
2026-09-19 16:35:23 DEBUG [asyncio] Using selector: KqueueSelector
2026-09-19 16:35:23 DEBUG [eta.access] POST /api/practice/1/approve → 200 (3ms)
2026-09-19 16:35:23 DEBUG [asyncio] Using selector: KqueueSelector
2026-09-19 16:35:23 DEBUG [eta.access] GET /api/decision-sheet → 200 (7ms)
2026-09-19 16:35:23 DEBUG [asyncio] Using selector: KqueueSelector
2026-09-19 16:35:23 DEBUG [eta.access] GET /api/trends/categories → 200 (3ms)
2026-09-19 16:35:23 DEBUG [asyncio] Using selector: KqueueSelector
2026-09-19 16:35:24 DEBUG [eta.access] GET /api/export/errors.csv → 200 (5ms)
2026-09-19 16:35:24 DEBUG [asyncio] Using selector: KqueueSelector
2026-09-19 16:35:24 DEBUG [eta.access] POST /api/errors/scan → 200 (5ms)
2026-09-19 16:35:24 DEBUG [asyncio] Using selector: KqueueSelector
2026-09-19 16:35:24 DEBUG [eta.access] POST /api/errors/scan → 400 (2ms)
2026-09-19 16:35:24 DEBUG [asyncio] Using selector: KqueueSelector
2026-09-19 16:35:24 DEBUG [eta.access] POST /api/errors/scan → 200 (4ms)
2026-09-19 16:35:24 DEBUG [asyncio] Using selector: KqueueSelector
2026-09-19 16:35:24 DEBUG [eta.access] POST /api/errors/1/confirm → 400 (2ms)
2026-09-19 16:35:24 DEBUG [asyncio] Using selector: KqueueSelector
2026-09-19 16:35:24 DEBUG [eta.access] POST /api/students/import → 200 (4ms)
2026-09-19 16:35:24 DEBUG [asyncio] Using selector: KqueueSelector
2026-09-19 16:35:24 DEBUG [eta.access] POST /api/errors/scan-batch → 200 (13ms)
2026-09-19 16:35:24 DEBUG [asyncio] Using selector: KqueueSelector
2026-09-19 16:35:24 DEBUG [eta.access] GET /api/errors → 200 (3ms)
2026-09-19 16:35:24 DEBUG [asyncio] Using selector: KqueueSelector
2026-09-19 16:35:24 DEBUG [eta.access] POST /api/students/import → 200 (4ms)
2026-09-19 16:35:24 DEBUG [asyncio] Using selector: KqueueSelector
2026-09-19 16:35:24 DEBUG [eta.access] POST /api/errors/scan-batch → 200 (9ms)
2026-09-19 16:35:24 DEBUG [asyncio] Using selector: KqueueSelector
2026-09-19 16:35:24 DEBUG [eta.access] POST /api/students/import → 200 (4ms)
2026-09-19 16:35:24 DEBUG [asyncio] Using selector: KqueueSelector
2026-09-19 16:35:24 DEBUG [eta.access] POST /api/errors/scan-batch → 200 (5ms)
2026-09-19 16:35:24 DEBUG [asyncio] Using selector: KqueueSelector
2026-09-19 16:35:24 DEBUG [eta.access] POST /api/students/import → 200 (4ms)
2026-09-19 16:35:24 DEBUG [asyncio] Using selector: KqueueSelector
2026-09-19 16:35:24 DEBUG [eta.access] POST /api/errors/scan-photos → 200 (2ms)
2026-09-19 16:35:24 DEBUG [asyncio] Using selector: KqueueSelector
2026-09-19 16:35:24 DEBUG [eta.access] GET /api/errors → 200 (2ms)
2026-09-19 16:35:24 DEBUG [asyncio] Using selector: KqueueSelector
2026-09-19 16:35:24 DEBUG [eta.access] POST /api/errors/scan-photos-submit → 200 (12ms)
2026-09-19 16:35:24 DEBUG [asyncio] Using selector: KqueueSelector
2026-09-19 16:35:24 DEBUG [eta.access] GET /api/errors → 200 (2ms)
2026-09-19 16:35:24 DEBUG [asyncio] Using selector: KqueueSelector
2026-09-19 16:35:24 DEBUG [eta.access] POST /api/errors/scan-photos → 400 (2ms)
2026-09-19 16:35:24 DEBUG [asyncio] Using selector: KqueueSelector
2026-09-19 16:35:24 DEBUG [eta.access] POST /api/errors/scan-photos → 400 (1ms)
2026-09-19 16:35:24 DEBUG [asyncio] Using selector: KqueueSelector
2026-09-19 16:35:24 DEBUG [eta.access] POST /api/errors/scan-photos → 400 (1ms)
2026-09-19 16:35:24 DEBUG [asyncio] Using selector: KqueueSelector
2026-09-19 16:35:24 DEBUG [eta.access] POST /api/errors/scan → 200 (4ms)
2026-09-19 16:35:24 DEBUG [asyncio] Using selector: KqueueSelector
2026-09-19 16:35:24 DEBUG [eta.access] POST /api/errors/scan → 200 (4ms)
2026-09-19 16:35:24 DEBUG [asyncio] Using selector: KqueueSelector
2026-09-19 16:35:24 DEBUG [eta.access] GET /api/errors → 200 (2ms)
2026-09-19 16:35:24 DEBUG [asyncio] Using selector: KqueueSelector
2026-09-19 16:35:24 DEBUG [eta.access] POST /api/errors/confirm-bulk → 200 (3ms)
2026-09-19 16:35:24 DEBUG [asyncio] Using selector: KqueueSelector
2026-09-19 16:35:24 DEBUG [eta.access] GET /api/errors → 200 (2ms)
2026-09-19 16:35:24 DEBUG [asyncio] Using selector: KqueueSelector
2026-09-19 16:35:24 DEBUG [eta.access] POST /api/errors/confirm-bulk → 200 (4ms)
2026-09-19 16:35:24 DEBUG [asyncio] Using selector: KqueueSelector
2026-09-19 16:35:24 DEBUG [eta.access] GET /api/errors → 200 (2ms)
2026-09-19 16:35:24 DEBUG [asyncio] Using selector: KqueueSelector
2026-09-19 16:35:24 DEBUG [eta.access] POST /api/errors/confirm-bulk → 400 (2ms)
2026-09-19 16:35:24 DEBUG [asyncio] Using selector: KqueueSelector
2026-09-19 16:35:24 DEBUG [eta.access] POST /api/students → 200 (4ms)
2026-09-19 16:35:24 DEBUG [asyncio] Using selector: KqueueSelector
2026-09-19 16:35:24 DEBUG [eta.access] POST /api/students → 400 (2ms)
2026-09-19 16:35:24 DEBUG [asyncio] Using selector: KqueueSelector
2026-09-19 16:35:24 DEBUG [eta.access] POST /api/errors/scan → 200 (5ms)
2026-09-19 16:35:24 DEBUG [asyncio] Using selector: KqueueSelector
2026-09-19 16:35:24 DEBUG [eta.access] PUT /api/students/9101 → 200 (4ms)
2026-09-19 16:35:24 DEBUG [asyncio] Using selector: KqueueSelector
2026-09-19 16:35:24 DEBUG [eta.access] GET /api/errors → 200 (2ms)
2026-09-19 16:35:24 DEBUG [asyncio] Using selector: KqueueSelector
2026-09-19 16:35:24 DEBUG [eta.access] POST /api/students → 200 (4ms)
2026-09-19 16:35:24 DEBUG [asyncio] Using selector: KqueueSelector
2026-09-19 16:35:24 DEBUG [eta.access] PUT /api/students/9201 → 400 (2ms)
2026-09-19 16:35:24 DEBUG [asyncio] Using selector: KqueueSelector
2026-09-19 16:35:24 DEBUG [eta.access] DELETE /api/students/9201 → 200 (4ms)
2026-09-19 16:35:24 DEBUG [asyncio] Using selector: KqueueSelector
2026-09-19 16:35:24 DEBUG [eta.access] GET /api/errors → 200 (2ms)
2026-09-19 16:35:24 DEBUG [asyncio] Using selector: KqueueSelector
2026-09-19 16:35:24 DEBUG [eta.access] DELETE /api/students/9201 → 404 (1ms)
2026-09-19 16:35:24 DEBUG [asyncio] Using selector: KqueueSelector
2026-09-19 16:35:24 DEBUG [eta.access] POST /api/students → 200 (4ms)
2026-09-19 16:35:24 DEBUG [asyncio] Using selector: KqueueSelector
2026-09-19 16:35:24 DEBUG [eta.access] POST /api/errors/scan → 200 (5ms)
2026-09-19 16:35:24 DEBUG [asyncio] Using selector: KqueueSelector
2026-09-19 16:35:24 DEBUG [eta.access] DELETE /api/students/9102 → 200 (3ms)
2026-09-19 16:35:24 DEBUG [asyncio] Using selector: KqueueSelector
2026-09-19 16:35:24 DEBUG [eta.access] GET /api/errors → 200 (2ms)
2026-09-19 16:35:24 DEBUG [asyncio] Using selector: KqueueSelector
2026-09-19 16:35:24 DEBUG [eta.access] POST /api/classes → 200 (4ms)
2026-09-19 16:35:24 DEBUG [asyncio] Using selector: KqueueSelector
2026-09-19 16:35:24 DEBUG [eta.access] GET /api/classes → 200 (2ms)
2026-09-19 16:35:24 DEBUG [asyncio] Using selector: KqueueSelector
2026-09-19 16:35:24 DEBUG [eta.access] POST /api/classes → 400 (2ms)
2026-09-19 16:35:24 DEBUG [asyncio] Using selector: KqueueSelector
2026-09-19 16:35:24 DEBUG [eta.access] POST /api/classes → 400 (2ms)
2026-09-19 16:35:24 DEBUG [asyncio] Using selector: KqueueSelector
2026-09-19 16:35:24 DEBUG [eta.access] POST /api/students → 200 (3ms)
2026-09-19 16:35:24 DEBUG [asyncio] Using selector: KqueueSelector
2026-09-19 16:35:24 DEBUG [eta.access] POST /api/errors/scan → 200 (4ms)
2026-09-19 16:35:24 DEBUG [asyncio] Using selector: KqueueSelector
2026-09-19 16:35:24 DEBUG [eta.access] PUT /api/classes/九(1)班 → 200 (4ms)
2026-09-19 16:35:24 DEBUG [asyncio] Using selector: KqueueSelector
2026-09-19 16:35:24 DEBUG [eta.access] GET /api/classes → 200 (1ms)
2026-09-19 16:35:24 DEBUG [asyncio] Using selector: KqueueSelector
2026-09-19 16:35:24 DEBUG [eta.access] GET /api/students → 200 (2ms)
2026-09-19 16:35:24 DEBUG [asyncio] Using selector: KqueueSelector
2026-09-19 16:35:24 DEBUG [eta.access] GET /api/errors → 200 (2ms)
2026-09-19 16:35:24 DEBUG [asyncio] Using selector: KqueueSelector
2026-09-19 16:35:24 DEBUG [eta.access] DELETE /api/classes/九(2)班 → 200 (3ms)
2026-09-19 16:35:24 DEBUG [asyncio] Using selector: KqueueSelector
2026-09-19 16:35:24 DEBUG [eta.access] GET /api/students → 200 (2ms)
2026-09-19 16:35:24 DEBUG [asyncio] Using selector: KqueueSelector
2026-09-19 16:35:24 DEBUG [eta.access] GET /api/errors → 200 (3ms)
2026-09-19 16:35:24 DEBUG [asyncio] Using selector: KqueueSelector
2026-09-19 16:35:24 DEBUG [eta.access] POST /api/classes → 200 (3ms)
2026-09-19 16:35:24 DEBUG [asyncio] Using selector: KqueueSelector
2026-09-19 16:35:24 DEBUG [eta.access] POST /api/classes → 200 (3ms)
2026-09-19 16:35:24 DEBUG [asyncio] Using selector: KqueueSelector
2026-09-19 16:35:24 DEBUG [eta.access] POST /api/students → 200 (4ms)
2026-09-19 16:35:24 DEBUG [asyncio] Using selector: KqueueSelector
2026-09-19 16:35:24 DEBUG [eta.access] PUT /api/classes/九(3)班 → 400 (2ms)
2026-09-19 16:35:24 DEBUG [asyncio] Using selector: KqueueSelector
2026-09-19 16:35:24 DEBUG [eta.access] DELETE /api/classes/九(3)班 → 200 (4ms)
2026-09-19 16:35:24 DEBUG [asyncio] Using selector: KqueueSelector
2026-09-19 16:35:24 DEBUG [eta.access] DELETE /api/classes/九(1)班 → 200 (3ms)
2026-09-19 16:35:24 DEBUG [asyncio] Using selector: KqueueSelector
2026-09-19 16:35:24 DEBUG [eta.access] GET /api/classes → 200 (2ms)
2026-09-19 16:35:24 DEBUG [asyncio] Using selector: KqueueSelector
2026-09-19 16:35:24 DEBUG [eta.access] POST /api/classes → 200 (3ms)
2026-09-19 16:35:24 DEBUG [asyncio] Using selector: KqueueSelector
2026-09-19 16:35:24 DEBUG [eta.access] POST /api/students → 200 (4ms)
2026-09-19 16:35:24 DEBUG [asyncio] Using selector: KqueueSelector
2026-09-19 16:35:24 DEBUG [eta.access] POST /api/errors/scan → 200 (5ms)
2026-09-19 16:35:24 DEBUG [asyncio] Using selector: KqueueSelector
2026-09-19 16:35:24 DEBUG [eta.access] DELETE /api/classes/旧库班 → 200 (3ms)
2026-09-19 16:35:24 DEBUG [asyncio] Using selector: KqueueSelector
2026-09-19 16:35:24 DEBUG [eta.access] POST /api/errors/scan → 200 (5ms)
2026-09-19 16:35:24 DEBUG [asyncio] Using selector: KqueueSelector
2026-09-19 16:35:24 DEBUG [eta.access] POST /api/errors/1/confirm → 200 (4ms)
2026-09-19 16:35:24 DEBUG [asyncio] Using selector: KqueueSelector
2026-09-19 16:35:24 DEBUG [eta.access] POST /api/errors/scan → 200 (4ms)
2026-09-19 16:35:24 DEBUG [asyncio] Using selector: KqueueSelector
2026-09-19 16:35:24 DEBUG [eta.access] POST /api/errors/2/confirm → 200 (5ms)
2026-09-19 16:35:24 DEBUG [asyncio] Using selector: KqueueSelector
2026-09-19 16:35:24 DEBUG [eta.access] POST /api/errors/scan → 200 (4ms)
2026-09-19 16:35:24 DEBUG [asyncio] Using selector: KqueueSelector
2026-09-19 16:35:24 DEBUG [eta.access] POST /api/errors/3/confirm → 200 (4ms)
2026-09-19 16:35:24 DEBUG [asyncio] Using selector: KqueueSelector
2026-09-19 16:35:24 DEBUG [eta.access] POST /api/errors/scan → 200 (4ms)
2026-09-19 16:35:24 DEBUG [asyncio] Using selector: KqueueSelector
2026-09-19 16:35:24 DEBUG [eta.access] POST /api/errors/4/confirm → 200 (4ms)
2026-09-19 16:35:24 DEBUG [asyncio] Using selector: KqueueSelector
2026-09-19 16:35:24 DEBUG [eta.access] POST /api/decision-sheet/ai → 200 (5ms)
2026-09-19 16:35:24 DEBUG [asyncio] Using selector: KqueueSelector
2026-09-19 16:35:24 DEBUG [eta.access] POST /api/decision-sheet/ai → 400 (3ms)
2026-09-19 16:35:24 DEBUG [asyncio] Using selector: KqueueSelector
2026-09-19 16:35:24 DEBUG [eta.access] POST /api/practice/generate → 422 (1ms)
2026-09-19 16:35:24 DEBUG [asyncio] Using selector: KqueueSelector
2026-09-19 16:35:24 DEBUG [eta.access] POST /api/practice/generate → 422 (1ms)
2026-09-19 16:35:24 DEBUG [asyncio] Using selector: KqueueSelector
2026-09-19 16:35:24 DEBUG [eta.access] POST /api/practice/generate → 200 (4ms)
2026-09-19 16:35:24 DEBUG [asyncio] Using selector: KqueueSelector
2026-09-19 16:35:24 DEBUG [eta.access] POST /api/practice/generate → 200 (5ms)
2026-09-19 16:35:24 DEBUG [asyncio] Using selector: KqueueSelector
2026-09-19 16:35:24 DEBUG [eta.access] POST /api/practice/generate → 200 (4ms)
2026-09-19 16:35:24 DEBUG [asyncio] Using selector: KqueueSelector
2026-09-19 16:35:24 DEBUG [eta.access] POST /api/practice/generate → 400 (1ms)
2026-09-19 16:35:24 DEBUG [asyncio] Using selector: KqueueSelector
2026-09-19 16:35:24 DEBUG [eta.access] POST /api/practice/generate → 400 (2ms)
2026-09-19 16:35:24 DEBUG [asyncio] Using selector: KqueueSelector
2026-09-19 16:35:24 DEBUG [eta.access] POST /api/paper/generate → 400 (2ms)
2026-09-19 16:35:24 DEBUG [asyncio] Using selector: KqueueSelector
2026-09-19 16:35:24 DEBUG [eta.access] POST /api/errors/scan → 200 (4ms)
2026-09-19 16:35:24 DEBUG [asyncio] Using selector: KqueueSelector
2026-09-19 16:35:24 DEBUG [eta.access] POST /api/errors/1/confirm → 200 (4ms)
2026-09-19 16:35:24 DEBUG [asyncio] Using selector: KqueueSelector
2026-09-19 16:35:24 DEBUG [eta.access] POST /api/errors/scan → 200 (4ms)
2026-09-19 16:35:24 DEBUG [asyncio] Using selector: KqueueSelector
2026-09-19 16:35:24 DEBUG [eta.access] POST /api/errors/2/confirm → 200 (4ms)
2026-09-19 16:35:24 DEBUG [asyncio] Using selector: KqueueSelector
2026-09-19 16:35:24 DEBUG [eta.access] POST /api/paper/generate → 200 (4ms)
2026-09-19 16:35:24 DEBUG [asyncio] Using selector: KqueueSelector
2026-09-19 16:35:24 DEBUG [eta.access] POST /api/paper/generate → 200 (4ms)
2026-09-19 16:35:24 DEBUG [asyncio] Using selector: KqueueSelector
2026-09-19 16:35:24 DEBUG [eta.access] POST /api/paper/generate → 422 (2ms)
2026-09-19 16:35:24 DEBUG [asyncio] Using selector: KqueueSelector
2026-09-19 16:35:24 DEBUG [eta.access] POST /api/paper/generate → 422 (1ms)
2026-09-19 16:35:24 DEBUG [asyncio] Using selector: KqueueSelector
2026-09-19 16:35:24 DEBUG [eta.access] POST /api/paper/generate → 200 (4ms)
2026-09-19 16:35:24 DEBUG [asyncio] Using selector: KqueueSelector
2026-09-19 16:35:24 DEBUG [eta.access] GET /api/papers → 200 (2ms)
2026-09-19 16:35:24 DEBUG [asyncio] Using selector: KqueueSelector
2026-09-19 16:35:24 DEBUG [eta.access] POST /api/paper/1/approve → 200 (3ms)
2026-09-19 16:35:24 DEBUG [asyncio] Using selector: KqueueSelector
2026-09-19 16:35:24 DEBUG [eta.access] POST /api/paper/1/approve → 404 (2ms)
2026-09-19 16:35:24 DEBUG [asyncio] Using selector: KqueueSelector
2026-09-19 16:35:24 DEBUG [eta.access] GET /api/papers → 200 (2ms)
2026-09-19 16:35:24 DEBUG [asyncio] Using selector: KqueueSelector
2026-09-19 16:35:24 DEBUG [eta.access] POST /api/practice/generate → 200 (4ms)
2026-09-19 16:35:24 DEBUG [asyncio] Using selector: KqueueSelector
2026-09-19 16:35:25 DEBUG [eta.access] GET /api/practices/export → 400 (17ms)
2026-09-19 16:35:25 DEBUG [asyncio] Using selector: KqueueSelector
2026-09-19 16:35:25 DEBUG [eta.access] GET /api/practices/export → 200 (2ms)
2026-09-19 16:35:25 DEBUG [asyncio] Using selector: KqueueSelector
2026-09-19 16:35:25 DEBUG [eta.access] POST /api/practice/1/approve → 200 (3ms)
2026-09-19 16:35:25 DEBUG [asyncio] Using selector: KqueueSelector
2026-09-19 16:35:25 DEBUG [eta.access] GET /api/practices/export → 200 (2ms)
2026-09-19 16:35:25 DEBUG [asyncio] Using selector: KqueueSelector
2026-09-19 16:35:25 DEBUG [eta.access] GET /api/practices/export → 200 (101ms)
2026-09-19 16:35:25 DEBUG [asyncio] Using selector: KqueueSelector
2026-09-19 16:35:25 DEBUG [eta.access] POST /api/practice/generate → 200 (4ms)
2026-09-19 16:35:25 DEBUG [asyncio] Using selector: KqueueSelector
2026-09-19 16:35:25 DEBUG [eta.access] POST /api/practice/2/approve → 200 (3ms)
2026-09-19 16:35:25 DEBUG [asyncio] Using selector: KqueueSelector
2026-09-19 16:35:25 DEBUG [eta.access] GET /api/practices/export → 200 (3ms)
2026-09-19 16:35:25 DEBUG [asyncio] Using selector: KqueueSelector
2026-09-19 16:35:25 DEBUG [eta.access] GET /api/practices/export → 400 (1ms)
2026-09-19 16:35:25 DEBUG [asyncio] Using selector: KqueueSelector
2026-09-19 16:35:25 DEBUG [eta.access] POST /api/errors/scan → 200 (4ms)
2026-09-19 16:35:25 DEBUG [asyncio] Using selector: KqueueSelector
2026-09-19 16:35:25 DEBUG [eta.access] POST /api/errors/1/confirm → 200 (4ms)
2026-09-19 16:35:25 DEBUG [asyncio] Using selector: KqueueSelector
2026-09-19 16:35:25 DEBUG [eta.access] POST /api/errors/scan → 200 (5ms)
2026-09-19 16:35:25 DEBUG [asyncio] Using selector: KqueueSelector
2026-09-19 16:35:25 DEBUG [eta.access] POST /api/errors/2/confirm → 200 (5ms)
2026-09-19 16:35:25 DEBUG [asyncio] Using selector: KqueueSelector
2026-09-19 16:35:25 DEBUG [eta.access] POST /api/paper/generate → 200 (4ms)
2026-09-19 16:35:25 DEBUG [asyncio] Using selector: KqueueSelector
2026-09-19 16:35:25 DEBUG [eta.access] GET /api/papers/1/export → 400 (2ms)
2026-09-19 16:35:25 DEBUG [asyncio] Using selector: KqueueSelector
2026-09-19 16:35:25 DEBUG [eta.access] POST /api/paper/1/approve → 200 (2ms)
2026-09-19 16:35:25 DEBUG [asyncio] Using selector: KqueueSelector
2026-09-19 16:35:25 DEBUG [eta.access] GET /api/papers/1/export → 200 (2ms)
2026-09-19 16:35:25 DEBUG [asyncio] Using selector: KqueueSelector
2026-09-19 16:35:25 DEBUG [eta.access] GET /api/papers/1/export → 200 (35ms)
2026-09-19 16:35:25 DEBUG [asyncio] Using selector: KqueueSelector
2026-09-19 16:35:25 DEBUG [eta.access] GET /api/papers/999/export → 404 (2ms)
2026-09-19 16:35:25 DEBUG [asyncio] Using selector: KqueueSelector
2026-09-19 16:35:25 DEBUG [eta.access] POST /api/classes → 200 (4ms)
2026-09-19 16:35:25 DEBUG [asyncio] Using selector: KqueueSelector
2026-09-19 16:35:25 DEBUG [eta.access] POST /api/students → 200 (3ms)
2026-09-19 16:35:25 DEBUG [asyncio] Using selector: KqueueSelector
2026-09-19 16:35:25 DEBUG [eta.access] POST /api/errors/scan → 200 (6ms)
2026-09-19 16:35:25 DEBUG [asyncio] Using selector: KqueueSelector
2026-09-19 16:35:25 DEBUG [eta.access] POST /api/errors/1/confirm → 200 (5ms)
2026-09-19 16:35:25 DEBUG [asyncio] Using selector: KqueueSelector
2026-09-19 16:35:25 DEBUG [eta.access] POST /api/errors/scan → 200 (5ms)
2026-09-19 16:35:25 DEBUG [asyncio] Using selector: KqueueSelector
2026-09-19 16:35:25 DEBUG [eta.access] POST /api/errors/2/confirm → 200 (4ms)
2026-09-19 16:35:25 DEBUG [asyncio] Using selector: KqueueSelector
2026-09-19 16:35:25 DEBUG [eta.access] POST /api/errors/scan → 200 (5ms)
2026-09-19 16:35:25 DEBUG [asyncio] Using selector: KqueueSelector
2026-09-19 16:35:25 DEBUG [eta.access] POST /api/errors/3/confirm → 200 (5ms)
2026-09-19 16:35:25 DEBUG [asyncio] Using selector: KqueueSelector
2026-09-19 16:35:25 DEBUG [eta.access] POST /api/errors/scan → 200 (5ms)
2026-09-19 16:35:25 DEBUG [asyncio] Using selector: KqueueSelector
2026-09-19 16:35:25 DEBUG [eta.access] POST /api/errors/4/confirm → 200 (4ms)
2026-09-19 16:35:25 DEBUG [asyncio] Using selector: KqueueSelector
2026-09-19 16:35:25 DEBUG [eta.access] POST /api/errors/scan → 200 (6ms)
2026-09-19 16:35:25 DEBUG [asyncio] Using selector: KqueueSelector
2026-09-19 16:35:25 DEBUG [eta.access] POST /api/errors/5/confirm → 200 (4ms)
2026-09-19 16:35:25 DEBUG [asyncio] Using selector: KqueueSelector
2026-09-19 16:35:25 DEBUG [eta.access] GET /api/decision-sheet/export → 200 (5ms)
2026-09-19 16:35:25 DEBUG [asyncio] Using selector: KqueueSelector
2026-09-19 16:35:25 DEBUG [eta.access] GET /api/decision-sheet/export → 200 (43ms)
2026-09-19 16:35:25 DEBUG [asyncio] Using selector: KqueueSelector
2026-09-19 16:35:25 DEBUG [eta.access] POST /api/students/import → 200 (14ms)
2026-09-19 16:35:25 DEBUG [asyncio] Using selector: KqueueSelector
2026-09-19 16:35:25 DEBUG [eta.access] POST /api/errors/scan → 200 (5ms)
2026-09-19 16:35:25 DEBUG [asyncio] Using selector: KqueueSelector
2026-09-19 16:35:25 DEBUG [eta.access] POST /api/errors/1/confirm → 200 (4ms)
2026-09-19 16:35:25 DEBUG [asyncio] Using selector: KqueueSelector
2026-09-19 16:35:25 DEBUG [eta.access] POST /api/errors/scan → 200 (6ms)
2026-09-19 16:35:25 DEBUG [asyncio] Using selector: KqueueSelector
2026-09-19 16:35:25 DEBUG [eta.access] POST /api/errors/2/confirm → 200 (4ms)
2026-09-19 16:35:25 DEBUG [asyncio] Using selector: KqueueSelector
2026-09-19 16:35:25 INFO [eta.export] 导出学生综合信息：2 名学生（class=九(1)班）
2026-09-19 16:35:25 DEBUG [eta.access] GET /api/students/export.csv → 200 (5ms)
2026-09-19 16:35:25 DEBUG [asyncio] Using selector: KqueueSelector
2026-09-19 16:35:25 DEBUG [eta.access] GET /api/errors/batches → 200 (5ms)
2026-09-19 16:35:25 DEBUG [asyncio] Using selector: KqueueSelector
2026-09-19 16:35:25 DEBUG [eta.access] GET /api/errors/batches → 200 (2ms)
2026-09-19 16:35:25 DEBUG [asyncio] Using selector: KqueueSelector
2026-09-19 16:35:25 DEBUG [eta.access] GET /api/decision-sheet → 200 (8ms)
2026-09-19 16:35:25 DEBUG [asyncio] Using selector: KqueueSelector
2026-09-19 16:35:25 DEBUG [eta.access] GET /api/decision-sheet → 200 (5ms)
2026-09-19 16:35:25 DEBUG [asyncio] Using selector: KqueueSelector
2026-09-19 16:35:25 DEBUG [eta.access] GET /api/dashboard → 200 (5ms)
2026-09-19 16:35:25 DEBUG [asyncio] Using selector: KqueueSelector
2026-09-19 16:35:25 DEBUG [eta.access] GET /api/dashboard → 200 (6ms)
2026-09-19 16:35:25 DEBUG [asyncio] Using selector: KqueueSelector
2026-09-19 16:35:25 DEBUG [eta.access] GET /api/trends/categories → 200 (3ms)
2026-09-19 16:35:26 DEBUG [asyncio] Using selector: KqueueSelector
2026-09-19 16:35:26 DEBUG [eta.access] POST /api/errors/confirm-bulk → 200 (3ms)
2026-09-19 16:35:26 DEBUG [asyncio] Using selector: KqueueSelector
2026-09-19 16:35:26 DEBUG [eta.access] GET /api/dashboard → 200 (5ms)
2026-09-19 16:35:26 DEBUG [asyncio] Using selector: KqueueSelector
2026-09-19 16:35:26 DEBUG [eta.access] GET /api/decision-sheet/export → 200 (3ms)
2026-09-19 16:35:26 DEBUG [asyncio] Using selector: KqueueSelector
2026-09-19 16:35:26 DEBUG [eta.access] POST /api/check/dictation → 200 (11ms)
2026-09-19 16:35:26 DEBUG [asyncio] Using selector: KqueueSelector
2026-09-19 16:35:26 DEBUG [eta.access] GET /api/errors → 200 (2ms)
2026-09-19 16:35:26 DEBUG [asyncio] Using selector: KqueueSelector
2026-09-19 16:35:26 DEBUG [eta.access] GET /api/check/sessions → 200 (2ms)
2026-09-19 16:35:26 DEBUG [asyncio] Using selector: KqueueSelector
2026-09-19 16:35:26 DEBUG [eta.access] GET /api/check/sessions/1 → 200 (2ms)
2026-09-19 16:35:26 DEBUG [asyncio] Using selector: KqueueSelector
2026-09-19 16:35:26 DEBUG [eta.access] POST /api/check/assignment → 200 (12ms)
2026-09-19 16:35:26 DEBUG [asyncio] Using selector: KqueueSelector
2026-09-19 16:35:26 DEBUG [eta.access] GET /api/errors → 200 (2ms)
2026-09-19 16:35:26 DEBUG [asyncio] Using selector: KqueueSelector
2026-09-19 16:35:26 DEBUG [eta.access] POST /api/check/assignment → 200 (10ms)
2026-09-19 16:35:26 DEBUG [asyncio] Using selector: KqueueSelector
2026-09-19 16:35:26 DEBUG [eta.access] GET /api/errors → 200 (3ms)
2026-09-19 16:35:26 DEBUG [asyncio] Using selector: KqueueSelector
2026-09-19 16:35:26 DEBUG [eta.access] POST /api/check/assignment → 200 (4ms)
2026-09-19 16:35:26 DEBUG [asyncio] Using selector: KqueueSelector
2026-09-19 16:35:26 DEBUG [eta.access] POST /api/check/assignment → 200 (8ms)
2026-09-19 16:35:26 DEBUG [asyncio] Using selector: KqueueSelector
2026-09-19 16:35:26 DEBUG [eta.access] POST /api/check/dictation → 400 (1ms)
2026-09-19 16:35:26 DEBUG [asyncio] Using selector: KqueueSelector
2026-09-19 16:35:26 DEBUG [eta.access] POST /api/check/assignment → 400 (3ms)
2026-09-19 16:35:26 DEBUG [asyncio] Using selector: KqueueSelector
2026-09-19 16:35:26 DEBUG [eta.access] GET /api/check/sessions/999999 → 404 (1ms)
2026-09-19 16:35:26 DEBUG [asyncio] Using selector: KqueueSelector
2026-09-19 16:35:26 DEBUG [eta.access] POST /api/check/dictation → 200 (37ms)
2026-09-19 16:35:26 DEBUG [asyncio] Using selector: KqueueSelector
2026-09-19 16:35:26 DEBUG [eta.access] PATCH /api/check/sessions/1 → 200 (4ms)
2026-09-19 16:35:26 DEBUG [asyncio] Using selector: KqueueSelector
2026-09-19 16:35:26 DEBUG [eta.access] GET /api/check/sessions → 200 (2ms)
2026-09-19 16:35:26 DEBUG [asyncio] Using selector: KqueueSelector
2026-09-19 16:35:26 DEBUG [eta.access] POST /api/students/import → 200 (4ms)
2026-09-19 16:35:26 DEBUG [asyncio] Using selector: KqueueSelector
2026-09-19 16:35:26 DEBUG [eta.access] POST /api/check/dictation → 200 (7ms)
2026-09-19 16:35:26 DEBUG [asyncio] Using selector: KqueueSelector
2026-09-19 16:35:26 DEBUG [eta.access] GET /api/check/sessions/1/export → 200 (3ms)
2026-09-19 16:35:26 DEBUG [asyncio] Using selector: KqueueSelector
2026-09-19 16:35:26 DEBUG [eta.access] GET /api/check/sessions/999999/export → 404 (3ms)
2026-09-19 16:35:26 DEBUG [asyncio] Using selector: KqueueSelector
2026-09-19 16:35:26 DEBUG [eta.access] POST /api/students → 200 (4ms)
2026-09-19 16:35:26 DEBUG [asyncio] Using selector: KqueueSelector
2026-09-19 16:35:26 DEBUG [eta.access] POST /api/students → 200 (4ms)
2026-09-19 16:35:26 DEBUG [asyncio] Using selector: KqueueSelector
2026-09-19 16:35:26 DEBUG [eta.access] POST /api/students → 200 (4ms)
2026-09-19 16:35:26 DEBUG [asyncio] Using selector: KqueueSelector
2026-09-19 16:35:26 DEBUG [eta.access] POST /api/students → 200 (4ms)
2026-09-19 16:35:26 DEBUG [asyncio] Using selector: KqueueSelector
2026-09-19 16:35:26 DEBUG [eta.access] POST /api/students → 200 (4ms)
2026-09-19 16:35:26 DEBUG [asyncio] Using selector: KqueueSelector
2026-09-19 16:35:26 DEBUG [eta.access] POST /api/students → 200 (4ms)
2026-09-19 16:35:26 DEBUG [asyncio] Using selector: KqueueSelector
2026-09-19 16:35:26 DEBUG [eta.access] POST /api/students/S01/cleanup → 200 (5ms)
2026-09-19 16:35:26 DEBUG [asyncio] Using selector: KqueueSelector
2026-09-19 16:35:26 DEBUG [eta.access] GET /api/students/S01/profile → 200 (3ms)
2026-09-19 16:35:26 DEBUG [asyncio] Using selector: KqueueSelector
2026-09-19 16:35:26 DEBUG [eta.access] POST /api/students/S01/cleanup → 200 (4ms)
2026-09-19 16:35:26 DEBUG [asyncio] Using selector: KqueueSelector
2026-09-19 16:35:26 DEBUG [eta.access] GET /api/students/S01/profile → 200 (2ms)
2026-09-19 16:35:26 DEBUG [asyncio] Using selector: KqueueSelector
2026-09-19 16:35:26 DEBUG [eta.access] POST /api/students → 200 (5ms)
2026-09-19 16:35:26 DEBUG [asyncio] Using selector: KqueueSelector
2026-09-19 16:35:26 DEBUG [eta.access] POST /api/students → 200 (3ms)
2026-09-19 16:35:26 DEBUG [asyncio] Using selector: KqueueSelector
2026-09-19 16:35:26 DEBUG [eta.access] POST /api/students/S01/cleanup → 200 (3ms)
2026-09-19 16:35:26 DEBUG [asyncio] Using selector: KqueueSelector
2026-09-19 16:35:26 DEBUG [eta.access] POST /api/students → 200 (4ms)
2026-09-19 16:35:26 DEBUG [asyncio] Using selector: KqueueSelector
2026-09-19 16:35:26 DEBUG [eta.access] POST /api/students → 200 (4ms)
2026-09-19 16:35:26 DEBUG [asyncio] Using selector: KqueueSelector
2026-09-19 16:35:26 DEBUG [eta.access] POST /api/students/S01/cleanup → 200 (4ms)
2026-09-19 16:35:26 DEBUG [asyncio] Using selector: KqueueSelector
2026-09-19 16:35:26 DEBUG [eta.access] POST /api/students → 200 (5ms)
2026-09-19 16:35:26 DEBUG [asyncio] Using selector: KqueueSelector
2026-09-19 16:35:26 DEBUG [eta.access] POST /api/students → 200 (3ms)
2026-09-19 16:35:26 DEBUG [asyncio] Using selector: KqueueSelector
2026-09-19 16:35:26 DEBUG [eta.access] POST /api/students/S01/cleanup → 200 (4ms)
2026-09-19 16:35:26 DEBUG [asyncio] Using selector: KqueueSelector
2026-09-19 16:35:26 DEBUG [eta.access] POST /api/students → 200 (5ms)
2026-09-19 16:35:26 DEBUG [asyncio] Using selector: KqueueSelector
2026-09-19 16:35:26 DEBUG [eta.access] POST /api/students/P01/cleanup → 400 (2ms)
2026-09-19 16:35:26 DEBUG [asyncio] Using selector: KqueueSelector
2026-09-19 16:35:26 DEBUG [eta.access] POST /api/students/P01/cleanup → 400 (3ms)
2026-09-19 16:35:26 DEBUG [asyncio] Using selector: KqueueSelector
2026-09-19 16:35:26 DEBUG [eta.access] POST /api/students/NOPE/cleanup → 404 (2ms)
2026-09-19 16:35:26 DEBUG [asyncio] Using selector: KqueueSelector
2026-09-19 16:35:26 DEBUG [eta.access] POST /api/students → 200 (4ms)
2026-09-19 16:35:26 DEBUG [asyncio] Using selector: KqueueSelector
2026-09-19 16:35:26 DEBUG [eta.access] POST /api/students/V01/cleanup → 400 (2ms)
2026-09-19 16:35:27 WARNING [eta.ocr] dual 文档流 mineru 通道失败（降级继续）：MinerU 链路抖动
2026-09-19 16:35:27 WARNING [eta.ocr] dual 文档流 mineru 通道失败（降级继续）：down
2026-09-19 16:35:27 WARNING [eta.ocr] dual 文档流 paddleocr 通道失败（降级继续）：down
2026-09-19 16:35:27 DEBUG [asyncio] Using selector: KqueueSelector
2026-09-19 16:35:27 ERROR [eta.logs] 浏览器 [ERROR] 页面=#/scan 页面脚本错误
at boot
2026-09-19 16:35:27 DEBUG [eta.access] POST /api/logs/client → 200 (3ms)
2026-09-19 16:35:27 INFO [eta.ocr] MinerU batch=b1 创建，上传图片 (5 bytes)
2026-09-19 16:35:28 WARNING [eta.trace] 运行留痕写入失败：[Errno 20] Not a directory: '/private/var/folders/sh/v4ws268d63928m_6n_jzds6m0000gn/T/pytest-of-zbloom/pytest-14/test_record_never_raises_on_io0/blocker/sub'
2026-09-19 16:35:28 DEBUG [asyncio] Using selector: KqueueSelector
2026-09-19 16:35:28 DEBUG [eta.access] POST /api/check/organize-upload → 200 (2ms)
2026-09-19 16:35:28 DEBUG [asyncio] Using selector: KqueueSelector
2026-09-19 16:35:28 DEBUG [eta.access] POST /api/check/organize-upload → 200 (2ms)
2026-09-19 16:35:28 DEBUG [asyncio] Using selector: KqueueSelector
2026-09-19 16:35:28 DEBUG [eta.access] POST /api/check/organize-upload → 400 (2ms)
2026-09-19 16:35:28 DEBUG [asyncio] Using selector: KqueueSelector
2026-09-19 16:35:28 DEBUG [eta.access] POST /api/students/import → 200 (3ms)
2026-09-19 16:35:28 DEBUG [asyncio] Using selector: KqueueSelector
2026-09-19 16:35:28 DEBUG [eta.access] POST /api/check/photo-parse → 200 (5ms)
2026-09-19 16:35:28 DEBUG [asyncio] Using selector: KqueueSelector
2026-09-19 16:35:28 DEBUG [eta.access] POST /api/check/photo-parse → 200 (3ms)
2026-09-19 16:35:28 DEBUG [asyncio] Using selector: KqueueSelector
2026-09-19 16:35:28 DEBUG [eta.access] POST /api/check/photo-parse → 200 (3ms)
2026-09-19 16:35:28 DEBUG [asyncio] Using selector: KqueueSelector
2026-09-19 16:35:28 WARNING [eta.services.photo_check] 批改读图失败（张三/bad.jpg）：识别失败
2026-09-19 16:35:28 DEBUG [eta.access] POST /api/check/photo-parse → 200 (3ms)
2026-09-19 16:35:28 DEBUG [asyncio] Using selector: KqueueSelector
2026-09-19 16:35:28 DEBUG [eta.access] POST /api/check/photo-parse → 422 (2ms)
2026-09-19 16:35:28 DEBUG [asyncio] Using selector: KqueueSelector
2026-09-19 16:35:28 DEBUG [eta.access] POST /api/students/import → 200 (4ms)
2026-09-19 16:35:28 DEBUG [asyncio] Using selector: KqueueSelector
2026-09-19 16:35:28 DEBUG [eta.access] POST /api/check/assignment → 200 (9ms)
2026-09-19 16:35:28 DEBUG [asyncio] Using selector: KqueueSelector
2026-09-19 16:35:28 DEBUG [eta.access] GET /api/errors → 200 (2ms)
2026-09-19 16:35:28 DEBUG [asyncio] Using selector: KqueueSelector
2026-09-19 16:35:28 DEBUG [eta.access] GET /api/check/sessions/1/files → 200 (3ms)
2026-09-19 16:35:28 DEBUG [asyncio] Using selector: KqueueSelector
2026-09-19 16:35:28 DEBUG [eta.access] GET /api/check/sessions → 200 (2ms)
2026-09-19 16:35:28 DEBUG [asyncio] Using selector: KqueueSelector
2026-09-19 16:35:28 DEBUG [eta.access] POST /api/check/assignment → 200 (8ms)
2026-09-19 16:35:28 DEBUG [asyncio] Using selector: KqueueSelector
2026-09-19 16:35:28 DEBUG [eta.access] GET /api/check/sessions/1 → 200 (3ms)
2026-09-19 16:35:28 DEBUG [asyncio] Using selector: KqueueSelector
2026-09-19 16:35:28 DEBUG [eta.access] POST /api/students/import → 200 (4ms)
2026-09-19 16:35:28 DEBUG [asyncio] Using selector: KqueueSelector
2026-09-19 16:35:28 DEBUG [eta.access] POST /api/check/assignment → 200 (8ms)
2026-09-19 16:35:28 DEBUG [asyncio] Using selector: KqueueSelector
2026-09-19 16:35:28 DEBUG [eta.access] POST /api/students/import → 200 (3ms)
2026-09-19 16:35:28 DEBUG [asyncio] Using selector: KqueueSelector
2026-09-19 16:35:28 DEBUG [eta.access] POST /api/check/assignment → 200 (8ms)
2026-09-19 16:35:28 DEBUG [asyncio] Using selector: KqueueSelector
2026-09-19 16:35:28 DEBUG [eta.access] GET /api/check/sessions → 200 (3ms)
2026-09-19 16:35:28 DEBUG [asyncio] Using selector: KqueueSelector
2026-09-19 16:35:28 DEBUG [eta.access] GET /api/check/sessions → 200 (2ms)
2026-09-19 16:35:28 DEBUG [asyncio] Using selector: KqueueSelector
2026-09-19 16:35:28 DEBUG [eta.access] POST /api/students/import → 200 (4ms)
2026-09-19 16:35:28 DEBUG [asyncio] Using selector: KqueueSelector
2026-09-19 16:35:28 DEBUG [eta.access] POST /api/check/assignment → 200 (8ms)
2026-09-19 16:35:28 DEBUG [asyncio] Using selector: KqueueSelector
2026-09-19 16:35:28 DEBUG [eta.access] GET /api/check/sessions/1/files → 200 (2ms)
2026-09-19 16:35:28 DEBUG [asyncio] Using selector: KqueueSelector
2026-09-19 16:35:28 DEBUG [eta.access] DELETE /api/check/sessions/1 → 200 (3ms)
2026-09-19 16:35:28 DEBUG [asyncio] Using selector: KqueueSelector
2026-09-19 16:35:28 DEBUG [eta.access] GET /api/check/sessions/1 → 404 (2ms)
2026-09-19 16:35:28 DEBUG [asyncio] Using selector: KqueueSelector
2026-09-19 16:35:28 DEBUG [eta.access] GET /api/check/sessions/1/files → 404 (2ms)
2026-09-19 16:35:28 DEBUG [asyncio] Using selector: KqueueSelector
2026-09-19 16:35:28 DEBUG [eta.access] GET /api/errors → 200 (2ms)
2026-09-19 16:35:28 DEBUG [asyncio] Using selector: KqueueSelector
2026-09-19 16:35:28 DEBUG [eta.access] POST /api/students/import → 200 (3ms)
2026-09-19 16:35:28 DEBUG [asyncio] Using selector: KqueueSelector
2026-09-19 16:35:28 DEBUG [eta.access] POST /api/check/assignment → 200 (8ms)
2026-09-19 16:35:28 DEBUG [asyncio] Using selector: KqueueSelector
2026-09-19 16:35:28 DEBUG [eta.access] DELETE /api/check/sessions/2 → 200 (3ms)
2026-09-19 16:35:28 DEBUG [asyncio] Using selector: KqueueSelector
2026-09-19 16:35:28 DEBUG [eta.access] GET /api/errors → 200 (2ms)
2026-09-19 16:35:28 DEBUG [asyncio] Using selector: KqueueSelector
2026-09-19 16:35:28 DEBUG [eta.access] DELETE /api/check/sessions/999999 → 404 (2ms)
2026-09-19 16:35:28 DEBUG [asyncio] Using selector: KqueueSelector
2026-09-19 16:35:28 DEBUG [eta.access] POST /api/students/import → 200 (4ms)
2026-09-19 16:35:28 DEBUG [asyncio] Using selector: KqueueSelector
2026-09-19 16:35:28 DEBUG [eta.access] POST /api/check/photo-parse → 200 (3ms)
2026-09-19 16:35:28 DEBUG [asyncio] Using selector: KqueueSelector
2026-09-19 16:35:28 DEBUG [eta.access] POST /api/check/photo-parse → 200 (2ms)
2026-09-19 16:35:29 DEBUG [asyncio] Using selector: KqueueSelector
2026-09-19 16:35:29 DEBUG [eta.access] POST /api/check/md-reparse → 200 (3ms)
2026-09-19 16:35:29 DEBUG [asyncio] Using selector: KqueueSelector
2026-09-19 16:35:29 DEBUG [eta.access] POST /api/check/md-reparse → 400 (1ms)
2026-09-19 16:35:29 DEBUG [asyncio] Using selector: KqueueSelector
2026-09-19 16:35:29 DEBUG [eta.access] POST /api/students/import → 200 (4ms)
2026-09-19 16:35:29 DEBUG [asyncio] Using selector: KqueueSelector
2026-09-19 16:35:29 DEBUG [eta.access] POST /api/check/assignment → 200 (4ms)
2026-09-19 16:35:29 DEBUG [asyncio] Using selector: KqueueSelector
2026-09-19 16:35:29 DEBUG [eta.access] POST /api/students/import → 200 (3ms)
2026-09-19 16:35:29 DEBUG [asyncio] Using selector: KqueueSelector
2026-09-19 16:35:29 DEBUG [eta.access] POST /api/check/assignment → 200 (4ms)
2026-09-19 16:35:29 DEBUG [asyncio] Using selector: KqueueSelector
2026-09-19 16:35:29 DEBUG [eta.access] GET /api/check/sessions → 200 (2ms)
2026-09-19 16:35:29 DEBUG [asyncio] Using selector: KqueueSelector
2026-09-19 16:35:29 DEBUG [eta.access] GET /api/check/sessions → 200 (2ms)
2026-09-19 16:35:29 DEBUG [asyncio] Using selector: KqueueSelector
2026-09-19 16:35:29 DEBUG [eta.access] GET /api/check/sessions → 200 (2ms)
2026-09-19 16:35:58 INFO [eta] 日志已就绪：目录 runtime/logs（按天轮转，保留 14 天，终端级别 INFO / 文件级别 DEBUG）
2026-09-19 16:35:58 INFO [eta.providers.agent_chat] 智能体会话调用完成 | 返回 2 字，耗时 0ms
2026-09-19 16:35:58 INFO [eta.providers.agent_chat] 智能体会话调用完成 | 返回 2 字，耗时 0ms
2026-09-19 16:35:59 WARNING [eta.providers.agent_chat] 智能体会话请求失败，2s 后重试一次：connection reset
2026-09-19 16:36:01 WARNING [eta.services.photo_check] 多图联合解析失败，该批降级逐张解析：多图联合失败
2026-09-19 16:36:01 WARNING [eta.services.photo_check] Markdown 结构化失败：DeepSeek 超时
2026-09-19 16:36:01 WARNING [eta.services.photo_check] 智能体会话解析失败，降级 OCR 转录解析：invalid_api_key
2026-09-19 16:36:01 WARNING [eta.services.photo_check] 多图联合解析失败，该批降级逐张解析：多图联合失败（测试桩）
2026-09-19 16:36:01 DEBUG [asyncio] Using selector: KqueueSelector
2026-09-19 16:36:01 DEBUG [eta.access] GET /api/health → 200 (33ms)
2026-09-19 16:36:01 DEBUG [asyncio] Using selector: KqueueSelector
2026-09-19 16:36:01 DEBUG [eta.access] GET /api/ontology → 200 (3ms)
2026-09-19 16:36:01 DEBUG [asyncio] Using selector: KqueueSelector
2026-09-19 16:36:01 DEBUG [eta.access] POST /api/students/import → 200 (5ms)
2026-09-19 16:36:01 DEBUG [asyncio] Using selector: KqueueSelector
2026-09-19 16:36:01 DEBUG [eta.access] GET /api/students → 200 (3ms)
2026-09-19 16:36:01 DEBUG [asyncio] Using selector: KqueueSelector
2026-09-19 16:36:01 DEBUG [eta.access] POST /api/errors/scan → 200 (7ms)
2026-09-19 16:36:01 DEBUG [asyncio] Using selector: KqueueSelector
2026-09-19 16:36:01 DEBUG [eta.access] GET /api/errors → 200 (3ms)
2026-09-19 16:36:01 DEBUG [asyncio] Using selector: KqueueSelector
2026-09-19 16:36:01 DEBUG [eta.access] POST /api/errors/1/confirm → 200 (5ms)
2026-09-19 16:36:01 DEBUG [asyncio] Using selector: KqueueSelector
2026-09-19 16:36:01 DEBUG [eta.access] POST /api/errors/scan → 200 (6ms)
2026-09-19 16:36:01 DEBUG [asyncio] Using selector: KqueueSelector
2026-09-19 16:36:01 DEBUG [eta.access] POST /api/errors/2/confirm → 200 (5ms)
2026-09-19 16:36:01 DEBUG [asyncio] Using selector: KqueueSelector
2026-09-19 16:36:01 DEBUG [eta.access] POST /api/errors/scan → 200 (6ms)
2026-09-19 16:36:01 DEBUG [asyncio] Using selector: KqueueSelector
2026-09-19 16:36:01 DEBUG [eta.access] GET /api/errors → 200 (2ms)
2026-09-19 16:36:01 DEBUG [asyncio] Using selector: KqueueSelector
2026-09-19 16:36:01 DEBUG [eta.access] POST /api/errors/3/confirm → 200 (5ms)
2026-09-19 16:36:01 DEBUG [asyncio] Using selector: KqueueSelector
2026-09-19 16:36:01 DEBUG [eta.access] POST /api/errors/scan → 200 (5ms)
2026-09-19 16:36:01 DEBUG [asyncio] Using selector: KqueueSelector
2026-09-19 16:36:01 DEBUG [eta.access] GET /api/errors → 200 (2ms)
2026-09-19 16:36:01 DEBUG [asyncio] Using selector: KqueueSelector
2026-09-19 16:36:01 DEBUG [eta.access] POST /api/errors/4/confirm → 200 (4ms)
2026-09-19 16:36:01 DEBUG [asyncio] Using selector: KqueueSelector
2026-09-19 16:36:01 DEBUG [eta.access] POST /api/errors/scan → 200 (7ms)
2026-09-19 16:36:01 DEBUG [asyncio] Using selector: KqueueSelector
2026-09-19 16:36:01 DEBUG [eta.access] GET /api/errors → 200 (2ms)
2026-09-19 16:36:01 DEBUG [asyncio] Using selector: KqueueSelector
2026-09-19 16:36:01 DEBUG [eta.access] POST /api/errors/5/confirm → 200 (4ms)
2026-09-19 16:36:01 DEBUG [asyncio] Using selector: KqueueSelector
2026-09-19 16:36:01 DEBUG [eta.access] POST /api/errors/scan → 200 (6ms)
2026-09-19 16:36:01 DEBUG [asyncio] Using selector: KqueueSelector
2026-09-19 16:36:01 DEBUG [eta.access] GET /api/errors → 200 (2ms)
2026-09-19 16:36:01 DEBUG [asyncio] Using selector: KqueueSelector
2026-09-19 16:36:01 DEBUG [eta.access] POST /api/errors/6/confirm → 200 (4ms)
2026-09-19 16:36:01 DEBUG [asyncio] Using selector: KqueueSelector
2026-09-19 16:36:01 DEBUG [eta.access] POST /api/errors/scan → 200 (6ms)
2026-09-19 16:36:01 DEBUG [asyncio] Using selector: KqueueSelector
2026-09-19 16:36:01 DEBUG [eta.access] GET /api/errors → 200 (2ms)
2026-09-19 16:36:01 DEBUG [asyncio] Using selector: KqueueSelector
2026-09-19 16:36:01 DEBUG [eta.access] POST /api/errors/7/confirm → 200 (4ms)
2026-09-19 16:36:01 DEBUG [asyncio] Using selector: KqueueSelector
2026-09-19 16:36:01 DEBUG [eta.access] POST /api/errors/scan → 200 (5ms)
2026-09-19 16:36:01 DEBUG [asyncio] Using selector: KqueueSelector
2026-09-19 16:36:01 DEBUG [eta.access] GET /api/errors → 200 (2ms)
2026-09-19 16:36:01 DEBUG [asyncio] Using selector: KqueueSelector
2026-09-19 16:36:01 DEBUG [eta.access] POST /api/errors/8/confirm → 200 (3ms)
2026-09-19 16:36:01 DEBUG [asyncio] Using selector: KqueueSelector
2026-09-19 16:36:01 DEBUG [eta.access] POST /api/errors/scan → 200 (7ms)
2026-09-19 16:36:01 DEBUG [asyncio] Using selector: KqueueSelector
2026-09-19 16:36:01 DEBUG [eta.access] GET /api/errors → 200 (2ms)
2026-09-19 16:36:01 DEBUG [asyncio] Using selector: KqueueSelector
2026-09-19 16:36:01 DEBUG [eta.access] POST /api/errors/9/confirm → 200 (4ms)
2026-09-19 16:36:01 DEBUG [asyncio] Using selector: KqueueSelector
2026-09-19 16:36:01 DEBUG [eta.access] POST /api/errors/scan → 200 (6ms)
2026-09-19 16:36:01 DEBUG [asyncio] Using selector: KqueueSelector
2026-09-19 16:36:01 DEBUG [eta.access] GET /api/errors → 200 (2ms)
2026-09-19 16:36:01 DEBUG [asyncio] Using selector: KqueueSelector
2026-09-19 16:36:01 DEBUG [eta.access] POST /api/errors/10/confirm → 200 (5ms)
2026-09-19 16:36:01 DEBUG [asyncio] Using selector: KqueueSelector
2026-09-19 16:36:01 DEBUG [eta.access] POST /api/errors/scan → 200 (5ms)
2026-09-19 16:36:01 DEBUG [asyncio] Using selector: KqueueSelector
2026-09-19 16:36:01 DEBUG [eta.access] GET /api/errors → 200 (3ms)
2026-09-19 16:36:01 DEBUG [asyncio] Using selector: KqueueSelector
2026-09-19 16:36:01 DEBUG [eta.access] POST /api/errors/11/confirm → 200 (4ms)
2026-09-19 16:36:01 DEBUG [asyncio] Using selector: KqueueSelector
2026-09-19 16:36:01 DEBUG [eta.access] POST /api/errors/scan → 200 (5ms)
2026-09-19 16:36:01 DEBUG [asyncio] Using selector: KqueueSelector
2026-09-19 16:36:01 DEBUG [eta.access] GET /api/errors → 200 (2ms)
2026-09-19 16:36:01 DEBUG [asyncio] Using selector: KqueueSelector
2026-09-19 16:36:01 DEBUG [eta.access] POST /api/errors/12/confirm → 200 (4ms)
2026-09-19 16:36:01 DEBUG [asyncio] Using selector: KqueueSelector
2026-09-19 16:36:01 DEBUG [eta.access] POST /api/errors/scan → 200 (8ms)
2026-09-19 16:36:01 DEBUG [asyncio] Using selector: KqueueSelector
2026-09-19 16:36:01 DEBUG [eta.access] GET /api/errors → 200 (2ms)
2026-09-19 16:36:01 DEBUG [asyncio] Using selector: KqueueSelector
2026-09-19 16:36:01 DEBUG [eta.access] POST /api/errors/13/confirm → 200 (4ms)
2026-09-19 16:36:01 DEBUG [asyncio] Using selector: KqueueSelector
2026-09-19 16:36:01 DEBUG [eta.access] POST /api/errors/scan → 200 (7ms)
2026-09-19 16:36:01 DEBUG [asyncio] Using selector: KqueueSelector
2026-09-19 16:36:01 DEBUG [eta.access] GET /api/errors → 200 (2ms)
2026-09-19 16:36:01 DEBUG [asyncio] Using selector: KqueueSelector
2026-09-19 16:36:01 DEBUG [eta.access] POST /api/errors/14/confirm → 200 (5ms)
2026-09-19 16:36:01 DEBUG [asyncio] Using selector: KqueueSelector
2026-09-19 16:36:01 DEBUG [eta.access] POST /api/practice/generate → 200 (3ms)
2026-09-19 16:36:01 DEBUG [asyncio] Using selector: KqueueSelector
2026-09-19 16:36:01 DEBUG [eta.access] POST /api/practice/1/approve → 200 (4ms)
2026-09-19 16:36:01 DEBUG [asyncio] Using selector: KqueueSelector
2026-09-19 16:36:01 DEBUG [eta.access] GET /api/decision-sheet → 200 (7ms)
2026-09-19 16:36:01 DEBUG [asyncio] Using selector: KqueueSelector
2026-09-19 16:36:01 DEBUG [eta.access] GET /api/trends/categories → 200 (4ms)
2026-09-19 16:36:01 DEBUG [asyncio] Using selector: KqueueSelector
2026-09-19 16:36:02 DEBUG [eta.access] GET /api/export/errors.csv → 200 (3ms)
2026-09-19 16:36:02 DEBUG [asyncio] Using selector: KqueueSelector
2026-09-19 16:36:02 DEBUG [eta.access] POST /api/errors/scan → 200 (4ms)
2026-09-19 16:36:02 DEBUG [asyncio] Using selector: KqueueSelector
2026-09-19 16:36:02 DEBUG [eta.access] POST /api/errors/scan → 400 (2ms)
2026-09-19 16:36:02 DEBUG [asyncio] Using selector: KqueueSelector
2026-09-19 16:36:02 DEBUG [eta.access] POST /api/errors/scan → 200 (6ms)
2026-09-19 16:36:02 DEBUG [asyncio] Using selector: KqueueSelector
2026-09-19 16:36:02 DEBUG [eta.access] POST /api/errors/1/confirm → 400 (2ms)
2026-09-19 16:36:02 DEBUG [asyncio] Using selector: KqueueSelector
2026-09-19 16:36:02 DEBUG [eta.access] POST /api/students/import → 200 (4ms)
2026-09-19 16:36:02 DEBUG [asyncio] Using selector: KqueueSelector
2026-09-19 16:36:02 DEBUG [eta.access] POST /api/errors/scan-batch → 200 (16ms)
2026-09-19 16:36:02 DEBUG [asyncio] Using selector: KqueueSelector
2026-09-19 16:36:02 DEBUG [eta.access] GET /api/errors → 200 (3ms)
2026-09-19 16:36:02 DEBUG [asyncio] Using selector: KqueueSelector
2026-09-19 16:36:02 DEBUG [eta.access] POST /api/students/import → 200 (6ms)
2026-09-19 16:36:02 DEBUG [asyncio] Using selector: KqueueSelector
2026-09-19 16:36:02 DEBUG [eta.access] POST /api/errors/scan-batch → 200 (9ms)
2026-09-19 16:36:02 DEBUG [asyncio] Using selector: KqueueSelector
2026-09-19 16:36:02 DEBUG [eta.access] POST /api/students/import → 200 (4ms)
2026-09-19 16:36:02 DEBUG [asyncio] Using selector: KqueueSelector
2026-09-19 16:36:02 DEBUG [eta.access] POST /api/errors/scan-batch → 200 (7ms)
2026-09-19 16:36:02 DEBUG [asyncio] Using selector: KqueueSelector
2026-09-19 16:36:02 DEBUG [eta.access] POST /api/students/import → 200 (4ms)
2026-09-19 16:36:02 DEBUG [asyncio] Using selector: KqueueSelector
2026-09-19 16:36:02 DEBUG [eta.access] POST /api/errors/scan-photos → 200 (2ms)
2026-09-19 16:36:02 DEBUG [asyncio] Using selector: KqueueSelector
2026-09-19 16:36:02 DEBUG [eta.access] GET /api/errors → 200 (2ms)
2026-09-19 16:36:02 DEBUG [asyncio] Using selector: KqueueSelector
2026-09-19 16:36:02 DEBUG [eta.access] POST /api/errors/scan-photos-submit → 200 (15ms)
2026-09-19 16:36:02 DEBUG [asyncio] Using selector: KqueueSelector
2026-09-19 16:36:02 DEBUG [eta.access] GET /api/errors → 200 (2ms)
2026-09-19 16:36:02 DEBUG [asyncio] Using selector: KqueueSelector
2026-09-19 16:36:02 DEBUG [eta.access] POST /api/errors/scan-photos → 400 (3ms)
2026-09-19 16:36:02 DEBUG [asyncio] Using selector: KqueueSelector
2026-09-19 16:36:02 DEBUG [eta.access] POST /api/errors/scan-photos → 400 (1ms)
2026-09-19 16:36:02 DEBUG [asyncio] Using selector: KqueueSelector
2026-09-19 16:36:02 DEBUG [eta.access] POST /api/errors/scan-photos → 400 (2ms)
2026-09-19 16:36:02 DEBUG [asyncio] Using selector: KqueueSelector
2026-09-19 16:36:02 DEBUG [eta.access] POST /api/errors/scan → 200 (4ms)
2026-09-19 16:36:02 DEBUG [asyncio] Using selector: KqueueSelector
2026-09-19 16:36:02 DEBUG [eta.access] POST /api/errors/scan → 200 (4ms)
2026-09-19 16:36:02 DEBUG [asyncio] Using selector: KqueueSelector
2026-09-19 16:36:02 DEBUG [eta.access] GET /api/errors → 200 (3ms)
2026-09-19 16:36:02 DEBUG [asyncio] Using selector: KqueueSelector
2026-09-19 16:36:02 DEBUG [eta.access] POST /api/errors/confirm-bulk → 200 (3ms)
2026-09-19 16:36:02 DEBUG [asyncio] Using selector: KqueueSelector
2026-09-19 16:36:02 DEBUG [eta.access] GET /api/errors → 200 (2ms)
2026-09-19 16:36:02 DEBUG [asyncio] Using selector: KqueueSelector
2026-09-19 16:36:02 DEBUG [eta.access] POST /api/errors/confirm-bulk → 200 (4ms)
2026-09-19 16:36:02 DEBUG [asyncio] Using selector: KqueueSelector
2026-09-19 16:36:02 DEBUG [eta.access] GET /api/errors → 200 (2ms)
2026-09-19 16:36:02 DEBUG [asyncio] Using selector: KqueueSelector
2026-09-19 16:36:02 DEBUG [eta.access] POST /api/errors/confirm-bulk → 400 (2ms)
2026-09-19 16:36:02 DEBUG [asyncio] Using selector: KqueueSelector
2026-09-19 16:36:02 DEBUG [eta.access] POST /api/students → 200 (5ms)
2026-09-19 16:36:02 DEBUG [asyncio] Using selector: KqueueSelector
2026-09-19 16:36:02 DEBUG [eta.access] POST /api/students → 400 (2ms)
2026-09-19 16:36:02 DEBUG [asyncio] Using selector: KqueueSelector
2026-09-19 16:36:02 DEBUG [eta.access] POST /api/errors/scan → 200 (8ms)
2026-09-19 16:36:02 DEBUG [asyncio] Using selector: KqueueSelector
2026-09-19 16:36:02 DEBUG [eta.access] PUT /api/students/9101 → 200 (4ms)
2026-09-19 16:36:02 DEBUG [asyncio] Using selector: KqueueSelector
2026-09-19 16:36:02 DEBUG [eta.access] GET /api/errors → 200 (2ms)
2026-09-19 16:36:02 DEBUG [asyncio] Using selector: KqueueSelector
2026-09-19 16:36:02 DEBUG [eta.access] POST /api/students → 200 (5ms)
2026-09-19 16:36:02 DEBUG [asyncio] Using selector: KqueueSelector
2026-09-19 16:36:02 DEBUG [eta.access] PUT /api/students/9201 → 400 (2ms)
2026-09-19 16:36:02 DEBUG [asyncio] Using selector: KqueueSelector
2026-09-19 16:36:02 DEBUG [eta.access] DELETE /api/students/9201 → 200 (6ms)
2026-09-19 16:36:02 DEBUG [asyncio] Using selector: KqueueSelector
2026-09-19 16:36:02 DEBUG [eta.access] GET /api/errors → 200 (2ms)
2026-09-19 16:36:02 DEBUG [asyncio] Using selector: KqueueSelector
2026-09-19 16:36:02 DEBUG [eta.access] DELETE /api/students/9201 → 404 (2ms)
2026-09-19 16:36:02 DEBUG [asyncio] Using selector: KqueueSelector
2026-09-19 16:36:02 DEBUG [eta.access] POST /api/students → 200 (5ms)
2026-09-19 16:36:02 DEBUG [asyncio] Using selector: KqueueSelector
2026-09-19 16:36:02 DEBUG [eta.access] POST /api/errors/scan → 200 (5ms)
2026-09-19 16:36:02 DEBUG [asyncio] Using selector: KqueueSelector
2026-09-19 16:36:02 DEBUG [eta.access] DELETE /api/students/9102 → 200 (4ms)
2026-09-19 16:36:02 DEBUG [asyncio] Using selector: KqueueSelector
2026-09-19 16:36:02 DEBUG [eta.access] GET /api/errors → 200 (3ms)
2026-09-19 16:36:02 DEBUG [asyncio] Using selector: KqueueSelector
2026-09-19 16:36:02 DEBUG [eta.access] POST /api/classes → 200 (4ms)
2026-09-19 16:36:02 DEBUG [asyncio] Using selector: KqueueSelector
2026-09-19 16:36:02 DEBUG [eta.access] GET /api/classes → 200 (2ms)
2026-09-19 16:36:02 DEBUG [asyncio] Using selector: KqueueSelector
2026-09-19 16:36:02 DEBUG [eta.access] POST /api/classes → 400 (3ms)
2026-09-19 16:36:02 DEBUG [asyncio] Using selector: KqueueSelector
2026-09-19 16:36:02 DEBUG [eta.access] POST /api/classes → 400 (2ms)
2026-09-19 16:36:02 DEBUG [asyncio] Using selector: KqueueSelector
2026-09-19 16:36:02 DEBUG [eta.access] POST /api/students → 200 (4ms)
2026-09-19 16:36:02 DEBUG [asyncio] Using selector: KqueueSelector
2026-09-19 16:36:02 DEBUG [eta.access] POST /api/errors/scan → 200 (5ms)
2026-09-19 16:36:02 DEBUG [asyncio] Using selector: KqueueSelector
2026-09-19 16:36:02 DEBUG [eta.access] PUT /api/classes/九(1)班 → 200 (4ms)
2026-09-19 16:36:02 DEBUG [asyncio] Using selector: KqueueSelector
2026-09-19 16:36:02 DEBUG [eta.access] GET /api/classes → 200 (2ms)
2026-09-19 16:36:02 DEBUG [asyncio] Using selector: KqueueSelector
2026-09-19 16:36:02 DEBUG [eta.access] GET /api/students → 200 (2ms)
2026-09-19 16:36:02 DEBUG [asyncio] Using selector: KqueueSelector
2026-09-19 16:36:02 DEBUG [eta.access] GET /api/errors → 200 (2ms)
2026-09-19 16:36:02 DEBUG [asyncio] Using selector: KqueueSelector
2026-09-19 16:36:02 DEBUG [eta.access] DELETE /api/classes/九(2)班 → 200 (4ms)
2026-09-19 16:36:02 DEBUG [asyncio] Using selector: KqueueSelector
2026-09-19 16:36:02 DEBUG [eta.access] GET /api/students → 200 (2ms)
2026-09-19 16:36:02 DEBUG [asyncio] Using selector: KqueueSelector
2026-09-19 16:36:02 DEBUG [eta.access] GET /api/errors → 200 (2ms)
2026-09-19 16:36:02 DEBUG [asyncio] Using selector: KqueueSelector
2026-09-19 16:36:02 DEBUG [eta.access] POST /api/classes → 200 (4ms)
2026-09-19 16:36:02 DEBUG [asyncio] Using selector: KqueueSelector
2026-09-19 16:36:02 DEBUG [eta.access] POST /api/classes → 200 (4ms)
2026-09-19 16:36:02 DEBUG [asyncio] Using selector: KqueueSelector
2026-09-19 16:36:02 DEBUG [eta.access] POST /api/students → 200 (3ms)
2026-09-19 16:36:02 DEBUG [asyncio] Using selector: KqueueSelector
2026-09-19 16:36:02 DEBUG [eta.access] PUT /api/classes/九(3)班 → 400 (3ms)
2026-09-19 16:36:02 DEBUG [asyncio] Using selector: KqueueSelector
2026-09-19 16:36:02 DEBUG [eta.access] DELETE /api/classes/九(3)班 → 200 (3ms)
2026-09-19 16:36:02 DEBUG [asyncio] Using selector: KqueueSelector
2026-09-19 16:36:02 DEBUG [eta.access] DELETE /api/classes/九(1)班 → 200 (3ms)
2026-09-19 16:36:02 DEBUG [asyncio] Using selector: KqueueSelector
2026-09-19 16:36:02 DEBUG [eta.access] GET /api/classes → 200 (2ms)
2026-09-19 16:36:02 DEBUG [asyncio] Using selector: KqueueSelector
2026-09-19 16:36:02 DEBUG [eta.access] POST /api/classes → 200 (3ms)
2026-09-19 16:36:02 DEBUG [asyncio] Using selector: KqueueSelector
2026-09-19 16:36:02 DEBUG [eta.access] POST /api/students → 200 (6ms)
2026-09-19 16:36:02 DEBUG [asyncio] Using selector: KqueueSelector
2026-09-19 16:36:02 DEBUG [eta.access] POST /api/errors/scan → 200 (5ms)
2026-09-19 16:36:02 DEBUG [asyncio] Using selector: KqueueSelector
2026-09-19 16:36:02 DEBUG [eta.access] DELETE /api/classes/旧库班 → 200 (5ms)
2026-09-19 16:36:02 DEBUG [asyncio] Using selector: KqueueSelector
2026-09-19 16:36:02 DEBUG [eta.access] POST /api/errors/scan → 200 (4ms)
2026-09-19 16:36:02 DEBUG [asyncio] Using selector: KqueueSelector
2026-09-19 16:36:02 DEBUG [eta.access] POST /api/errors/1/confirm → 200 (5ms)
2026-09-19 16:36:02 DEBUG [asyncio] Using selector: KqueueSelector
2026-09-19 16:36:02 DEBUG [eta.access] POST /api/errors/scan → 200 (3ms)
2026-09-19 16:36:02 DEBUG [asyncio] Using selector: KqueueSelector
2026-09-19 16:36:02 DEBUG [eta.access] POST /api/errors/2/confirm → 200 (6ms)
2026-09-19 16:36:02 DEBUG [asyncio] Using selector: KqueueSelector
2026-09-19 16:36:02 DEBUG [eta.access] POST /api/errors/scan → 200 (4ms)
2026-09-19 16:36:02 DEBUG [asyncio] Using selector: KqueueSelector
2026-09-19 16:36:02 DEBUG [eta.access] POST /api/errors/3/confirm → 200 (4ms)
2026-09-19 16:36:02 DEBUG [asyncio] Using selector: KqueueSelector
2026-09-19 16:36:02 DEBUG [eta.access] POST /api/errors/scan → 200 (5ms)
2026-09-19 16:36:02 DEBUG [asyncio] Using selector: KqueueSelector
2026-09-19 16:36:02 DEBUG [eta.access] POST /api/errors/4/confirm → 200 (4ms)
2026-09-19 16:36:02 DEBUG [asyncio] Using selector: KqueueSelector
2026-09-19 16:36:02 DEBUG [eta.access] POST /api/decision-sheet/ai → 200 (8ms)
2026-09-19 16:36:02 DEBUG [asyncio] Using selector: KqueueSelector
2026-09-19 16:36:02 DEBUG [eta.access] POST /api/decision-sheet/ai → 400 (3ms)
2026-09-19 16:36:02 DEBUG [asyncio] Using selector: KqueueSelector
2026-09-19 16:36:02 DEBUG [eta.access] POST /api/practice/generate → 422 (1ms)
2026-09-19 16:36:02 DEBUG [asyncio] Using selector: KqueueSelector
2026-09-19 16:36:02 DEBUG [eta.access] POST /api/practice/generate → 422 (1ms)
2026-09-19 16:36:02 DEBUG [asyncio] Using selector: KqueueSelector
2026-09-19 16:36:02 DEBUG [eta.access] POST /api/practice/generate → 200 (4ms)
2026-09-19 16:36:02 DEBUG [asyncio] Using selector: KqueueSelector
2026-09-19 16:36:02 DEBUG [eta.access] POST /api/practice/generate → 200 (5ms)
2026-09-19 16:36:02 DEBUG [asyncio] Using selector: KqueueSelector
2026-09-19 16:36:02 DEBUG [eta.access] POST /api/practice/generate → 200 (4ms)
2026-09-19 16:36:02 DEBUG [asyncio] Using selector: KqueueSelector
2026-09-19 16:36:02 DEBUG [eta.access] POST /api/practice/generate → 400 (2ms)
2026-09-19 16:36:02 DEBUG [asyncio] Using selector: KqueueSelector
2026-09-19 16:36:02 DEBUG [eta.access] POST /api/practice/generate → 400 (2ms)
2026-09-19 16:36:02 DEBUG [asyncio] Using selector: KqueueSelector
2026-09-19 16:36:02 DEBUG [eta.access] POST /api/paper/generate → 400 (2ms)
2026-09-19 16:36:02 DEBUG [asyncio] Using selector: KqueueSelector
2026-09-19 16:36:02 DEBUG [eta.access] POST /api/errors/scan → 200 (4ms)
2026-09-19 16:36:02 DEBUG [asyncio] Using selector: KqueueSelector
2026-09-19 16:36:02 DEBUG [eta.access] POST /api/errors/1/confirm → 200 (6ms)
2026-09-19 16:36:02 DEBUG [asyncio] Using selector: KqueueSelector
2026-09-19 16:36:02 DEBUG [eta.access] POST /api/errors/scan → 200 (4ms)
2026-09-19 16:36:02 DEBUG [asyncio] Using selector: KqueueSelector
2026-09-19 16:36:02 DEBUG [eta.access] POST /api/errors/2/confirm → 200 (5ms)
2026-09-19 16:36:02 DEBUG [asyncio] Using selector: KqueueSelector
2026-09-19 16:36:02 DEBUG [eta.access] POST /api/paper/generate → 200 (4ms)
2026-09-19 16:36:02 DEBUG [asyncio] Using selector: KqueueSelector
2026-09-19 16:36:02 DEBUG [eta.access] POST /api/paper/generate → 200 (4ms)
2026-09-19 16:36:02 DEBUG [asyncio] Using selector: KqueueSelector
2026-09-19 16:36:03 DEBUG [eta.access] POST /api/paper/generate → 422 (2ms)
2026-09-19 16:36:03 DEBUG [asyncio] Using selector: KqueueSelector
2026-09-19 16:36:03 DEBUG [eta.access] POST /api/paper/generate → 422 (1ms)
2026-09-19 16:36:03 DEBUG [asyncio] Using selector: KqueueSelector
2026-09-19 16:36:03 DEBUG [eta.access] POST /api/paper/generate → 200 (4ms)
2026-09-19 16:36:03 DEBUG [asyncio] Using selector: KqueueSelector
2026-09-19 16:36:03 DEBUG [eta.access] GET /api/papers → 200 (3ms)
2026-09-19 16:36:03 DEBUG [asyncio] Using selector: KqueueSelector
2026-09-19 16:36:03 DEBUG [eta.access] POST /api/paper/1/approve → 200 (3ms)
2026-09-19 16:36:03 DEBUG [asyncio] Using selector: KqueueSelector
2026-09-19 16:36:03 DEBUG [eta.access] POST /api/paper/1/approve → 404 (2ms)
2026-09-19 16:36:03 DEBUG [asyncio] Using selector: KqueueSelector
2026-09-19 16:36:03 DEBUG [eta.access] GET /api/papers → 200 (3ms)
2026-09-19 16:36:03 DEBUG [asyncio] Using selector: KqueueSelector
2026-09-19 16:36:03 DEBUG [eta.access] POST /api/practice/generate → 200 (3ms)
2026-09-19 16:36:03 DEBUG [asyncio] Using selector: KqueueSelector
2026-09-19 16:36:03 DEBUG [eta.access] GET /api/practices/export → 400 (19ms)
2026-09-19 16:36:03 DEBUG [asyncio] Using selector: KqueueSelector
2026-09-19 16:36:03 DEBUG [eta.access] GET /api/practices/export → 200 (2ms)
2026-09-19 16:36:03 DEBUG [asyncio] Using selector: KqueueSelector
2026-09-19 16:36:03 DEBUG [eta.access] POST /api/practice/1/approve → 200 (2ms)
2026-09-19 16:36:03 DEBUG [asyncio] Using selector: KqueueSelector
2026-09-19 16:36:03 DEBUG [eta.access] GET /api/practices/export → 200 (2ms)
2026-09-19 16:36:03 DEBUG [asyncio] Using selector: KqueueSelector
2026-09-19 16:36:03 DEBUG [eta.access] GET /api/practices/export → 200 (150ms)
2026-09-19 16:36:03 DEBUG [asyncio] Using selector: KqueueSelector
2026-09-19 16:36:03 DEBUG [eta.access] POST /api/practice/generate → 200 (4ms)
2026-09-19 16:36:03 DEBUG [asyncio] Using selector: KqueueSelector
2026-09-19 16:36:03 DEBUG [eta.access] POST /api/practice/2/approve → 200 (3ms)
2026-09-19 16:36:03 DEBUG [asyncio] Using selector: KqueueSelector
2026-09-19 16:36:03 DEBUG [eta.access] GET /api/practices/export → 200 (2ms)
2026-09-19 16:36:03 DEBUG [asyncio] Using selector: KqueueSelector
2026-09-19 16:36:03 DEBUG [eta.access] GET /api/practices/export → 400 (1ms)
2026-09-19 16:36:03 DEBUG [asyncio] Using selector: KqueueSelector
2026-09-19 16:36:03 DEBUG [eta.access] POST /api/errors/scan → 200 (5ms)
2026-09-19 16:36:03 DEBUG [asyncio] Using selector: KqueueSelector
2026-09-19 16:36:03 DEBUG [eta.access] POST /api/errors/1/confirm → 200 (4ms)
2026-09-19 16:36:03 DEBUG [asyncio] Using selector: KqueueSelector
2026-09-19 16:36:03 DEBUG [eta.access] POST /api/errors/scan → 200 (4ms)
2026-09-19 16:36:03 DEBUG [asyncio] Using selector: KqueueSelector
2026-09-19 16:36:03 DEBUG [eta.access] POST /api/errors/2/confirm → 200 (5ms)
2026-09-19 16:36:03 DEBUG [asyncio] Using selector: KqueueSelector
2026-09-19 16:36:03 DEBUG [eta.access] POST /api/paper/generate → 200 (4ms)
2026-09-19 16:36:03 DEBUG [asyncio] Using selector: KqueueSelector
2026-09-19 16:36:03 DEBUG [eta.access] GET /api/papers/1/export → 400 (3ms)
2026-09-19 16:36:03 DEBUG [asyncio] Using selector: KqueueSelector
2026-09-19 16:36:03 DEBUG [eta.access] POST /api/paper/1/approve → 200 (3ms)
2026-09-19 16:36:03 DEBUG [asyncio] Using selector: KqueueSelector
2026-09-19 16:36:03 DEBUG [eta.access] GET /api/papers/1/export → 200 (2ms)
2026-09-19 16:36:03 DEBUG [asyncio] Using selector: KqueueSelector
2026-09-19 16:36:03 DEBUG [eta.access] GET /api/papers/1/export → 200 (39ms)
2026-09-19 16:36:03 DEBUG [asyncio] Using selector: KqueueSelector
2026-09-19 16:36:03 DEBUG [eta.access] GET /api/papers/999/export → 404 (2ms)
2026-09-19 16:36:03 DEBUG [asyncio] Using selector: KqueueSelector
2026-09-19 16:36:03 DEBUG [eta.access] POST /api/classes → 200 (16ms)
2026-09-19 16:36:03 DEBUG [asyncio] Using selector: KqueueSelector
2026-09-19 16:36:03 DEBUG [eta.access] POST /api/students → 200 (4ms)
2026-09-19 16:36:03 DEBUG [asyncio] Using selector: KqueueSelector
2026-09-19 16:36:03 DEBUG [eta.access] POST /api/errors/scan → 200 (5ms)
2026-09-19 16:36:03 DEBUG [asyncio] Using selector: KqueueSelector
2026-09-19 16:36:03 DEBUG [eta.access] POST /api/errors/1/confirm → 200 (6ms)
2026-09-19 16:36:03 DEBUG [asyncio] Using selector: KqueueSelector
2026-09-19 16:36:03 DEBUG [eta.access] POST /api/errors/scan → 200 (5ms)
2026-09-19 16:36:03 DEBUG [asyncio] Using selector: KqueueSelector
2026-09-19 16:36:03 DEBUG [eta.access] POST /api/errors/2/confirm → 200 (4ms)
2026-09-19 16:36:03 DEBUG [asyncio] Using selector: KqueueSelector
2026-09-19 16:36:03 DEBUG [eta.access] POST /api/errors/scan → 200 (7ms)
2026-09-19 16:36:03 DEBUG [asyncio] Using selector: KqueueSelector
2026-09-19 16:36:03 DEBUG [eta.access] POST /api/errors/3/confirm → 200 (4ms)
2026-09-19 16:36:03 DEBUG [asyncio] Using selector: KqueueSelector
2026-09-19 16:36:03 DEBUG [eta.access] POST /api/errors/scan → 200 (5ms)
2026-09-19 16:36:03 DEBUG [asyncio] Using selector: KqueueSelector
2026-09-19 16:36:03 DEBUG [eta.access] POST /api/errors/4/confirm → 200 (5ms)
2026-09-19 16:36:03 DEBUG [asyncio] Using selector: KqueueSelector
2026-09-19 16:36:03 DEBUG [eta.access] POST /api/errors/scan → 200 (5ms)
2026-09-19 16:36:03 DEBUG [asyncio] Using selector: KqueueSelector
2026-09-19 16:36:03 DEBUG [eta.access] POST /api/errors/5/confirm → 200 (4ms)
2026-09-19 16:36:03 DEBUG [asyncio] Using selector: KqueueSelector
2026-09-19 16:36:03 DEBUG [eta.access] GET /api/decision-sheet/export → 200 (7ms)
2026-09-19 16:36:03 DEBUG [asyncio] Using selector: KqueueSelector
2026-09-19 16:36:03 DEBUG [eta.access] GET /api/decision-sheet/export → 200 (45ms)
2026-09-19 16:36:03 DEBUG [asyncio] Using selector: KqueueSelector
2026-09-19 16:36:03 DEBUG [eta.access] POST /api/students/import → 200 (4ms)
2026-09-19 16:36:03 DEBUG [asyncio] Using selector: KqueueSelector
2026-09-19 16:36:03 DEBUG [eta.access] POST /api/errors/scan → 200 (5ms)
2026-09-19 16:36:03 DEBUG [asyncio] Using selector: KqueueSelector
2026-09-19 16:36:03 DEBUG [eta.access] POST /api/errors/1/confirm → 200 (5ms)
2026-09-19 16:36:03 DEBUG [asyncio] Using selector: KqueueSelector
2026-09-19 16:36:03 DEBUG [eta.access] POST /api/errors/scan → 200 (6ms)
2026-09-19 16:36:03 DEBUG [asyncio] Using selector: KqueueSelector
2026-09-19 16:36:03 DEBUG [eta.access] POST /api/errors/2/confirm → 200 (5ms)
2026-09-19 16:36:03 DEBUG [asyncio] Using selector: KqueueSelector
2026-09-19 16:36:03 INFO [eta.export] 导出学生综合信息：2 名学生（class=九(1)班）
2026-09-19 16:36:03 DEBUG [eta.access] GET /api/students/export.csv → 200 (5ms)
2026-09-19 16:36:04 DEBUG [asyncio] Using selector: KqueueSelector
2026-09-19 16:36:04 DEBUG [eta.access] GET /api/errors/batches → 200 (2ms)
2026-09-19 16:36:04 DEBUG [asyncio] Using selector: KqueueSelector
2026-09-19 16:36:04 DEBUG [eta.access] GET /api/errors/batches → 200 (5ms)
2026-09-19 16:36:04 DEBUG [asyncio] Using selector: KqueueSelector
2026-09-19 16:36:04 DEBUG [eta.access] GET /api/decision-sheet → 200 (13ms)
2026-09-19 16:36:04 DEBUG [asyncio] Using selector: KqueueSelector
2026-09-19 16:36:04 DEBUG [eta.access] GET /api/decision-sheet → 200 (5ms)
2026-09-19 16:36:04 DEBUG [asyncio] Using selector: KqueueSelector
2026-09-19 16:36:04 DEBUG [eta.access] GET /api/dashboard → 200 (6ms)
2026-09-19 16:36:04 DEBUG [asyncio] Using selector: KqueueSelector
2026-09-19 16:36:04 DEBUG [eta.access] GET /api/dashboard → 200 (6ms)
2026-09-19 16:36:04 DEBUG [asyncio] Using selector: KqueueSelector
2026-09-19 16:36:04 DEBUG [eta.access] GET /api/trends/categories → 200 (2ms)
2026-09-19 16:36:04 DEBUG [asyncio] Using selector: KqueueSelector
2026-09-19 16:36:04 DEBUG [eta.access] POST /api/errors/confirm-bulk → 200 (3ms)
2026-09-19 16:36:04 DEBUG [asyncio] Using selector: KqueueSelector
2026-09-19 16:36:04 DEBUG [eta.access] GET /api/dashboard → 200 (6ms)
2026-09-19 16:36:04 DEBUG [asyncio] Using selector: KqueueSelector
2026-09-19 16:36:04 DEBUG [eta.access] GET /api/decision-sheet/export → 200 (4ms)
2026-09-19 16:36:04 DEBUG [asyncio] Using selector: KqueueSelector
2026-09-19 16:36:04 DEBUG [eta.access] POST /api/check/dictation → 200 (11ms)
2026-09-19 16:36:04 DEBUG [asyncio] Using selector: KqueueSelector
2026-09-19 16:36:04 DEBUG [eta.access] GET /api/errors → 200 (2ms)
2026-09-19 16:36:04 DEBUG [asyncio] Using selector: KqueueSelector
2026-09-19 16:36:04 DEBUG [eta.access] GET /api/check/sessions → 200 (3ms)
2026-09-19 16:36:04 DEBUG [asyncio] Using selector: KqueueSelector
2026-09-19 16:36:04 DEBUG [eta.access] GET /api/check/sessions/1 → 200 (2ms)
2026-09-19 16:36:04 DEBUG [asyncio] Using selector: KqueueSelector
2026-09-19 16:36:04 DEBUG [eta.access] POST /api/check/assignment → 200 (12ms)
2026-09-19 16:36:04 DEBUG [asyncio] Using selector: KqueueSelector
2026-09-19 16:36:04 DEBUG [eta.access] GET /api/errors → 200 (2ms)
2026-09-19 16:36:04 DEBUG [asyncio] Using selector: KqueueSelector
2026-09-19 16:36:04 DEBUG [eta.access] POST /api/check/assignment → 200 (10ms)
2026-09-19 16:36:04 DEBUG [asyncio] Using selector: KqueueSelector
2026-09-19 16:36:04 DEBUG [eta.access] GET /api/errors → 200 (3ms)
2026-09-19 16:36:04 DEBUG [asyncio] Using selector: KqueueSelector
2026-09-19 16:36:04 DEBUG [eta.access] POST /api/check/assignment → 200 (4ms)
2026-09-19 16:36:04 DEBUG [asyncio] Using selector: KqueueSelector
2026-09-19 16:36:04 DEBUG [eta.access] POST /api/check/assignment → 200 (9ms)
2026-09-19 16:36:04 DEBUG [asyncio] Using selector: KqueueSelector
2026-09-19 16:36:04 DEBUG [eta.access] POST /api/check/dictation → 400 (2ms)
2026-09-19 16:36:04 DEBUG [asyncio] Using selector: KqueueSelector
2026-09-19 16:36:04 DEBUG [eta.access] POST /api/check/assignment → 400 (2ms)
2026-09-19 16:36:04 DEBUG [asyncio] Using selector: KqueueSelector
2026-09-19 16:36:04 DEBUG [eta.access] GET /api/check/sessions/999999 → 404 (2ms)
2026-09-19 16:36:04 DEBUG [asyncio] Using selector: KqueueSelector
2026-09-19 16:36:04 DEBUG [eta.access] POST /api/check/dictation → 200 (5ms)
2026-09-19 16:36:04 DEBUG [asyncio] Using selector: KqueueSelector
2026-09-19 16:36:04 DEBUG [eta.access] PATCH /api/check/sessions/1 → 200 (4ms)
2026-09-19 16:36:04 DEBUG [asyncio] Using selector: KqueueSelector
2026-09-19 16:36:04 DEBUG [eta.access] GET /api/check/sessions → 200 (2ms)
2026-09-19 16:36:04 DEBUG [asyncio] Using selector: KqueueSelector
2026-09-19 16:36:04 DEBUG [eta.access] POST /api/students/import → 200 (5ms)
2026-09-19 16:36:04 DEBUG [asyncio] Using selector: KqueueSelector
2026-09-19 16:36:04 DEBUG [eta.access] POST /api/check/dictation → 200 (7ms)
2026-09-19 16:36:04 DEBUG [asyncio] Using selector: KqueueSelector
2026-09-19 16:36:04 DEBUG [eta.access] GET /api/check/sessions/1/export → 200 (3ms)
2026-09-19 16:36:04 DEBUG [asyncio] Using selector: KqueueSelector
2026-09-19 16:36:04 DEBUG [eta.access] GET /api/check/sessions/999999/export → 404 (3ms)
2026-09-19 16:36:04 DEBUG [asyncio] Using selector: KqueueSelector
2026-09-19 16:36:04 DEBUG [eta.access] POST /api/students → 200 (4ms)
2026-09-19 16:36:04 DEBUG [asyncio] Using selector: KqueueSelector
2026-09-19 16:36:04 DEBUG [eta.access] POST /api/students → 200 (5ms)
2026-09-19 16:36:04 DEBUG [asyncio] Using selector: KqueueSelector
2026-09-19 16:36:04 DEBUG [eta.access] POST /api/students → 200 (4ms)
2026-09-19 16:36:04 DEBUG [asyncio] Using selector: KqueueSelector
2026-09-19 16:36:04 DEBUG [eta.access] POST /api/students → 200 (4ms)
2026-09-19 16:36:04 DEBUG [asyncio] Using selector: KqueueSelector
2026-09-19 16:36:04 DEBUG [eta.access] POST /api/students → 200 (4ms)
2026-09-19 16:36:04 DEBUG [asyncio] Using selector: KqueueSelector
2026-09-19 16:36:04 DEBUG [eta.access] POST /api/students → 200 (5ms)
2026-09-19 16:36:04 DEBUG [asyncio] Using selector: KqueueSelector
2026-09-19 16:36:04 DEBUG [eta.access] POST /api/students/S01/cleanup → 200 (4ms)
2026-09-19 16:36:04 DEBUG [asyncio] Using selector: KqueueSelector
2026-09-19 16:36:04 DEBUG [eta.access] GET /api/students/S01/profile → 200 (3ms)
2026-09-19 16:36:04 DEBUG [asyncio] Using selector: KqueueSelector
2026-09-19 16:36:04 DEBUG [eta.access] POST /api/students/S01/cleanup → 200 (5ms)
2026-09-19 16:36:04 DEBUG [asyncio] Using selector: KqueueSelector
2026-09-19 16:36:04 DEBUG [eta.access] GET /api/students/S01/profile → 200 (2ms)
2026-09-19 16:36:04 DEBUG [asyncio] Using selector: KqueueSelector
2026-09-19 16:36:04 DEBUG [eta.access] POST /api/students → 200 (4ms)
2026-09-19 16:36:04 DEBUG [asyncio] Using selector: KqueueSelector
2026-09-19 16:36:04 DEBUG [eta.access] POST /api/students → 200 (8ms)
2026-09-19 16:36:04 DEBUG [asyncio] Using selector: KqueueSelector
2026-09-19 16:36:04 DEBUG [eta.access] POST /api/students/S01/cleanup → 200 (2ms)
2026-09-19 16:36:04 DEBUG [asyncio] Using selector: KqueueSelector
2026-09-19 16:36:04 DEBUG [eta.access] POST /api/students → 200 (5ms)
2026-09-19 16:36:05 DEBUG [asyncio] Using selector: KqueueSelector
2026-09-19 16:36:05 DEBUG [eta.access] POST /api/students → 200 (5ms)
2026-09-19 16:36:05 DEBUG [asyncio] Using selector: KqueueSelector
2026-09-19 16:36:05 DEBUG [eta.access] POST /api/students/S01/cleanup → 200 (3ms)
2026-09-19 16:36:05 DEBUG [asyncio] Using selector: KqueueSelector
2026-09-19 16:36:05 DEBUG [eta.access] POST /api/students → 200 (4ms)
2026-09-19 16:36:05 DEBUG [asyncio] Using selector: KqueueSelector
2026-09-19 16:36:05 DEBUG [eta.access] POST /api/students → 200 (5ms)
2026-09-19 16:36:05 DEBUG [asyncio] Using selector: KqueueSelector
2026-09-19 16:36:05 DEBUG [eta.access] POST /api/students/S01/cleanup → 200 (4ms)
2026-09-19 16:36:05 DEBUG [asyncio] Using selector: KqueueSelector
2026-09-19 16:36:05 DEBUG [eta.access] POST /api/students → 200 (4ms)
2026-09-19 16:36:05 DEBUG [asyncio] Using selector: KqueueSelector
2026-09-19 16:36:05 DEBUG [eta.access] POST /api/students/P01/cleanup → 400 (4ms)
2026-09-19 16:36:05 DEBUG [asyncio] Using selector: KqueueSelector
2026-09-19 16:36:05 DEBUG [eta.access] POST /api/students/P01/cleanup → 400 (2ms)
2026-09-19 16:36:05 DEBUG [asyncio] Using selector: KqueueSelector
2026-09-19 16:36:05 DEBUG [eta.access] POST /api/students/NOPE/cleanup → 404 (3ms)
2026-09-19 16:36:05 DEBUG [asyncio] Using selector: KqueueSelector
2026-09-19 16:36:05 DEBUG [eta.access] POST /api/students → 200 (4ms)
2026-09-19 16:36:05 DEBUG [asyncio] Using selector: KqueueSelector
2026-09-19 16:36:05 DEBUG [eta.access] POST /api/students/V01/cleanup → 400 (2ms)
2026-09-19 16:36:05 WARNING [eta.ocr] dual 文档流 mineru 通道失败（降级继续）：MinerU 链路抖动
2026-09-19 16:36:05 WARNING [eta.ocr] dual 文档流 mineru 通道失败（降级继续）：down
2026-09-19 16:36:05 WARNING [eta.ocr] dual 文档流 paddleocr 通道失败（降级继续）：down
2026-09-19 16:36:05 DEBUG [asyncio] Using selector: KqueueSelector
2026-09-19 16:36:05 ERROR [eta.logs] 浏览器 [ERROR] 页面=#/scan 页面脚本错误
at boot
2026-09-19 16:36:05 DEBUG [eta.access] POST /api/logs/client → 200 (3ms)
2026-09-19 16:36:05 INFO [eta.ocr] MinerU batch=b1 创建，上传图片 (5 bytes)
2026-09-19 16:36:07 WARNING [eta.trace] 运行留痕写入失败：[Errno 20] Not a directory: '/private/var/folders/sh/v4ws268d63928m_6n_jzds6m0000gn/T/pytest-of-zbloom/pytest-15/test_record_never_raises_on_io0/blocker/sub'
2026-09-19 16:36:07 DEBUG [asyncio] Using selector: KqueueSelector
2026-09-19 16:36:07 DEBUG [eta.access] POST /api/check/organize-upload → 200 (2ms)
2026-09-19 16:36:07 DEBUG [asyncio] Using selector: KqueueSelector
2026-09-19 16:36:07 DEBUG [eta.access] POST /api/check/organize-upload → 200 (2ms)
2026-09-19 16:36:07 DEBUG [asyncio] Using selector: KqueueSelector
2026-09-19 16:36:07 DEBUG [eta.access] POST /api/check/organize-upload → 400 (2ms)
2026-09-19 16:36:07 DEBUG [asyncio] Using selector: KqueueSelector
2026-09-19 16:36:07 DEBUG [eta.access] POST /api/students/import → 200 (3ms)
2026-09-19 16:36:07 DEBUG [asyncio] Using selector: KqueueSelector
2026-09-19 16:36:07 DEBUG [eta.access] POST /api/check/photo-parse → 200 (4ms)
2026-09-19 16:36:07 DEBUG [asyncio] Using selector: KqueueSelector
2026-09-19 16:36:07 DEBUG [eta.access] POST /api/check/photo-parse → 200 (3ms)
2026-09-19 16:36:07 DEBUG [asyncio] Using selector: KqueueSelector
2026-09-19 16:36:07 DEBUG [eta.access] POST /api/check/photo-parse → 200 (4ms)
2026-09-19 16:36:07 DEBUG [asyncio] Using selector: KqueueSelector
2026-09-19 16:36:07 WARNING [eta.services.photo_check] 批改读图失败（张三/bad.jpg）：识别失败
2026-09-19 16:36:07 DEBUG [eta.access] POST /api/check/photo-parse → 200 (4ms)
2026-09-19 16:36:07 DEBUG [asyncio] Using selector: KqueueSelector
2026-09-19 16:36:07 DEBUG [eta.access] POST /api/check/photo-parse → 422 (2ms)
2026-09-19 16:36:07 DEBUG [asyncio] Using selector: KqueueSelector
2026-09-19 16:36:07 DEBUG [eta.access] POST /api/students/import → 200 (4ms)
2026-09-19 16:36:07 DEBUG [asyncio] Using selector: KqueueSelector
2026-09-19 16:36:07 DEBUG [eta.access] POST /api/check/assignment → 200 (11ms)
2026-09-19 16:36:07 DEBUG [asyncio] Using selector: KqueueSelector
2026-09-19 16:36:07 DEBUG [eta.access] GET /api/errors → 200 (2ms)
2026-09-19 16:36:07 DEBUG [asyncio] Using selector: KqueueSelector
2026-09-19 16:36:07 DEBUG [eta.access] GET /api/check/sessions/1/files → 200 (2ms)
2026-09-19 16:36:07 DEBUG [asyncio] Using selector: KqueueSelector
2026-09-19 16:36:07 DEBUG [eta.access] GET /api/check/sessions → 200 (2ms)
2026-09-19 16:36:07 DEBUG [asyncio] Using selector: KqueueSelector
2026-09-19 16:36:07 DEBUG [eta.access] POST /api/check/assignment → 200 (10ms)
2026-09-19 16:36:07 DEBUG [asyncio] Using selector: KqueueSelector
2026-09-19 16:36:07 DEBUG [eta.access] GET /api/check/sessions/1 → 200 (4ms)
2026-09-19 16:36:07 DEBUG [asyncio] Using selector: KqueueSelector
2026-09-19 16:36:07 DEBUG [eta.access] POST /api/students/import → 200 (4ms)
2026-09-19 16:36:07 DEBUG [asyncio] Using selector: KqueueSelector
2026-09-19 16:36:07 DEBUG [eta.access] POST /api/check/assignment → 200 (10ms)
2026-09-19 16:36:07 DEBUG [asyncio] Using selector: KqueueSelector
2026-09-19 16:36:07 DEBUG [eta.access] POST /api/students/import → 200 (4ms)
2026-09-19 16:36:07 DEBUG [asyncio] Using selector: KqueueSelector
2026-09-19 16:36:07 DEBUG [eta.access] POST /api/check/assignment → 200 (8ms)
2026-09-19 16:36:07 DEBUG [asyncio] Using selector: KqueueSelector
2026-09-19 16:36:07 DEBUG [eta.access] GET /api/check/sessions → 200 (4ms)
2026-09-19 16:36:07 DEBUG [asyncio] Using selector: KqueueSelector
2026-09-19 16:36:07 DEBUG [eta.access] GET /api/check/sessions → 200 (2ms)
2026-09-19 16:36:07 DEBUG [asyncio] Using selector: KqueueSelector
2026-09-19 16:36:07 DEBUG [eta.access] POST /api/students/import → 200 (4ms)
2026-09-19 16:36:07 DEBUG [asyncio] Using selector: KqueueSelector
2026-09-19 16:36:07 DEBUG [eta.access] POST /api/check/assignment → 200 (8ms)
2026-09-19 16:36:07 DEBUG [asyncio] Using selector: KqueueSelector
2026-09-19 16:36:07 DEBUG [eta.access] GET /api/check/sessions/1/files → 200 (2ms)
2026-09-19 16:36:07 DEBUG [asyncio] Using selector: KqueueSelector
2026-09-19 16:36:07 DEBUG [eta.access] DELETE /api/check/sessions/1 → 200 (3ms)
2026-09-19 16:36:07 DEBUG [asyncio] Using selector: KqueueSelector
2026-09-19 16:36:07 DEBUG [eta.access] GET /api/check/sessions/1 → 404 (2ms)
2026-09-19 16:36:07 DEBUG [asyncio] Using selector: KqueueSelector
2026-09-19 16:36:07 DEBUG [eta.access] GET /api/check/sessions/1/files → 404 (2ms)
2026-09-19 16:36:07 DEBUG [asyncio] Using selector: KqueueSelector
2026-09-19 16:36:07 DEBUG [eta.access] GET /api/errors → 200 (2ms)
2026-09-19 16:36:07 DEBUG [asyncio] Using selector: KqueueSelector
2026-09-19 16:36:07 DEBUG [eta.access] POST /api/students/import → 200 (3ms)
2026-09-19 16:36:07 DEBUG [asyncio] Using selector: KqueueSelector
2026-09-19 16:36:07 DEBUG [eta.access] POST /api/check/assignment → 200 (8ms)
2026-09-19 16:36:07 DEBUG [asyncio] Using selector: KqueueSelector
2026-09-19 16:36:07 DEBUG [eta.access] DELETE /api/check/sessions/2 → 200 (4ms)
2026-09-19 16:36:07 DEBUG [asyncio] Using selector: KqueueSelector
2026-09-19 16:36:07 DEBUG [eta.access] GET /api/errors → 200 (2ms)
2026-09-19 16:36:07 DEBUG [asyncio] Using selector: KqueueSelector
2026-09-19 16:36:07 DEBUG [eta.access] DELETE /api/check/sessions/999999 → 404 (2ms)
2026-09-19 16:36:07 DEBUG [asyncio] Using selector: KqueueSelector
2026-09-19 16:36:07 DEBUG [eta.access] POST /api/students/import → 200 (5ms)
2026-09-19 16:36:07 DEBUG [asyncio] Using selector: KqueueSelector
2026-09-19 16:36:07 DEBUG [eta.access] POST /api/check/photo-parse → 200 (3ms)
2026-09-19 16:36:07 DEBUG [asyncio] Using selector: KqueueSelector
2026-09-19 16:36:07 DEBUG [eta.access] POST /api/check/photo-parse → 200 (2ms)
2026-09-19 16:36:07 DEBUG [asyncio] Using selector: KqueueSelector
2026-09-19 16:36:07 DEBUG [eta.access] POST /api/check/md-reparse → 200 (3ms)
2026-09-19 16:36:07 DEBUG [asyncio] Using selector: KqueueSelector
2026-09-19 16:36:07 DEBUG [eta.access] POST /api/check/md-reparse → 400 (1ms)
2026-09-19 16:36:07 DEBUG [asyncio] Using selector: KqueueSelector
2026-09-19 16:36:07 DEBUG [eta.access] POST /api/students/import → 200 (5ms)
2026-09-19 16:36:07 DEBUG [asyncio] Using selector: KqueueSelector
2026-09-19 16:36:07 DEBUG [eta.access] POST /api/check/assignment → 200 (4ms)
2026-09-19 16:36:07 DEBUG [asyncio] Using selector: KqueueSelector
2026-09-19 16:36:07 DEBUG [eta.access] POST /api/students/import → 200 (4ms)
2026-09-19 16:36:07 DEBUG [asyncio] Using selector: KqueueSelector
2026-09-19 16:36:07 DEBUG [eta.access] POST /api/check/assignment → 200 (5ms)
2026-09-19 16:36:07 DEBUG [asyncio] Using selector: KqueueSelector
2026-09-19 16:36:07 DEBUG [eta.access] GET /api/check/sessions → 200 (2ms)
2026-09-19 16:36:07 DEBUG [asyncio] Using selector: KqueueSelector
2026-09-19 16:36:07 DEBUG [eta.access] GET /api/check/sessions → 200 (2ms)
2026-09-19 16:36:07 DEBUG [asyncio] Using selector: KqueueSelector
2026-09-19 16:36:07 DEBUG [eta.access] GET /api/check/sessions → 200 (2ms)
2026-09-19 16:36:18 INFO [eta] 日志已就绪：目录 runtime/logs（按天轮转，保留 14 天，终端级别 INFO / 文件级别 DEBUG）
2026-09-19 16:36:18 INFO [eta.providers.agent_chat] 智能体会话调用完成 | 返回 2 字，耗时 0ms
2026-09-19 16:36:18 INFO [eta.providers.agent_chat] 智能体会话调用完成 | 返回 2 字，耗时 0ms
2026-09-19 16:36:18 WARNING [eta.providers.agent_chat] 智能体会话请求失败，2s 后重试一次：connection reset
2026-09-19 16:36:20 WARNING [eta.services.photo_check] 多图联合解析失败，该批降级逐张解析：多图联合失败
2026-09-19 16:36:20 WARNING [eta.services.photo_check] Markdown 结构化失败：DeepSeek 超时
2026-09-19 16:36:20 WARNING [eta.services.photo_check] 智能体会话解析失败，降级 OCR 转录解析：invalid_api_key
2026-09-19 16:36:20 WARNING [eta.services.photo_check] 多图联合解析失败，该批降级逐张解析：多图联合失败（测试桩）
2026-09-19 16:36:21 DEBUG [asyncio] Using selector: KqueueSelector
2026-09-19 16:36:21 DEBUG [eta.access] GET /api/health → 200 (30ms)
2026-09-19 16:36:21 DEBUG [asyncio] Using selector: KqueueSelector
2026-09-19 16:36:21 DEBUG [eta.access] GET /api/ontology → 200 (2ms)
2026-09-19 16:36:21 DEBUG [asyncio] Using selector: KqueueSelector
2026-09-19 16:36:21 DEBUG [eta.access] POST /api/students/import → 200 (4ms)
2026-09-19 16:36:21 DEBUG [asyncio] Using selector: KqueueSelector
2026-09-19 16:36:21 DEBUG [eta.access] GET /api/students → 200 (2ms)
2026-09-19 16:36:21 DEBUG [asyncio] Using selector: KqueueSelector
2026-09-19 16:36:21 DEBUG [eta.access] POST /api/errors/scan → 200 (7ms)
2026-09-19 16:36:21 DEBUG [asyncio] Using selector: KqueueSelector
2026-09-19 16:36:21 DEBUG [eta.access] GET /api/errors → 200 (3ms)
2026-09-19 16:36:21 DEBUG [asyncio] Using selector: KqueueSelector
2026-09-19 16:36:21 DEBUG [eta.access] POST /api/errors/1/confirm → 200 (4ms)
2026-09-19 16:36:21 DEBUG [asyncio] Using selector: KqueueSelector
2026-09-19 16:36:21 DEBUG [eta.access] POST /api/errors/scan → 200 (6ms)
2026-09-19 16:36:21 DEBUG [asyncio] Using selector: KqueueSelector
2026-09-19 16:36:21 DEBUG [eta.access] POST /api/errors/2/confirm → 200 (4ms)
2026-09-19 16:36:21 DEBUG [asyncio] Using selector: KqueueSelector
2026-09-19 16:36:21 DEBUG [eta.access] POST /api/errors/scan → 200 (5ms)
2026-09-19 16:36:21 DEBUG [asyncio] Using selector: KqueueSelector
2026-09-19 16:36:21 DEBUG [eta.access] GET /api/errors → 200 (2ms)
2026-09-19 16:36:21 DEBUG [asyncio] Using selector: KqueueSelector
2026-09-19 16:36:21 DEBUG [eta.access] POST /api/errors/3/confirm → 200 (4ms)
2026-09-19 16:36:21 DEBUG [asyncio] Using selector: KqueueSelector
2026-09-19 16:36:21 DEBUG [eta.access] POST /api/errors/scan → 200 (5ms)
2026-09-19 16:36:21 DEBUG [asyncio] Using selector: KqueueSelector
2026-09-19 16:36:21 DEBUG [eta.access] GET /api/errors → 200 (2ms)
2026-09-19 16:36:21 DEBUG [asyncio] Using selector: KqueueSelector
2026-09-19 16:36:21 DEBUG [eta.access] POST /api/errors/4/confirm → 200 (4ms)
2026-09-19 16:36:21 DEBUG [asyncio] Using selector: KqueueSelector
2026-09-19 16:36:21 DEBUG [eta.access] POST /api/errors/scan → 200 (6ms)
2026-09-19 16:36:21 DEBUG [asyncio] Using selector: KqueueSelector
2026-09-19 16:36:21 DEBUG [eta.access] GET /api/errors → 200 (2ms)
2026-09-19 16:36:21 DEBUG [asyncio] Using selector: KqueueSelector
2026-09-19 16:36:21 DEBUG [eta.access] POST /api/errors/5/confirm → 200 (4ms)
2026-09-19 16:36:21 DEBUG [asyncio] Using selector: KqueueSelector
2026-09-19 16:36:21 DEBUG [eta.access] POST /api/errors/scan → 200 (6ms)
2026-09-19 16:36:21 DEBUG [asyncio] Using selector: KqueueSelector
2026-09-19 16:36:21 DEBUG [eta.access] GET /api/errors → 200 (2ms)
2026-09-19 16:36:21 DEBUG [asyncio] Using selector: KqueueSelector
2026-09-19 16:36:21 DEBUG [eta.access] POST /api/errors/6/confirm → 200 (5ms)
2026-09-19 16:36:21 DEBUG [asyncio] Using selector: KqueueSelector
2026-09-19 16:36:21 DEBUG [eta.access] POST /api/errors/scan → 200 (6ms)
2026-09-19 16:36:21 DEBUG [asyncio] Using selector: KqueueSelector
2026-09-19 16:36:21 DEBUG [eta.access] GET /api/errors → 200 (2ms)
2026-09-19 16:36:21 DEBUG [asyncio] Using selector: KqueueSelector
2026-09-19 16:36:21 DEBUG [eta.access] POST /api/errors/7/confirm → 200 (4ms)
2026-09-19 16:36:21 DEBUG [asyncio] Using selector: KqueueSelector
2026-09-19 16:36:21 DEBUG [eta.access] POST /api/errors/scan → 200 (6ms)
2026-09-19 16:36:21 DEBUG [asyncio] Using selector: KqueueSelector
2026-09-19 16:36:21 DEBUG [eta.access] GET /api/errors → 200 (3ms)
2026-09-19 16:36:21 DEBUG [asyncio] Using selector: KqueueSelector
2026-09-19 16:36:21 DEBUG [eta.access] POST /api/errors/8/confirm → 200 (4ms)
2026-09-19 16:36:21 DEBUG [asyncio] Using selector: KqueueSelector
2026-09-19 16:36:21 DEBUG [eta.access] POST /api/errors/scan → 200 (6ms)
2026-09-19 16:36:21 DEBUG [asyncio] Using selector: KqueueSelector
2026-09-19 16:36:21 DEBUG [eta.access] GET /api/errors → 200 (2ms)
2026-09-19 16:36:21 DEBUG [asyncio] Using selector: KqueueSelector
2026-09-19 16:36:21 DEBUG [eta.access] POST /api/errors/9/confirm → 200 (3ms)
2026-09-19 16:36:21 DEBUG [asyncio] Using selector: KqueueSelector
2026-09-19 16:36:21 DEBUG [eta.access] POST /api/errors/scan → 200 (6ms)
2026-09-19 16:36:21 DEBUG [asyncio] Using selector: KqueueSelector
2026-09-19 16:36:21 DEBUG [eta.access] GET /api/errors → 200 (2ms)
2026-09-19 16:36:21 DEBUG [asyncio] Using selector: KqueueSelector
2026-09-19 16:36:21 DEBUG [eta.access] POST /api/errors/10/confirm → 200 (4ms)
2026-09-19 16:36:21 DEBUG [asyncio] Using selector: KqueueSelector
2026-09-19 16:36:21 DEBUG [eta.access] POST /api/errors/scan → 200 (5ms)
2026-09-19 16:36:21 DEBUG [asyncio] Using selector: KqueueSelector
2026-09-19 16:36:21 DEBUG [eta.access] GET /api/errors → 200 (2ms)
2026-09-19 16:36:21 DEBUG [asyncio] Using selector: KqueueSelector
2026-09-19 16:36:21 DEBUG [eta.access] POST /api/errors/11/confirm → 200 (4ms)
2026-09-19 16:36:21 DEBUG [asyncio] Using selector: KqueueSelector
2026-09-19 16:36:21 DEBUG [eta.access] POST /api/errors/scan → 200 (6ms)
2026-09-19 16:36:21 DEBUG [asyncio] Using selector: KqueueSelector
2026-09-19 16:36:21 DEBUG [eta.access] GET /api/errors → 200 (2ms)
2026-09-19 16:36:21 DEBUG [asyncio] Using selector: KqueueSelector
2026-09-19 16:36:21 DEBUG [eta.access] POST /api/errors/12/confirm → 200 (5ms)
2026-09-19 16:36:21 DEBUG [asyncio] Using selector: KqueueSelector
2026-09-19 16:36:21 DEBUG [eta.access] POST /api/errors/scan → 200 (6ms)
2026-09-19 16:36:21 DEBUG [asyncio] Using selector: KqueueSelector
2026-09-19 16:36:21 DEBUG [eta.access] GET /api/errors → 200 (2ms)
2026-09-19 16:36:21 DEBUG [asyncio] Using selector: KqueueSelector
2026-09-19 16:36:21 DEBUG [eta.access] POST /api/errors/13/confirm → 200 (4ms)
2026-09-19 16:36:21 DEBUG [asyncio] Using selector: KqueueSelector
2026-09-19 16:36:21 DEBUG [eta.access] POST /api/errors/scan → 200 (5ms)
2026-09-19 16:36:21 DEBUG [asyncio] Using selector: KqueueSelector
2026-09-19 16:36:21 DEBUG [eta.access] GET /api/errors → 200 (2ms)
2026-09-19 16:36:21 DEBUG [asyncio] Using selector: KqueueSelector
2026-09-19 16:36:21 DEBUG [eta.access] POST /api/errors/14/confirm → 200 (4ms)
2026-09-19 16:36:21 DEBUG [asyncio] Using selector: KqueueSelector
2026-09-19 16:36:21 DEBUG [eta.access] POST /api/practice/generate → 200 (3ms)
2026-09-19 16:36:21 DEBUG [asyncio] Using selector: KqueueSelector
2026-09-19 16:36:21 DEBUG [eta.access] POST /api/practice/1/approve → 200 (4ms)
2026-09-19 16:36:21 DEBUG [asyncio] Using selector: KqueueSelector
2026-09-19 16:36:21 DEBUG [eta.access] GET /api/decision-sheet → 200 (6ms)
2026-09-19 16:36:21 DEBUG [asyncio] Using selector: KqueueSelector
2026-09-19 16:36:21 DEBUG [eta.access] GET /api/trends/categories → 200 (3ms)
2026-09-19 16:36:21 DEBUG [asyncio] Using selector: KqueueSelector
2026-09-19 16:36:21 DEBUG [eta.access] GET /api/export/errors.csv → 200 (3ms)
2026-09-19 16:36:21 DEBUG [asyncio] Using selector: KqueueSelector
2026-09-19 16:36:21 DEBUG [eta.access] POST /api/errors/scan → 200 (4ms)
2026-09-19 16:36:21 DEBUG [asyncio] Using selector: KqueueSelector
2026-09-19 16:36:21 DEBUG [eta.access] POST /api/errors/scan → 400 (2ms)
2026-09-19 16:36:21 DEBUG [asyncio] Using selector: KqueueSelector
2026-09-19 16:36:21 DEBUG [eta.access] POST /api/errors/scan → 200 (4ms)
2026-09-19 16:36:21 DEBUG [asyncio] Using selector: KqueueSelector
2026-09-19 16:36:21 DEBUG [eta.access] POST /api/errors/1/confirm → 400 (2ms)
2026-09-19 16:36:21 DEBUG [asyncio] Using selector: KqueueSelector
2026-09-19 16:36:21 DEBUG [eta.access] POST /api/students/import → 200 (4ms)
2026-09-19 16:36:21 DEBUG [asyncio] Using selector: KqueueSelector
2026-09-19 16:36:21 DEBUG [eta.access] POST /api/errors/scan-batch → 200 (16ms)
2026-09-19 16:36:21 DEBUG [asyncio] Using selector: KqueueSelector
2026-09-19 16:36:21 DEBUG [eta.access] GET /api/errors → 200 (2ms)
2026-09-19 16:36:21 DEBUG [asyncio] Using selector: KqueueSelector
2026-09-19 16:36:21 DEBUG [eta.access] POST /api/students/import → 200 (5ms)
2026-09-19 16:36:21 DEBUG [asyncio] Using selector: KqueueSelector
2026-09-19 16:36:21 DEBUG [eta.access] POST /api/errors/scan-batch → 200 (9ms)
2026-09-19 16:36:21 DEBUG [asyncio] Using selector: KqueueSelector
2026-09-19 16:36:21 DEBUG [eta.access] POST /api/students/import → 200 (4ms)
2026-09-19 16:36:21 DEBUG [asyncio] Using selector: KqueueSelector
2026-09-19 16:36:21 DEBUG [eta.access] POST /api/errors/scan-batch → 200 (6ms)
2026-09-19 16:36:21 DEBUG [asyncio] Using selector: KqueueSelector
2026-09-19 16:36:21 DEBUG [eta.access] POST /api/students/import → 200 (4ms)
2026-09-19 16:36:21 DEBUG [asyncio] Using selector: KqueueSelector
2026-09-19 16:36:21 DEBUG [eta.access] POST /api/errors/scan-photos → 200 (2ms)
2026-09-19 16:36:21 DEBUG [asyncio] Using selector: KqueueSelector
2026-09-19 16:36:21 DEBUG [eta.access] GET /api/errors → 200 (2ms)
2026-09-19 16:36:21 DEBUG [asyncio] Using selector: KqueueSelector
2026-09-19 16:36:21 DEBUG [eta.access] POST /api/errors/scan-photos-submit → 200 (12ms)
2026-09-19 16:36:21 DEBUG [asyncio] Using selector: KqueueSelector
2026-09-19 16:36:21 DEBUG [eta.access] GET /api/errors → 200 (3ms)
2026-09-19 16:36:21 DEBUG [asyncio] Using selector: KqueueSelector
2026-09-19 16:36:21 DEBUG [eta.access] POST /api/errors/scan-photos → 400 (2ms)
2026-09-19 16:36:21 DEBUG [asyncio] Using selector: KqueueSelector
2026-09-19 16:36:21 DEBUG [eta.access] POST /api/errors/scan-photos → 400 (1ms)
2026-09-19 16:36:21 DEBUG [asyncio] Using selector: KqueueSelector
2026-09-19 16:36:21 DEBUG [eta.access] POST /api/errors/scan-photos → 400 (1ms)
2026-09-19 16:36:21 DEBUG [asyncio] Using selector: KqueueSelector
2026-09-19 16:36:21 DEBUG [eta.access] POST /api/errors/scan → 200 (5ms)
2026-09-19 16:36:21 DEBUG [asyncio] Using selector: KqueueSelector
2026-09-19 16:36:21 DEBUG [eta.access] POST /api/errors/scan → 200 (4ms)
2026-09-19 16:36:21 DEBUG [asyncio] Using selector: KqueueSelector
2026-09-19 16:36:21 DEBUG [eta.access] GET /api/errors → 200 (2ms)
2026-09-19 16:36:21 DEBUG [asyncio] Using selector: KqueueSelector
2026-09-19 16:36:21 DEBUG [eta.access] POST /api/errors/confirm-bulk → 200 (3ms)
2026-09-19 16:36:21 DEBUG [asyncio] Using selector: KqueueSelector
2026-09-19 16:36:21 DEBUG [eta.access] GET /api/errors → 200 (2ms)
2026-09-19 16:36:21 DEBUG [asyncio] Using selector: KqueueSelector
2026-09-19 16:36:21 DEBUG [eta.access] POST /api/errors/confirm-bulk → 200 (4ms)
2026-09-19 16:36:21 DEBUG [asyncio] Using selector: KqueueSelector
2026-09-19 16:36:21 DEBUG [eta.access] GET /api/errors → 200 (2ms)
2026-09-19 16:36:21 DEBUG [asyncio] Using selector: KqueueSelector
2026-09-19 16:36:21 DEBUG [eta.access] POST /api/errors/confirm-bulk → 400 (3ms)
2026-09-19 16:36:21 DEBUG [asyncio] Using selector: KqueueSelector
2026-09-19 16:36:21 DEBUG [eta.access] POST /api/students → 200 (4ms)
2026-09-19 16:36:21 DEBUG [asyncio] Using selector: KqueueSelector
2026-09-19 16:36:21 DEBUG [eta.access] POST /api/students → 400 (2ms)
2026-09-19 16:36:21 DEBUG [asyncio] Using selector: KqueueSelector
2026-09-19 16:36:21 DEBUG [eta.access] POST /api/errors/scan → 200 (6ms)
2026-09-19 16:36:21 DEBUG [asyncio] Using selector: KqueueSelector
2026-09-19 16:36:21 DEBUG [eta.access] PUT /api/students/9101 → 200 (4ms)
2026-09-19 16:36:21 DEBUG [asyncio] Using selector: KqueueSelector
2026-09-19 16:36:21 DEBUG [eta.access] GET /api/errors → 200 (2ms)
2026-09-19 16:36:21 DEBUG [asyncio] Using selector: KqueueSelector
2026-09-19 16:36:21 DEBUG [eta.access] POST /api/students → 200 (4ms)
2026-09-19 16:36:21 DEBUG [asyncio] Using selector: KqueueSelector
2026-09-19 16:36:21 DEBUG [eta.access] PUT /api/students/9201 → 400 (3ms)
2026-09-19 16:36:22 DEBUG [asyncio] Using selector: KqueueSelector
2026-09-19 16:36:22 DEBUG [eta.access] DELETE /api/students/9201 → 200 (5ms)
2026-09-19 16:36:22 DEBUG [asyncio] Using selector: KqueueSelector
2026-09-19 16:36:22 DEBUG [eta.access] GET /api/errors → 200 (2ms)
2026-09-19 16:36:22 DEBUG [asyncio] Using selector: KqueueSelector
2026-09-19 16:36:22 DEBUG [eta.access] DELETE /api/students/9201 → 404 (2ms)
2026-09-19 16:36:22 DEBUG [asyncio] Using selector: KqueueSelector
2026-09-19 16:36:22 DEBUG [eta.access] POST /api/students → 200 (4ms)
2026-09-19 16:36:22 DEBUG [asyncio] Using selector: KqueueSelector
2026-09-19 16:36:22 DEBUG [eta.access] POST /api/errors/scan → 200 (5ms)
2026-09-19 16:36:22 DEBUG [asyncio] Using selector: KqueueSelector
2026-09-19 16:36:22 DEBUG [eta.access] DELETE /api/students/9102 → 200 (4ms)
2026-09-19 16:36:22 DEBUG [asyncio] Using selector: KqueueSelector
2026-09-19 16:36:22 DEBUG [eta.access] GET /api/errors → 200 (3ms)
2026-09-19 16:36:22 DEBUG [asyncio] Using selector: KqueueSelector
2026-09-19 16:36:22 DEBUG [eta.access] POST /api/classes → 200 (4ms)
2026-09-19 16:36:22 DEBUG [asyncio] Using selector: KqueueSelector
2026-09-19 16:36:22 DEBUG [eta.access] GET /api/classes → 200 (2ms)
2026-09-19 16:36:22 DEBUG [asyncio] Using selector: KqueueSelector
2026-09-19 16:36:22 DEBUG [eta.access] POST /api/classes → 400 (2ms)
2026-09-19 16:36:22 DEBUG [asyncio] Using selector: KqueueSelector
2026-09-19 16:36:22 DEBUG [eta.access] POST /api/classes → 400 (2ms)
2026-09-19 16:36:22 DEBUG [asyncio] Using selector: KqueueSelector
2026-09-19 16:36:22 DEBUG [eta.access] POST /api/students → 200 (3ms)
2026-09-19 16:36:22 DEBUG [asyncio] Using selector: KqueueSelector
2026-09-19 16:36:22 DEBUG [eta.access] POST /api/errors/scan → 200 (4ms)
2026-09-19 16:36:22 DEBUG [asyncio] Using selector: KqueueSelector
2026-09-19 16:36:22 DEBUG [eta.access] PUT /api/classes/九(1)班 → 200 (4ms)
2026-09-19 16:36:22 DEBUG [asyncio] Using selector: KqueueSelector
2026-09-19 16:36:22 DEBUG [eta.access] GET /api/classes → 200 (2ms)
2026-09-19 16:36:22 DEBUG [asyncio] Using selector: KqueueSelector
2026-09-19 16:36:22 DEBUG [eta.access] GET /api/students → 200 (1ms)
2026-09-19 16:36:22 DEBUG [asyncio] Using selector: KqueueSelector
2026-09-19 16:36:22 DEBUG [eta.access] GET /api/errors → 200 (3ms)
2026-09-19 16:36:22 DEBUG [asyncio] Using selector: KqueueSelector
2026-09-19 16:36:22 DEBUG [eta.access] DELETE /api/classes/九(2)班 → 200 (4ms)
2026-09-19 16:36:22 DEBUG [asyncio] Using selector: KqueueSelector
2026-09-19 16:36:22 DEBUG [eta.access] GET /api/students → 200 (1ms)
2026-09-19 16:36:22 DEBUG [asyncio] Using selector: KqueueSelector
2026-09-19 16:36:22 DEBUG [eta.access] GET /api/errors → 200 (2ms)
2026-09-19 16:36:22 DEBUG [asyncio] Using selector: KqueueSelector
2026-09-19 16:36:22 DEBUG [eta.access] POST /api/classes → 200 (4ms)
2026-09-19 16:36:22 DEBUG [asyncio] Using selector: KqueueSelector
2026-09-19 16:36:22 DEBUG [eta.access] POST /api/classes → 200 (3ms)
2026-09-19 16:36:22 DEBUG [asyncio] Using selector: KqueueSelector
2026-09-19 16:36:22 DEBUG [eta.access] POST /api/students → 200 (4ms)
2026-09-19 16:36:22 DEBUG [asyncio] Using selector: KqueueSelector
2026-09-19 16:36:22 DEBUG [eta.access] PUT /api/classes/九(3)班 → 400 (2ms)
2026-09-19 16:36:22 DEBUG [asyncio] Using selector: KqueueSelector
2026-09-19 16:36:22 DEBUG [eta.access] DELETE /api/classes/九(3)班 → 200 (3ms)
2026-09-19 16:36:22 DEBUG [asyncio] Using selector: KqueueSelector
2026-09-19 16:36:22 DEBUG [eta.access] DELETE /api/classes/九(1)班 → 200 (3ms)
2026-09-19 16:36:22 DEBUG [asyncio] Using selector: KqueueSelector
2026-09-19 16:36:22 DEBUG [eta.access] GET /api/classes → 200 (1ms)
2026-09-19 16:36:22 DEBUG [asyncio] Using selector: KqueueSelector
2026-09-19 16:36:22 DEBUG [eta.access] POST /api/classes → 200 (3ms)
2026-09-19 16:36:22 DEBUG [asyncio] Using selector: KqueueSelector
2026-09-19 16:36:22 DEBUG [eta.access] POST /api/students → 200 (4ms)
2026-09-19 16:36:22 DEBUG [asyncio] Using selector: KqueueSelector
2026-09-19 16:36:22 DEBUG [eta.access] POST /api/errors/scan → 200 (5ms)
2026-09-19 16:36:22 DEBUG [asyncio] Using selector: KqueueSelector
2026-09-19 16:36:22 DEBUG [eta.access] DELETE /api/classes/旧库班 → 200 (3ms)
2026-09-19 16:36:22 DEBUG [asyncio] Using selector: KqueueSelector
2026-09-19 16:36:22 DEBUG [eta.access] POST /api/errors/scan → 200 (5ms)
2026-09-19 16:36:22 DEBUG [asyncio] Using selector: KqueueSelector
2026-09-19 16:36:22 DEBUG [eta.access] POST /api/errors/1/confirm → 200 (4ms)
2026-09-19 16:36:22 DEBUG [asyncio] Using selector: KqueueSelector
2026-09-19 16:36:22 DEBUG [eta.access] POST /api/errors/scan → 200 (4ms)
2026-09-19 16:36:22 DEBUG [asyncio] Using selector: KqueueSelector
2026-09-19 16:36:22 DEBUG [eta.access] POST /api/errors/2/confirm → 200 (5ms)
2026-09-19 16:36:22 DEBUG [asyncio] Using selector: KqueueSelector
2026-09-19 16:36:22 DEBUG [eta.access] POST /api/errors/scan → 200 (4ms)
2026-09-19 16:36:22 DEBUG [asyncio] Using selector: KqueueSelector
2026-09-19 16:36:22 DEBUG [eta.access] POST /api/errors/3/confirm → 200 (4ms)
2026-09-19 16:36:22 DEBUG [asyncio] Using selector: KqueueSelector
2026-09-19 16:36:22 DEBUG [eta.access] POST /api/errors/scan → 200 (4ms)
2026-09-19 16:36:22 DEBUG [asyncio] Using selector: KqueueSelector
2026-09-19 16:36:22 DEBUG [eta.access] POST /api/errors/4/confirm → 200 (4ms)
2026-09-19 16:36:22 DEBUG [asyncio] Using selector: KqueueSelector
2026-09-19 16:36:22 DEBUG [eta.access] POST /api/decision-sheet/ai → 200 (7ms)
2026-09-19 16:36:22 DEBUG [asyncio] Using selector: KqueueSelector
2026-09-19 16:36:22 DEBUG [eta.access] POST /api/decision-sheet/ai → 400 (3ms)
2026-09-19 16:36:22 DEBUG [asyncio] Using selector: KqueueSelector
2026-09-19 16:36:22 DEBUG [eta.access] POST /api/practice/generate → 422 (1ms)
2026-09-19 16:36:22 DEBUG [asyncio] Using selector: KqueueSelector
2026-09-19 16:36:22 DEBUG [eta.access] POST /api/practice/generate → 422 (1ms)
2026-09-19 16:36:22 DEBUG [asyncio] Using selector: KqueueSelector
2026-09-19 16:36:22 DEBUG [eta.access] POST /api/practice/generate → 200 (4ms)
2026-09-19 16:36:22 DEBUG [asyncio] Using selector: KqueueSelector
2026-09-19 16:36:22 DEBUG [eta.access] POST /api/practice/generate → 200 (5ms)
2026-09-19 16:36:22 DEBUG [asyncio] Using selector: KqueueSelector
2026-09-19 16:36:22 DEBUG [eta.access] POST /api/practice/generate → 200 (4ms)
2026-09-19 16:36:22 DEBUG [asyncio] Using selector: KqueueSelector
2026-09-19 16:36:22 DEBUG [eta.access] POST /api/practice/generate → 400 (1ms)
2026-09-19 16:36:22 DEBUG [asyncio] Using selector: KqueueSelector
2026-09-19 16:36:22 DEBUG [eta.access] POST /api/practice/generate → 400 (2ms)
2026-09-19 16:36:22 DEBUG [asyncio] Using selector: KqueueSelector
2026-09-19 16:36:22 DEBUG [eta.access] POST /api/paper/generate → 400 (3ms)
2026-09-19 16:36:22 DEBUG [asyncio] Using selector: KqueueSelector
2026-09-19 16:36:22 DEBUG [eta.access] POST /api/errors/scan → 200 (4ms)
2026-09-19 16:36:22 DEBUG [asyncio] Using selector: KqueueSelector
2026-09-19 16:36:22 DEBUG [eta.access] POST /api/errors/1/confirm → 200 (4ms)
2026-09-19 16:36:22 DEBUG [asyncio] Using selector: KqueueSelector
2026-09-19 16:36:22 DEBUG [eta.access] POST /api/errors/scan → 200 (4ms)
2026-09-19 16:36:22 DEBUG [asyncio] Using selector: KqueueSelector
2026-09-19 16:36:22 DEBUG [eta.access] POST /api/errors/2/confirm → 200 (5ms)
2026-09-19 16:36:22 DEBUG [asyncio] Using selector: KqueueSelector
2026-09-19 16:36:22 DEBUG [eta.access] POST /api/paper/generate → 200 (4ms)
2026-09-19 16:36:22 DEBUG [asyncio] Using selector: KqueueSelector
2026-09-19 16:36:22 DEBUG [eta.access] POST /api/paper/generate → 200 (4ms)
2026-09-19 16:36:22 DEBUG [asyncio] Using selector: KqueueSelector
2026-09-19 16:36:22 DEBUG [eta.access] POST /api/paper/generate → 422 (2ms)
2026-09-19 16:36:22 DEBUG [asyncio] Using selector: KqueueSelector
2026-09-19 16:36:22 DEBUG [eta.access] POST /api/paper/generate → 422 (1ms)
2026-09-19 16:36:22 DEBUG [asyncio] Using selector: KqueueSelector
2026-09-19 16:36:22 DEBUG [eta.access] POST /api/paper/generate → 200 (4ms)
2026-09-19 16:36:22 DEBUG [asyncio] Using selector: KqueueSelector
2026-09-19 16:36:22 DEBUG [eta.access] GET /api/papers → 200 (2ms)
2026-09-19 16:36:22 DEBUG [asyncio] Using selector: KqueueSelector
2026-09-19 16:36:22 DEBUG [eta.access] POST /api/paper/1/approve → 200 (3ms)
2026-09-19 16:36:22 DEBUG [asyncio] Using selector: KqueueSelector
2026-09-19 16:36:22 DEBUG [eta.access] POST /api/paper/1/approve → 404 (1ms)
2026-09-19 16:36:22 DEBUG [asyncio] Using selector: KqueueSelector
2026-09-19 16:36:22 DEBUG [eta.access] GET /api/papers → 200 (2ms)
2026-09-19 16:36:22 DEBUG [asyncio] Using selector: KqueueSelector
2026-09-19 16:36:22 DEBUG [eta.access] POST /api/practice/generate → 200 (4ms)
2026-09-19 16:36:22 DEBUG [asyncio] Using selector: KqueueSelector
2026-09-19 16:36:22 DEBUG [eta.access] GET /api/practices/export → 400 (21ms)
2026-09-19 16:36:22 DEBUG [asyncio] Using selector: KqueueSelector
2026-09-19 16:36:22 DEBUG [eta.access] GET /api/practices/export → 200 (2ms)
2026-09-19 16:36:22 DEBUG [asyncio] Using selector: KqueueSelector
2026-09-19 16:36:22 DEBUG [eta.access] POST /api/practice/1/approve → 200 (3ms)
2026-09-19 16:36:22 DEBUG [asyncio] Using selector: KqueueSelector
2026-09-19 16:36:22 DEBUG [eta.access] GET /api/practices/export → 200 (2ms)
2026-09-19 16:36:22 DEBUG [asyncio] Using selector: KqueueSelector
2026-09-19 16:36:22 DEBUG [eta.access] GET /api/practices/export → 200 (146ms)
2026-09-19 16:36:22 DEBUG [asyncio] Using selector: KqueueSelector
2026-09-19 16:36:22 DEBUG [eta.access] POST /api/practice/generate → 200 (4ms)
2026-09-19 16:36:22 DEBUG [asyncio] Using selector: KqueueSelector
2026-09-19 16:36:22 DEBUG [eta.access] POST /api/practice/2/approve → 200 (3ms)
2026-09-19 16:36:22 DEBUG [asyncio] Using selector: KqueueSelector
2026-09-19 16:36:22 DEBUG [eta.access] GET /api/practices/export → 200 (2ms)
2026-09-19 16:36:22 DEBUG [asyncio] Using selector: KqueueSelector
2026-09-19 16:36:22 DEBUG [eta.access] GET /api/practices/export → 400 (2ms)
2026-09-19 16:36:23 DEBUG [asyncio] Using selector: KqueueSelector
2026-09-19 16:36:23 DEBUG [eta.access] POST /api/errors/scan → 200 (5ms)
2026-09-19 16:36:23 DEBUG [asyncio] Using selector: KqueueSelector
2026-09-19 16:36:23 DEBUG [eta.access] POST /api/errors/1/confirm → 200 (4ms)
2026-09-19 16:36:23 DEBUG [asyncio] Using selector: KqueueSelector
2026-09-19 16:36:23 DEBUG [eta.access] POST /api/errors/scan → 200 (4ms)
2026-09-19 16:36:23 DEBUG [asyncio] Using selector: KqueueSelector
2026-09-19 16:36:23 DEBUG [eta.access] POST /api/errors/2/confirm → 200 (5ms)
2026-09-19 16:36:23 DEBUG [asyncio] Using selector: KqueueSelector
2026-09-19 16:36:23 DEBUG [eta.access] POST /api/paper/generate → 200 (4ms)
2026-09-19 16:36:23 DEBUG [asyncio] Using selector: KqueueSelector
2026-09-19 16:36:23 DEBUG [eta.access] GET /api/papers/1/export → 400 (2ms)
2026-09-19 16:36:23 DEBUG [asyncio] Using selector: KqueueSelector
2026-09-19 16:36:23 DEBUG [eta.access] POST /api/paper/1/approve → 200 (3ms)
2026-09-19 16:36:23 DEBUG [asyncio] Using selector: KqueueSelector
2026-09-19 16:36:23 DEBUG [eta.access] GET /api/papers/1/export → 200 (2ms)
2026-09-19 16:36:23 DEBUG [asyncio] Using selector: KqueueSelector
2026-09-19 16:36:23 DEBUG [eta.access] GET /api/papers/1/export → 200 (38ms)
2026-09-19 16:36:23 DEBUG [asyncio] Using selector: KqueueSelector
2026-09-19 16:36:23 DEBUG [eta.access] GET /api/papers/999/export → 404 (3ms)
2026-09-19 16:36:23 DEBUG [asyncio] Using selector: KqueueSelector
2026-09-19 16:36:23 DEBUG [eta.access] POST /api/classes → 200 (15ms)
2026-09-19 16:36:23 DEBUG [asyncio] Using selector: KqueueSelector
2026-09-19 16:36:23 DEBUG [eta.access] POST /api/students → 200 (3ms)
2026-09-19 16:36:23 DEBUG [asyncio] Using selector: KqueueSelector
2026-09-19 16:36:23 DEBUG [eta.access] POST /api/errors/scan → 200 (6ms)
2026-09-19 16:36:23 DEBUG [asyncio] Using selector: KqueueSelector
2026-09-19 16:36:23 DEBUG [eta.access] POST /api/errors/1/confirm → 200 (5ms)
2026-09-19 16:36:23 DEBUG [asyncio] Using selector: KqueueSelector
2026-09-19 16:36:23 DEBUG [eta.access] POST /api/errors/scan → 200 (5ms)
2026-09-19 16:36:23 DEBUG [asyncio] Using selector: KqueueSelector
2026-09-19 16:36:23 DEBUG [eta.access] POST /api/errors/2/confirm → 200 (4ms)
2026-09-19 16:36:23 DEBUG [asyncio] Using selector: KqueueSelector
2026-09-19 16:36:23 DEBUG [eta.access] POST /api/errors/scan → 200 (8ms)
2026-09-19 16:36:23 DEBUG [asyncio] Using selector: KqueueSelector
2026-09-19 16:36:23 DEBUG [eta.access] POST /api/errors/3/confirm → 200 (4ms)
2026-09-19 16:36:23 DEBUG [asyncio] Using selector: KqueueSelector
2026-09-19 16:36:23 DEBUG [eta.access] POST /api/errors/scan → 200 (6ms)
2026-09-19 16:36:23 DEBUG [asyncio] Using selector: KqueueSelector
2026-09-19 16:36:23 DEBUG [eta.access] POST /api/errors/4/confirm → 200 (5ms)
2026-09-19 16:36:23 DEBUG [asyncio] Using selector: KqueueSelector
2026-09-19 16:36:23 DEBUG [eta.access] POST /api/errors/scan → 200 (6ms)
2026-09-19 16:36:23 DEBUG [asyncio] Using selector: KqueueSelector
2026-09-19 16:36:23 DEBUG [eta.access] POST /api/errors/5/confirm → 200 (4ms)
2026-09-19 16:36:23 DEBUG [asyncio] Using selector: KqueueSelector
2026-09-19 16:36:23 DEBUG [eta.access] GET /api/decision-sheet/export → 200 (6ms)
2026-09-19 16:36:23 DEBUG [asyncio] Using selector: KqueueSelector
2026-09-19 16:36:23 DEBUG [eta.access] GET /api/decision-sheet/export → 200 (48ms)
2026-09-19 16:36:23 DEBUG [asyncio] Using selector: KqueueSelector
2026-09-19 16:36:23 DEBUG [eta.access] POST /api/students/import → 200 (6ms)
2026-09-19 16:36:23 DEBUG [asyncio] Using selector: KqueueSelector
2026-09-19 16:36:23 DEBUG [eta.access] POST /api/errors/scan → 200 (5ms)
2026-09-19 16:36:23 DEBUG [asyncio] Using selector: KqueueSelector
2026-09-19 16:36:23 DEBUG [eta.access] POST /api/errors/1/confirm → 200 (5ms)
2026-09-19 16:36:23 DEBUG [asyncio] Using selector: KqueueSelector
2026-09-19 16:36:23 DEBUG [eta.access] POST /api/errors/scan → 200 (5ms)
2026-09-19 16:36:23 DEBUG [asyncio] Using selector: KqueueSelector
2026-09-19 16:36:23 DEBUG [eta.access] POST /api/errors/2/confirm → 200 (6ms)
2026-09-19 16:36:23 DEBUG [asyncio] Using selector: KqueueSelector
2026-09-19 16:36:23 INFO [eta.export] 导出学生综合信息：2 名学生（class=九(1)班）
2026-09-19 16:36:23 DEBUG [eta.access] GET /api/students/export.csv → 200 (4ms)
2026-09-19 16:36:23 DEBUG [asyncio] Using selector: KqueueSelector
2026-09-19 16:36:23 DEBUG [eta.access] GET /api/errors/batches → 200 (2ms)
2026-09-19 16:36:23 DEBUG [asyncio] Using selector: KqueueSelector
2026-09-19 16:36:23 DEBUG [eta.access] GET /api/errors/batches → 200 (4ms)
2026-09-19 16:36:23 DEBUG [asyncio] Using selector: KqueueSelector
2026-09-19 16:36:23 DEBUG [eta.access] GET /api/decision-sheet → 200 (14ms)
2026-09-19 16:36:23 DEBUG [asyncio] Using selector: KqueueSelector
2026-09-19 16:36:23 DEBUG [eta.access] GET /api/decision-sheet → 200 (5ms)
2026-09-19 16:36:23 DEBUG [asyncio] Using selector: KqueueSelector
2026-09-19 16:36:23 DEBUG [eta.access] GET /api/dashboard → 200 (6ms)
2026-09-19 16:36:23 DEBUG [asyncio] Using selector: KqueueSelector
2026-09-19 16:36:23 DEBUG [eta.access] GET /api/dashboard → 200 (7ms)
2026-09-19 16:36:23 DEBUG [asyncio] Using selector: KqueueSelector
2026-09-19 16:36:23 DEBUG [eta.access] GET /api/trends/categories → 200 (3ms)
2026-09-19 16:36:23 DEBUG [asyncio] Using selector: KqueueSelector
2026-09-19 16:36:23 DEBUG [eta.access] POST /api/errors/confirm-bulk → 200 (3ms)
2026-09-19 16:36:23 DEBUG [asyncio] Using selector: KqueueSelector
2026-09-19 16:36:23 DEBUG [eta.access] GET /api/dashboard → 200 (6ms)
2026-09-19 16:36:23 DEBUG [asyncio] Using selector: KqueueSelector
2026-09-19 16:36:23 DEBUG [eta.access] GET /api/decision-sheet/export → 200 (4ms)
2026-09-19 16:36:24 DEBUG [asyncio] Using selector: KqueueSelector
2026-09-19 16:36:24 DEBUG [eta.access] POST /api/check/dictation → 200 (11ms)
2026-09-19 16:36:24 DEBUG [asyncio] Using selector: KqueueSelector
2026-09-19 16:36:24 DEBUG [eta.access] GET /api/errors → 200 (2ms)
2026-09-19 16:36:24 DEBUG [asyncio] Using selector: KqueueSelector
2026-09-19 16:36:24 DEBUG [eta.access] GET /api/check/sessions → 200 (3ms)
2026-09-19 16:36:24 DEBUG [asyncio] Using selector: KqueueSelector
2026-09-19 16:36:24 DEBUG [eta.access] GET /api/check/sessions/1 → 200 (2ms)
2026-09-19 16:36:24 DEBUG [asyncio] Using selector: KqueueSelector
2026-09-19 16:36:24 DEBUG [eta.access] POST /api/check/assignment → 200 (14ms)
2026-09-19 16:36:24 DEBUG [asyncio] Using selector: KqueueSelector
2026-09-19 16:36:24 DEBUG [eta.access] GET /api/errors → 200 (2ms)
2026-09-19 16:36:24 DEBUG [asyncio] Using selector: KqueueSelector
2026-09-19 16:36:24 DEBUG [eta.access] POST /api/check/assignment → 200 (10ms)
2026-09-19 16:36:24 DEBUG [asyncio] Using selector: KqueueSelector
2026-09-19 16:36:24 DEBUG [eta.access] GET /api/errors → 200 (4ms)
2026-09-19 16:36:24 DEBUG [asyncio] Using selector: KqueueSelector
2026-09-19 16:36:24 DEBUG [eta.access] POST /api/check/assignment → 200 (4ms)
2026-09-19 16:36:24 DEBUG [asyncio] Using selector: KqueueSelector
2026-09-19 16:36:24 DEBUG [eta.access] POST /api/check/assignment → 200 (8ms)
2026-09-19 16:36:24 DEBUG [asyncio] Using selector: KqueueSelector
2026-09-19 16:36:24 DEBUG [eta.access] POST /api/check/dictation → 400 (2ms)
2026-09-19 16:36:24 DEBUG [asyncio] Using selector: KqueueSelector
2026-09-19 16:36:24 DEBUG [eta.access] POST /api/check/assignment → 400 (3ms)
2026-09-19 16:36:24 DEBUG [asyncio] Using selector: KqueueSelector
2026-09-19 16:36:24 DEBUG [eta.access] GET /api/check/sessions/999999 → 404 (2ms)
2026-09-19 16:36:24 DEBUG [asyncio] Using selector: KqueueSelector
2026-09-19 16:36:24 DEBUG [eta.access] POST /api/check/dictation → 200 (6ms)
2026-09-19 16:36:24 DEBUG [asyncio] Using selector: KqueueSelector
2026-09-19 16:36:24 DEBUG [eta.access] PATCH /api/check/sessions/1 → 200 (4ms)
2026-09-19 16:36:24 DEBUG [asyncio] Using selector: KqueueSelector
2026-09-19 16:36:24 DEBUG [eta.access] GET /api/check/sessions → 200 (2ms)
2026-09-19 16:36:24 DEBUG [asyncio] Using selector: KqueueSelector
2026-09-19 16:36:24 DEBUG [eta.access] POST /api/students/import → 200 (4ms)
2026-09-19 16:36:24 DEBUG [asyncio] Using selector: KqueueSelector
2026-09-19 16:36:24 DEBUG [eta.access] POST /api/check/dictation → 200 (9ms)
2026-09-19 16:36:24 DEBUG [asyncio] Using selector: KqueueSelector
2026-09-19 16:36:24 DEBUG [eta.access] GET /api/check/sessions/1/export → 200 (3ms)
2026-09-19 16:36:24 DEBUG [asyncio] Using selector: KqueueSelector
2026-09-19 16:36:24 DEBUG [eta.access] GET /api/check/sessions/999999/export → 404 (3ms)
2026-09-19 16:36:24 DEBUG [asyncio] Using selector: KqueueSelector
2026-09-19 16:36:24 DEBUG [eta.access] POST /api/students → 200 (4ms)
2026-09-19 16:36:24 DEBUG [asyncio] Using selector: KqueueSelector
2026-09-19 16:36:24 DEBUG [eta.access] POST /api/students → 200 (4ms)
2026-09-19 16:36:24 DEBUG [asyncio] Using selector: KqueueSelector
2026-09-19 16:36:24 DEBUG [eta.access] POST /api/students → 200 (4ms)
2026-09-19 16:36:24 DEBUG [asyncio] Using selector: KqueueSelector
2026-09-19 16:36:24 DEBUG [eta.access] POST /api/students → 200 (5ms)
2026-09-19 16:36:24 DEBUG [asyncio] Using selector: KqueueSelector
2026-09-19 16:36:24 DEBUG [eta.access] POST /api/students → 200 (4ms)
2026-09-19 16:36:24 DEBUG [asyncio] Using selector: KqueueSelector
2026-09-19 16:36:24 DEBUG [eta.access] POST /api/students → 200 (5ms)
2026-09-19 16:36:24 DEBUG [asyncio] Using selector: KqueueSelector
2026-09-19 16:36:24 DEBUG [eta.access] POST /api/students/S01/cleanup → 200 (5ms)
2026-09-19 16:36:24 DEBUG [asyncio] Using selector: KqueueSelector
2026-09-19 16:36:24 DEBUG [eta.access] GET /api/students/S01/profile → 200 (3ms)
2026-09-19 16:36:24 DEBUG [asyncio] Using selector: KqueueSelector
2026-09-19 16:36:24 DEBUG [eta.access] POST /api/students/S01/cleanup → 200 (5ms)
2026-09-19 16:36:24 DEBUG [asyncio] Using selector: KqueueSelector
2026-09-19 16:36:24 DEBUG [eta.access] GET /api/students/S01/profile → 200 (2ms)
2026-09-19 16:36:24 DEBUG [asyncio] Using selector: KqueueSelector
2026-09-19 16:36:24 DEBUG [eta.access] POST /api/students → 200 (4ms)
2026-09-19 16:36:24 DEBUG [asyncio] Using selector: KqueueSelector
2026-09-19 16:36:24 DEBUG [eta.access] POST /api/students → 200 (5ms)
2026-09-19 16:36:24 DEBUG [asyncio] Using selector: KqueueSelector
2026-09-19 16:36:24 DEBUG [eta.access] POST /api/students/S01/cleanup → 200 (3ms)
2026-09-19 16:36:24 DEBUG [asyncio] Using selector: KqueueSelector
2026-09-19 16:36:24 DEBUG [eta.access] POST /api/students → 200 (4ms)
2026-09-19 16:36:24 DEBUG [asyncio] Using selector: KqueueSelector
2026-09-19 16:36:24 DEBUG [eta.access] POST /api/students → 200 (4ms)
2026-09-19 16:36:24 DEBUG [asyncio] Using selector: KqueueSelector
2026-09-19 16:36:24 DEBUG [eta.access] POST /api/students/S01/cleanup → 200 (4ms)
2026-09-19 16:36:24 DEBUG [asyncio] Using selector: KqueueSelector
2026-09-19 16:36:24 DEBUG [eta.access] POST /api/students → 200 (4ms)
2026-09-19 16:36:24 DEBUG [asyncio] Using selector: KqueueSelector
2026-09-19 16:36:24 DEBUG [eta.access] POST /api/students → 200 (4ms)
2026-09-19 16:36:24 DEBUG [asyncio] Using selector: KqueueSelector
2026-09-19 16:36:24 DEBUG [eta.access] POST /api/students/S01/cleanup → 200 (4ms)
2026-09-19 16:36:24 DEBUG [asyncio] Using selector: KqueueSelector
2026-09-19 16:36:24 DEBUG [eta.access] POST /api/students → 200 (5ms)
2026-09-19 16:36:24 DEBUG [asyncio] Using selector: KqueueSelector
2026-09-19 16:36:24 DEBUG [eta.access] POST /api/students/P01/cleanup → 400 (3ms)
2026-09-19 16:36:24 DEBUG [asyncio] Using selector: KqueueSelector
2026-09-19 16:36:24 DEBUG [eta.access] POST /api/students/P01/cleanup → 400 (2ms)
2026-09-19 16:36:24 DEBUG [asyncio] Using selector: KqueueSelector
2026-09-19 16:36:24 DEBUG [eta.access] POST /api/students/NOPE/cleanup → 404 (3ms)
2026-09-19 16:36:24 DEBUG [asyncio] Using selector: KqueueSelector
2026-09-19 16:36:24 DEBUG [eta.access] POST /api/students → 200 (4ms)
2026-09-19 16:36:24 DEBUG [asyncio] Using selector: KqueueSelector
2026-09-19 16:36:24 DEBUG [eta.access] POST /api/students/V01/cleanup → 400 (2ms)
2026-09-19 16:36:25 WARNING [eta.ocr] dual 文档流 mineru 通道失败（降级继续）：MinerU 链路抖动
2026-09-19 16:36:25 WARNING [eta.ocr] dual 文档流 mineru 通道失败（降级继续）：down
2026-09-19 16:36:25 WARNING [eta.ocr] dual 文档流 paddleocr 通道失败（降级继续）：down
2026-09-19 16:36:25 DEBUG [asyncio] Using selector: KqueueSelector
2026-09-19 16:36:25 ERROR [eta.logs] 浏览器 [ERROR] 页面=#/scan 页面脚本错误
at boot
2026-09-19 16:36:25 DEBUG [eta.access] POST /api/logs/client → 200 (3ms)
2026-09-19 16:36:25 INFO [eta.ocr] MinerU batch=b1 创建，上传图片 (5 bytes)
2026-09-19 16:36:26 WARNING [eta.trace] 运行留痕写入失败：[Errno 20] Not a directory: '/private/var/folders/sh/v4ws268d63928m_6n_jzds6m0000gn/T/pytest-of-zbloom/pytest-16/test_record_never_raises_on_io0/blocker/sub'
2026-09-19 16:36:26 DEBUG [asyncio] Using selector: KqueueSelector
2026-09-19 16:36:26 DEBUG [eta.access] POST /api/check/organize-upload → 200 (2ms)
2026-09-19 16:36:26 DEBUG [asyncio] Using selector: KqueueSelector
2026-09-19 16:36:26 DEBUG [eta.access] POST /api/check/organize-upload → 200 (2ms)
2026-09-19 16:36:26 DEBUG [asyncio] Using selector: KqueueSelector
2026-09-19 16:36:26 DEBUG [eta.access] POST /api/check/organize-upload → 400 (2ms)
2026-09-19 16:36:26 DEBUG [asyncio] Using selector: KqueueSelector
2026-09-19 16:36:26 DEBUG [eta.access] POST /api/students/import → 200 (4ms)
2026-09-19 16:36:26 DEBUG [asyncio] Using selector: KqueueSelector
2026-09-19 16:36:26 DEBUG [eta.access] POST /api/check/photo-parse → 200 (4ms)
2026-09-19 16:36:26 DEBUG [asyncio] Using selector: KqueueSelector
2026-09-19 16:36:26 DEBUG [eta.access] POST /api/check/photo-parse → 200 (3ms)
2026-09-19 16:36:26 DEBUG [asyncio] Using selector: KqueueSelector
2026-09-19 16:36:26 DEBUG [eta.access] POST /api/check/photo-parse → 200 (5ms)
2026-09-19 16:36:26 DEBUG [asyncio] Using selector: KqueueSelector
2026-09-19 16:36:26 WARNING [eta.services.photo_check] 批改读图失败（张三/bad.jpg）：识别失败
2026-09-19 16:36:26 DEBUG [eta.access] POST /api/check/photo-parse → 200 (3ms)
2026-09-19 16:36:26 DEBUG [asyncio] Using selector: KqueueSelector
2026-09-19 16:36:26 DEBUG [eta.access] POST /api/check/photo-parse → 422 (2ms)
2026-09-19 16:36:26 DEBUG [asyncio] Using selector: KqueueSelector
2026-09-19 16:36:26 DEBUG [eta.access] POST /api/students/import → 200 (4ms)
2026-09-19 16:36:26 DEBUG [asyncio] Using selector: KqueueSelector
2026-09-19 16:36:26 DEBUG [eta.access] POST /api/check/assignment → 200 (11ms)
2026-09-19 16:36:26 DEBUG [asyncio] Using selector: KqueueSelector
2026-09-19 16:36:26 DEBUG [eta.access] GET /api/errors → 200 (2ms)
2026-09-19 16:36:26 DEBUG [asyncio] Using selector: KqueueSelector
2026-09-19 16:36:26 DEBUG [eta.access] GET /api/check/sessions/1/files → 200 (2ms)
2026-09-19 16:36:26 DEBUG [asyncio] Using selector: KqueueSelector
2026-09-19 16:36:26 DEBUG [eta.access] GET /api/check/sessions → 200 (2ms)
2026-09-19 16:36:26 DEBUG [asyncio] Using selector: KqueueSelector
2026-09-19 16:36:26 DEBUG [eta.access] POST /api/check/assignment → 200 (9ms)
2026-09-19 16:36:26 DEBUG [asyncio] Using selector: KqueueSelector
2026-09-19 16:36:26 DEBUG [eta.access] GET /api/check/sessions/1 → 200 (4ms)
2026-09-19 16:36:26 DEBUG [asyncio] Using selector: KqueueSelector
2026-09-19 16:36:26 DEBUG [eta.access] POST /api/students/import → 200 (4ms)
2026-09-19 16:36:26 DEBUG [asyncio] Using selector: KqueueSelector
2026-09-19 16:36:26 DEBUG [eta.access] POST /api/check/assignment → 200 (9ms)
2026-09-19 16:36:26 DEBUG [asyncio] Using selector: KqueueSelector
2026-09-19 16:36:26 DEBUG [eta.access] POST /api/students/import → 200 (4ms)
2026-09-19 16:36:26 DEBUG [asyncio] Using selector: KqueueSelector
2026-09-19 16:36:27 DEBUG [eta.access] POST /api/check/assignment → 200 (8ms)
2026-09-19 16:36:27 DEBUG [asyncio] Using selector: KqueueSelector
2026-09-19 16:36:27 DEBUG [eta.access] GET /api/check/sessions → 200 (3ms)
2026-09-19 16:36:27 DEBUG [asyncio] Using selector: KqueueSelector
2026-09-19 16:36:27 DEBUG [eta.access] GET /api/check/sessions → 200 (2ms)
2026-09-19 16:36:27 DEBUG [asyncio] Using selector: KqueueSelector
2026-09-19 16:36:27 DEBUG [eta.access] POST /api/students/import → 200 (4ms)
2026-09-19 16:36:27 DEBUG [asyncio] Using selector: KqueueSelector
2026-09-19 16:36:27 DEBUG [eta.access] POST /api/check/assignment → 200 (8ms)
2026-09-19 16:36:27 DEBUG [asyncio] Using selector: KqueueSelector
2026-09-19 16:36:27 DEBUG [eta.access] GET /api/check/sessions/1/files → 200 (2ms)
2026-09-19 16:36:27 DEBUG [asyncio] Using selector: KqueueSelector
2026-09-19 16:36:27 DEBUG [eta.access] DELETE /api/check/sessions/1 → 200 (3ms)
2026-09-19 16:36:27 DEBUG [asyncio] Using selector: KqueueSelector
2026-09-19 16:36:27 DEBUG [eta.access] GET /api/check/sessions/1 → 404 (1ms)
2026-09-19 16:36:27 DEBUG [asyncio] Using selector: KqueueSelector
2026-09-19 16:36:27 DEBUG [eta.access] GET /api/check/sessions/1/files → 404 (3ms)
2026-09-19 16:36:27 DEBUG [asyncio] Using selector: KqueueSelector
2026-09-19 16:36:27 DEBUG [eta.access] GET /api/errors → 200 (2ms)
2026-09-19 16:36:27 DEBUG [asyncio] Using selector: KqueueSelector
2026-09-19 16:36:27 DEBUG [eta.access] POST /api/students/import → 200 (3ms)
2026-09-19 16:36:27 DEBUG [asyncio] Using selector: KqueueSelector
2026-09-19 16:36:27 DEBUG [eta.access] POST /api/check/assignment → 200 (8ms)
2026-09-19 16:36:27 DEBUG [asyncio] Using selector: KqueueSelector
2026-09-19 16:36:27 DEBUG [eta.access] DELETE /api/check/sessions/2 → 200 (3ms)
2026-09-19 16:36:27 DEBUG [asyncio] Using selector: KqueueSelector
2026-09-19 16:36:27 DEBUG [eta.access] GET /api/errors → 200 (2ms)
2026-09-19 16:36:27 DEBUG [asyncio] Using selector: KqueueSelector
2026-09-19 16:36:27 DEBUG [eta.access] DELETE /api/check/sessions/999999 → 404 (2ms)
2026-09-19 16:36:27 DEBUG [asyncio] Using selector: KqueueSelector
2026-09-19 16:36:27 DEBUG [eta.access] POST /api/students/import → 200 (4ms)
2026-09-19 16:36:27 DEBUG [asyncio] Using selector: KqueueSelector
2026-09-19 16:36:27 DEBUG [eta.access] POST /api/check/photo-parse → 200 (3ms)
2026-09-19 16:36:27 DEBUG [asyncio] Using selector: KqueueSelector
2026-09-19 16:36:27 DEBUG [eta.access] POST /api/check/photo-parse → 200 (2ms)
2026-09-19 16:36:27 DEBUG [asyncio] Using selector: KqueueSelector
2026-09-19 16:36:27 DEBUG [eta.access] POST /api/check/md-reparse → 200 (3ms)
2026-09-19 16:36:27 DEBUG [asyncio] Using selector: KqueueSelector
2026-09-19 16:36:27 DEBUG [eta.access] POST /api/check/md-reparse → 400 (1ms)
2026-09-19 16:36:27 DEBUG [asyncio] Using selector: KqueueSelector
2026-09-19 16:36:27 DEBUG [eta.access] POST /api/students/import → 200 (4ms)
2026-09-19 16:36:27 DEBUG [asyncio] Using selector: KqueueSelector
2026-09-19 16:36:27 DEBUG [eta.access] POST /api/check/assignment → 200 (4ms)
2026-09-19 16:36:27 DEBUG [asyncio] Using selector: KqueueSelector
2026-09-19 16:36:27 DEBUG [eta.access] POST /api/students/import → 200 (4ms)
2026-09-19 16:36:27 DEBUG [asyncio] Using selector: KqueueSelector
2026-09-19 16:36:27 DEBUG [eta.access] POST /api/check/assignment → 200 (4ms)
2026-09-19 16:36:27 DEBUG [asyncio] Using selector: KqueueSelector
2026-09-19 16:36:27 DEBUG [eta.access] GET /api/check/sessions → 200 (2ms)
2026-09-19 16:36:27 DEBUG [asyncio] Using selector: KqueueSelector
2026-09-19 16:36:27 DEBUG [eta.access] GET /api/check/sessions → 200 (2ms)
2026-09-19 16:36:27 DEBUG [asyncio] Using selector: KqueueSelector
2026-09-19 16:36:27 DEBUG [eta.access] GET /api/check/sessions → 200 (2ms)
2026-09-19 16:36:53 INFO [eta] 日志已就绪：目录 runtime/logs（按天轮转，保留 14 天，终端级别 INFO / 文件级别 DEBUG）
2026-09-19 16:36:53 INFO [eta.providers.agent_chat] 智能体会话调用完成 | 返回 2 字，耗时 0ms
2026-09-19 16:36:53 INFO [eta.providers.agent_chat] 智能体会话调用完成 | 返回 2 字，耗时 0ms
2026-09-19 16:36:53 WARNING [eta.providers.agent_chat] 智能体会话请求失败，2s 后重试一次：connection reset
2026-09-19 16:36:56 WARNING [eta.services.photo_check] 多图联合解析失败，该批降级逐张解析：多图联合失败
2026-09-19 16:36:56 WARNING [eta.services.photo_check] Markdown 结构化失败：DeepSeek 超时
2026-09-19 16:36:56 WARNING [eta.services.photo_check] 智能体会话解析失败，降级 OCR 转录解析：invalid_api_key
2026-09-19 16:36:56 WARNING [eta.services.photo_check] 多图联合解析失败，该批降级逐张解析：多图联合失败（测试桩）
2026-09-19 16:36:56 DEBUG [asyncio] Using selector: KqueueSelector
2026-09-19 16:36:56 DEBUG [eta.access] GET /api/health → 200 (48ms)
2026-09-19 16:36:56 DEBUG [asyncio] Using selector: KqueueSelector
2026-09-19 16:36:56 DEBUG [eta.access] GET /api/ontology → 200 (3ms)
2026-09-19 16:36:56 DEBUG [asyncio] Using selector: KqueueSelector
2026-09-19 16:36:56 DEBUG [eta.access] POST /api/students/import → 200 (6ms)
2026-09-19 16:36:56 DEBUG [asyncio] Using selector: KqueueSelector
2026-09-19 16:36:56 DEBUG [eta.access] GET /api/students → 200 (2ms)
2026-09-19 16:36:56 DEBUG [asyncio] Using selector: KqueueSelector
2026-09-19 16:36:56 DEBUG [eta.access] POST /api/errors/scan → 200 (8ms)
2026-09-19 16:36:56 DEBUG [asyncio] Using selector: KqueueSelector
2026-09-19 16:36:56 DEBUG [eta.access] GET /api/errors → 200 (5ms)
2026-09-19 16:36:56 DEBUG [asyncio] Using selector: KqueueSelector
2026-09-19 16:36:56 DEBUG [eta.access] POST /api/errors/1/confirm → 200 (7ms)
2026-09-19 16:36:56 DEBUG [asyncio] Using selector: KqueueSelector
2026-09-19 16:36:56 DEBUG [eta.access] POST /api/errors/scan → 200 (8ms)
2026-09-19 16:36:56 DEBUG [asyncio] Using selector: KqueueSelector
2026-09-19 16:36:56 DEBUG [eta.access] POST /api/errors/2/confirm → 200 (6ms)
2026-09-19 16:36:56 DEBUG [asyncio] Using selector: KqueueSelector
2026-09-19 16:36:56 DEBUG [eta.access] POST /api/errors/scan → 200 (7ms)
2026-09-19 16:36:56 DEBUG [asyncio] Using selector: KqueueSelector
2026-09-19 16:36:56 DEBUG [eta.access] GET /api/errors → 200 (4ms)
2026-09-19 16:36:56 DEBUG [asyncio] Using selector: KqueueSelector
2026-09-19 16:36:56 DEBUG [eta.access] POST /api/errors/3/confirm → 200 (6ms)
2026-09-19 16:36:56 DEBUG [asyncio] Using selector: KqueueSelector
2026-09-19 16:36:56 DEBUG [eta.access] POST /api/errors/scan → 200 (6ms)
2026-09-19 16:36:56 DEBUG [asyncio] Using selector: KqueueSelector
2026-09-19 16:36:56 DEBUG [eta.access] GET /api/errors → 200 (3ms)
2026-09-19 16:36:56 DEBUG [asyncio] Using selector: KqueueSelector
2026-09-19 16:36:56 DEBUG [eta.access] POST /api/errors/4/confirm → 200 (7ms)
2026-09-19 16:36:56 DEBUG [asyncio] Using selector: KqueueSelector
2026-09-19 16:36:56 DEBUG [eta.access] POST /api/errors/scan → 200 (9ms)
2026-09-19 16:36:56 DEBUG [asyncio] Using selector: KqueueSelector
2026-09-19 16:36:56 DEBUG [eta.access] GET /api/errors → 200 (2ms)
2026-09-19 16:36:56 DEBUG [asyncio] Using selector: KqueueSelector
2026-09-19 16:36:56 DEBUG [eta.access] POST /api/errors/5/confirm → 200 (7ms)
2026-09-19 16:36:56 DEBUG [asyncio] Using selector: KqueueSelector
2026-09-19 16:36:56 DEBUG [eta.access] POST /api/errors/scan → 200 (6ms)
2026-09-19 16:36:56 DEBUG [asyncio] Using selector: KqueueSelector
2026-09-19 16:36:56 DEBUG [eta.access] GET /api/errors → 200 (2ms)
2026-09-19 16:36:56 DEBUG [asyncio] Using selector: KqueueSelector
2026-09-19 16:36:56 DEBUG [eta.access] POST /api/errors/6/confirm → 200 (4ms)
2026-09-19 16:36:56 DEBUG [asyncio] Using selector: KqueueSelector
2026-09-19 16:36:56 DEBUG [eta.access] POST /api/errors/scan → 200 (6ms)
2026-09-19 16:36:56 DEBUG [asyncio] Using selector: KqueueSelector
2026-09-19 16:36:56 DEBUG [eta.access] GET /api/errors → 200 (2ms)
2026-09-19 16:36:56 DEBUG [asyncio] Using selector: KqueueSelector
2026-09-19 16:36:56 DEBUG [eta.access] POST /api/errors/7/confirm → 200 (7ms)
2026-09-19 16:36:56 DEBUG [asyncio] Using selector: KqueueSelector
2026-09-19 16:36:56 DEBUG [eta.access] POST /api/errors/scan → 200 (5ms)
2026-09-19 16:36:56 DEBUG [asyncio] Using selector: KqueueSelector
2026-09-19 16:36:56 DEBUG [eta.access] GET /api/errors → 200 (3ms)
2026-09-19 16:36:56 DEBUG [asyncio] Using selector: KqueueSelector
2026-09-19 16:36:56 DEBUG [eta.access] POST /api/errors/8/confirm → 200 (7ms)
2026-09-19 16:36:56 DEBUG [asyncio] Using selector: KqueueSelector
2026-09-19 16:36:56 DEBUG [eta.access] POST /api/errors/scan → 200 (6ms)
2026-09-19 16:36:56 DEBUG [asyncio] Using selector: KqueueSelector
2026-09-19 16:36:56 DEBUG [eta.access] GET /api/errors → 200 (2ms)
2026-09-19 16:36:57 DEBUG [asyncio] Using selector: KqueueSelector
2026-09-19 16:36:57 DEBUG [eta.access] POST /api/errors/9/confirm → 200 (7ms)
2026-09-19 16:36:57 DEBUG [asyncio] Using selector: KqueueSelector
2026-09-19 16:36:57 DEBUG [eta.access] POST /api/errors/scan → 200 (5ms)
2026-09-19 16:36:57 DEBUG [asyncio] Using selector: KqueueSelector
2026-09-19 16:36:57 DEBUG [eta.access] GET /api/errors → 200 (3ms)
2026-09-19 16:36:57 DEBUG [asyncio] Using selector: KqueueSelector
2026-09-19 16:36:57 DEBUG [eta.access] POST /api/errors/10/confirm → 200 (5ms)
2026-09-19 16:36:57 DEBUG [asyncio] Using selector: KqueueSelector
2026-09-19 16:36:57 DEBUG [eta.access] POST /api/errors/scan → 200 (5ms)
2026-09-19 16:36:57 DEBUG [asyncio] Using selector: KqueueSelector
2026-09-19 16:36:57 DEBUG [eta.access] GET /api/errors → 200 (2ms)
2026-09-19 16:36:57 DEBUG [asyncio] Using selector: KqueueSelector
2026-09-19 16:36:57 DEBUG [eta.access] POST /api/errors/11/confirm → 200 (6ms)
2026-09-19 16:36:57 DEBUG [asyncio] Using selector: KqueueSelector
2026-09-19 16:36:57 DEBUG [eta.access] POST /api/errors/scan → 200 (7ms)
2026-09-19 16:36:57 DEBUG [asyncio] Using selector: KqueueSelector
2026-09-19 16:36:57 DEBUG [eta.access] GET /api/errors → 200 (2ms)
2026-09-19 16:36:57 DEBUG [asyncio] Using selector: KqueueSelector
2026-09-19 16:36:57 DEBUG [eta.access] POST /api/errors/12/confirm → 200 (6ms)
2026-09-19 16:36:57 DEBUG [asyncio] Using selector: KqueueSelector
2026-09-19 16:36:57 DEBUG [eta.access] POST /api/errors/scan → 200 (5ms)
2026-09-19 16:36:57 DEBUG [asyncio] Using selector: KqueueSelector
2026-09-19 16:36:57 DEBUG [eta.access] GET /api/errors → 200 (3ms)
2026-09-19 16:36:57 DEBUG [asyncio] Using selector: KqueueSelector
2026-09-19 16:36:57 DEBUG [eta.access] POST /api/errors/13/confirm → 200 (4ms)
2026-09-19 16:36:57 DEBUG [asyncio] Using selector: KqueueSelector
2026-09-19 16:36:57 DEBUG [eta.access] POST /api/errors/scan → 200 (7ms)
2026-09-19 16:36:57 DEBUG [asyncio] Using selector: KqueueSelector
2026-09-19 16:36:57 DEBUG [eta.access] GET /api/errors → 200 (2ms)
2026-09-19 16:36:57 DEBUG [asyncio] Using selector: KqueueSelector
2026-09-19 16:36:57 DEBUG [eta.access] POST /api/errors/14/confirm → 200 (6ms)
2026-09-19 16:36:57 DEBUG [asyncio] Using selector: KqueueSelector
2026-09-19 16:36:57 DEBUG [eta.access] POST /api/practice/generate → 200 (5ms)
2026-09-19 16:36:57 DEBUG [asyncio] Using selector: KqueueSelector
2026-09-19 16:36:57 DEBUG [eta.access] POST /api/practice/1/approve → 200 (3ms)
2026-09-19 16:36:57 DEBUG [asyncio] Using selector: KqueueSelector
2026-09-19 16:36:57 DEBUG [eta.access] GET /api/decision-sheet → 200 (8ms)
2026-09-19 16:36:57 DEBUG [asyncio] Using selector: KqueueSelector
2026-09-19 16:36:57 DEBUG [eta.access] GET /api/trends/categories → 200 (3ms)
2026-09-19 16:36:57 DEBUG [asyncio] Using selector: KqueueSelector
2026-09-19 16:36:57 DEBUG [eta.access] GET /api/export/errors.csv → 200 (2ms)
2026-09-19 16:36:57 DEBUG [asyncio] Using selector: KqueueSelector
2026-09-19 16:36:57 DEBUG [eta.access] POST /api/errors/scan → 200 (6ms)
2026-09-19 16:36:57 DEBUG [asyncio] Using selector: KqueueSelector
2026-09-19 16:36:57 DEBUG [eta.access] POST /api/errors/scan → 400 (3ms)
2026-09-19 16:36:57 DEBUG [asyncio] Using selector: KqueueSelector
2026-09-19 16:36:57 DEBUG [eta.access] POST /api/errors/scan → 200 (5ms)
2026-09-19 16:36:57 DEBUG [asyncio] Using selector: KqueueSelector
2026-09-19 16:36:57 DEBUG [eta.access] POST /api/errors/1/confirm → 400 (3ms)
2026-09-19 16:36:57 DEBUG [asyncio] Using selector: KqueueSelector
2026-09-19 16:36:57 DEBUG [eta.access] POST /api/students/import → 200 (4ms)
2026-09-19 16:36:57 DEBUG [asyncio] Using selector: KqueueSelector
2026-09-19 16:36:57 DEBUG [eta.access] POST /api/errors/scan-batch → 200 (19ms)
2026-09-19 16:36:57 DEBUG [asyncio] Using selector: KqueueSelector
2026-09-19 16:36:57 DEBUG [eta.access] GET /api/errors → 200 (3ms)
2026-09-19 16:36:57 DEBUG [asyncio] Using selector: KqueueSelector
2026-09-19 16:36:57 DEBUG [eta.access] POST /api/students/import → 200 (4ms)
2026-09-19 16:36:57 DEBUG [asyncio] Using selector: KqueueSelector
2026-09-19 16:36:57 DEBUG [eta.access] POST /api/errors/scan-batch → 200 (15ms)
2026-09-19 16:36:57 DEBUG [asyncio] Using selector: KqueueSelector
2026-09-19 16:36:57 DEBUG [eta.access] POST /api/students/import → 200 (4ms)
2026-09-19 16:36:57 DEBUG [asyncio] Using selector: KqueueSelector
2026-09-19 16:36:57 DEBUG [eta.access] POST /api/errors/scan-batch → 200 (8ms)
2026-09-19 16:36:57 DEBUG [asyncio] Using selector: KqueueSelector
2026-09-19 16:36:57 DEBUG [eta.access] POST /api/students/import → 200 (3ms)
2026-09-19 16:36:57 DEBUG [asyncio] Using selector: KqueueSelector
2026-09-19 16:36:57 DEBUG [eta.access] POST /api/errors/scan-photos → 200 (3ms)
2026-09-19 16:36:57 DEBUG [asyncio] Using selector: KqueueSelector
2026-09-19 16:36:57 DEBUG [eta.access] GET /api/errors → 200 (2ms)
2026-09-19 16:36:57 DEBUG [asyncio] Using selector: KqueueSelector
2026-09-19 16:36:57 DEBUG [eta.access] POST /api/errors/scan-photos-submit → 200 (15ms)
2026-09-19 16:36:57 DEBUG [asyncio] Using selector: KqueueSelector
2026-09-19 16:36:57 DEBUG [eta.access] GET /api/errors → 200 (3ms)
2026-09-19 16:36:57 DEBUG [asyncio] Using selector: KqueueSelector
2026-09-19 16:36:57 DEBUG [eta.access] POST /api/errors/scan-photos → 400 (2ms)
2026-09-19 16:36:57 DEBUG [asyncio] Using selector: KqueueSelector
2026-09-19 16:36:57 DEBUG [eta.access] POST /api/errors/scan-photos → 400 (2ms)
2026-09-19 16:36:57 DEBUG [asyncio] Using selector: KqueueSelector
2026-09-19 16:36:57 DEBUG [eta.access] POST /api/errors/scan-photos → 400 (2ms)
2026-09-19 16:36:57 DEBUG [asyncio] Using selector: KqueueSelector
2026-09-19 16:36:57 DEBUG [eta.access] POST /api/errors/scan → 200 (6ms)
2026-09-19 16:36:57 DEBUG [asyncio] Using selector: KqueueSelector
2026-09-19 16:36:57 DEBUG [eta.access] POST /api/errors/scan → 200 (4ms)
2026-09-19 16:36:57 DEBUG [asyncio] Using selector: KqueueSelector
2026-09-19 16:36:57 DEBUG [eta.access] GET /api/errors → 200 (3ms)
2026-09-19 16:36:57 DEBUG [asyncio] Using selector: KqueueSelector
2026-09-19 16:36:57 DEBUG [eta.access] POST /api/errors/confirm-bulk → 200 (4ms)
2026-09-19 16:36:57 DEBUG [asyncio] Using selector: KqueueSelector
2026-09-19 16:36:57 DEBUG [eta.access] GET /api/errors → 200 (2ms)
2026-09-19 16:36:57 DEBUG [asyncio] Using selector: KqueueSelector
2026-09-19 16:36:57 DEBUG [eta.access] POST /api/errors/confirm-bulk → 200 (3ms)
2026-09-19 16:36:57 DEBUG [asyncio] Using selector: KqueueSelector
2026-09-19 16:36:57 DEBUG [eta.access] GET /api/errors → 200 (2ms)
2026-09-19 16:36:57 DEBUG [asyncio] Using selector: KqueueSelector
2026-09-19 16:36:57 DEBUG [eta.access] POST /api/errors/confirm-bulk → 400 (2ms)
2026-09-19 16:36:57 DEBUG [asyncio] Using selector: KqueueSelector
2026-09-19 16:36:57 DEBUG [eta.access] POST /api/students → 200 (4ms)
2026-09-19 16:36:57 DEBUG [asyncio] Using selector: KqueueSelector
2026-09-19 16:36:57 DEBUG [eta.access] POST /api/students → 400 (2ms)
2026-09-19 16:36:57 DEBUG [asyncio] Using selector: KqueueSelector
2026-09-19 16:36:57 DEBUG [eta.access] POST /api/errors/scan → 200 (6ms)
2026-09-19 16:36:57 DEBUG [asyncio] Using selector: KqueueSelector
2026-09-19 16:36:57 DEBUG [eta.access] PUT /api/students/9101 → 200 (4ms)
2026-09-19 16:36:57 DEBUG [asyncio] Using selector: KqueueSelector
2026-09-19 16:36:57 DEBUG [eta.access] GET /api/errors → 200 (2ms)
2026-09-19 16:36:57 DEBUG [asyncio] Using selector: KqueueSelector
2026-09-19 16:36:57 DEBUG [eta.access] POST /api/students → 200 (3ms)
2026-09-19 16:36:57 DEBUG [asyncio] Using selector: KqueueSelector
2026-09-19 16:36:57 DEBUG [eta.access] PUT /api/students/9201 → 400 (3ms)
2026-09-19 16:36:57 DEBUG [asyncio] Using selector: KqueueSelector
2026-09-19 16:36:57 DEBUG [eta.access] DELETE /api/students/9201 → 200 (4ms)
2026-09-19 16:36:57 DEBUG [asyncio] Using selector: KqueueSelector
2026-09-19 16:36:57 DEBUG [eta.access] GET /api/errors → 200 (2ms)
2026-09-19 16:36:57 DEBUG [asyncio] Using selector: KqueueSelector
2026-09-19 16:36:57 DEBUG [eta.access] DELETE /api/students/9201 → 404 (2ms)
2026-09-19 16:36:57 DEBUG [asyncio] Using selector: KqueueSelector
2026-09-19 16:36:57 DEBUG [eta.access] POST /api/students → 200 (3ms)
2026-09-19 16:36:57 DEBUG [asyncio] Using selector: KqueueSelector
2026-09-19 16:36:57 DEBUG [eta.access] POST /api/errors/scan → 200 (5ms)
2026-09-19 16:36:57 DEBUG [asyncio] Using selector: KqueueSelector
2026-09-19 16:36:57 DEBUG [eta.access] DELETE /api/students/9102 → 200 (3ms)
2026-09-19 16:36:57 DEBUG [asyncio] Using selector: KqueueSelector
2026-09-19 16:36:57 DEBUG [eta.access] GET /api/errors → 200 (2ms)
2026-09-19 16:36:57 DEBUG [asyncio] Using selector: KqueueSelector
2026-09-19 16:36:57 DEBUG [eta.access] POST /api/classes → 200 (5ms)
2026-09-19 16:36:57 DEBUG [asyncio] Using selector: KqueueSelector
2026-09-19 16:36:57 DEBUG [eta.access] GET /api/classes → 200 (2ms)
2026-09-19 16:36:57 DEBUG [asyncio] Using selector: KqueueSelector
2026-09-19 16:36:57 DEBUG [eta.access] POST /api/classes → 400 (2ms)
2026-09-19 16:36:57 DEBUG [asyncio] Using selector: KqueueSelector
2026-09-19 16:36:57 DEBUG [eta.access] POST /api/classes → 400 (2ms)
2026-09-19 16:36:57 DEBUG [asyncio] Using selector: KqueueSelector
2026-09-19 16:36:57 DEBUG [eta.access] POST /api/students → 200 (4ms)
2026-09-19 16:36:57 DEBUG [asyncio] Using selector: KqueueSelector
2026-09-19 16:36:57 DEBUG [eta.access] POST /api/errors/scan → 200 (4ms)
2026-09-19 16:36:57 DEBUG [asyncio] Using selector: KqueueSelector
2026-09-19 16:36:57 DEBUG [eta.access] PUT /api/classes/九(1)班 → 200 (5ms)
2026-09-19 16:36:57 DEBUG [asyncio] Using selector: KqueueSelector
2026-09-19 16:36:57 DEBUG [eta.access] GET /api/classes → 200 (2ms)
2026-09-19 16:36:57 DEBUG [asyncio] Using selector: KqueueSelector
2026-09-19 16:36:57 DEBUG [eta.access] GET /api/students → 200 (2ms)
2026-09-19 16:36:57 DEBUG [asyncio] Using selector: KqueueSelector
2026-09-19 16:36:57 DEBUG [eta.access] GET /api/errors → 200 (2ms)
2026-09-19 16:36:57 DEBUG [asyncio] Using selector: KqueueSelector
2026-09-19 16:36:57 DEBUG [eta.access] DELETE /api/classes/九(2)班 → 200 (4ms)
2026-09-19 16:36:57 DEBUG [asyncio] Using selector: KqueueSelector
2026-09-19 16:36:57 DEBUG [eta.access] GET /api/students → 200 (2ms)
2026-09-19 16:36:57 DEBUG [asyncio] Using selector: KqueueSelector
2026-09-19 16:36:57 DEBUG [eta.access] GET /api/errors → 200 (2ms)
2026-09-19 16:36:57 DEBUG [asyncio] Using selector: KqueueSelector
2026-09-19 16:36:57 DEBUG [eta.access] POST /api/classes → 200 (4ms)
2026-09-19 16:36:57 DEBUG [asyncio] Using selector: KqueueSelector
2026-09-19 16:36:57 DEBUG [eta.access] POST /api/classes → 200 (4ms)
2026-09-19 16:36:57 DEBUG [asyncio] Using selector: KqueueSelector
2026-09-19 16:36:57 DEBUG [eta.access] POST /api/students → 200 (3ms)
2026-09-19 16:36:57 DEBUG [asyncio] Using selector: KqueueSelector
2026-09-19 16:36:57 DEBUG [eta.access] PUT /api/classes/九(3)班 → 400 (3ms)
2026-09-19 16:36:57 DEBUG [asyncio] Using selector: KqueueSelector
2026-09-19 16:36:57 DEBUG [eta.access] DELETE /api/classes/九(3)班 → 200 (3ms)
2026-09-19 16:36:57 DEBUG [asyncio] Using selector: KqueueSelector
2026-09-19 16:36:57 DEBUG [eta.access] DELETE /api/classes/九(1)班 → 200 (3ms)
2026-09-19 16:36:57 DEBUG [asyncio] Using selector: KqueueSelector
2026-09-19 16:36:57 DEBUG [eta.access] GET /api/classes → 200 (1ms)
2026-09-19 16:36:57 DEBUG [asyncio] Using selector: KqueueSelector
2026-09-19 16:36:57 DEBUG [eta.access] POST /api/classes → 200 (3ms)
2026-09-19 16:36:57 DEBUG [asyncio] Using selector: KqueueSelector
2026-09-19 16:36:57 DEBUG [eta.access] POST /api/students → 200 (5ms)
2026-09-19 16:36:57 DEBUG [asyncio] Using selector: KqueueSelector
2026-09-19 16:36:57 DEBUG [eta.access] POST /api/errors/scan → 200 (5ms)
2026-09-19 16:36:57 DEBUG [asyncio] Using selector: KqueueSelector
2026-09-19 16:36:57 DEBUG [eta.access] DELETE /api/classes/旧库班 → 200 (3ms)
2026-09-19 16:36:57 DEBUG [asyncio] Using selector: KqueueSelector
2026-09-19 16:36:57 DEBUG [eta.access] POST /api/errors/scan → 200 (5ms)
2026-09-19 16:36:57 DEBUG [asyncio] Using selector: KqueueSelector
2026-09-19 16:36:57 DEBUG [eta.access] POST /api/errors/1/confirm → 200 (4ms)
2026-09-19 16:36:57 DEBUG [asyncio] Using selector: KqueueSelector
2026-09-19 16:36:57 DEBUG [eta.access] POST /api/errors/scan → 200 (4ms)
2026-09-19 16:36:57 DEBUG [asyncio] Using selector: KqueueSelector
2026-09-19 16:36:57 DEBUG [eta.access] POST /api/errors/2/confirm → 200 (4ms)
2026-09-19 16:36:57 DEBUG [asyncio] Using selector: KqueueSelector
2026-09-19 16:36:57 DEBUG [eta.access] POST /api/errors/scan → 200 (4ms)
2026-09-19 16:36:57 DEBUG [asyncio] Using selector: KqueueSelector
2026-09-19 16:36:57 DEBUG [eta.access] POST /api/errors/3/confirm → 200 (4ms)
2026-09-19 16:36:57 DEBUG [asyncio] Using selector: KqueueSelector
2026-09-19 16:36:57 DEBUG [eta.access] POST /api/errors/scan → 200 (4ms)
2026-09-19 16:36:57 DEBUG [asyncio] Using selector: KqueueSelector
2026-09-19 16:36:57 DEBUG [eta.access] POST /api/errors/4/confirm → 200 (4ms)
2026-09-19 16:36:57 DEBUG [asyncio] Using selector: KqueueSelector
2026-09-19 16:36:57 DEBUG [eta.access] POST /api/decision-sheet/ai → 200 (6ms)
2026-09-19 16:36:58 DEBUG [asyncio] Using selector: KqueueSelector
2026-09-19 16:36:58 DEBUG [eta.access] POST /api/decision-sheet/ai → 400 (3ms)
2026-09-19 16:36:58 DEBUG [asyncio] Using selector: KqueueSelector
2026-09-19 16:36:58 DEBUG [eta.access] POST /api/practice/generate → 422 (1ms)
2026-09-19 16:36:58 DEBUG [asyncio] Using selector: KqueueSelector
2026-09-19 16:36:58 DEBUG [eta.access] POST /api/practice/generate → 422 (1ms)
2026-09-19 16:36:58 DEBUG [asyncio] Using selector: KqueueSelector
2026-09-19 16:36:58 DEBUG [eta.access] POST /api/practice/generate → 200 (4ms)
2026-09-19 16:36:58 DEBUG [asyncio] Using selector: KqueueSelector
2026-09-19 16:36:58 DEBUG [eta.access] POST /api/practice/generate → 200 (6ms)
2026-09-19 16:36:58 DEBUG [asyncio] Using selector: KqueueSelector
2026-09-19 16:36:58 DEBUG [eta.access] POST /api/practice/generate → 200 (4ms)
2026-09-19 16:36:58 DEBUG [asyncio] Using selector: KqueueSelector
2026-09-19 16:36:58 DEBUG [eta.access] POST /api/practice/generate → 400 (1ms)
2026-09-19 16:36:58 DEBUG [asyncio] Using selector: KqueueSelector
2026-09-19 16:36:58 DEBUG [eta.access] POST /api/practice/generate → 400 (2ms)
2026-09-19 16:36:58 DEBUG [asyncio] Using selector: KqueueSelector
2026-09-19 16:36:58 DEBUG [eta.access] POST /api/paper/generate → 400 (2ms)
2026-09-19 16:36:58 DEBUG [asyncio] Using selector: KqueueSelector
2026-09-19 16:36:58 DEBUG [eta.access] POST /api/errors/scan → 200 (5ms)
2026-09-19 16:36:58 DEBUG [asyncio] Using selector: KqueueSelector
2026-09-19 16:36:58 DEBUG [eta.access] POST /api/errors/1/confirm → 200 (4ms)
2026-09-19 16:36:58 DEBUG [asyncio] Using selector: KqueueSelector
2026-09-19 16:36:58 DEBUG [eta.access] POST /api/errors/scan → 200 (4ms)
2026-09-19 16:36:58 DEBUG [asyncio] Using selector: KqueueSelector
2026-09-19 16:36:58 DEBUG [eta.access] POST /api/errors/2/confirm → 200 (5ms)
2026-09-19 16:36:58 DEBUG [asyncio] Using selector: KqueueSelector
2026-09-19 16:36:58 DEBUG [eta.access] POST /api/paper/generate → 200 (4ms)
2026-09-19 16:36:58 DEBUG [asyncio] Using selector: KqueueSelector
2026-09-19 16:36:58 DEBUG [eta.access] POST /api/paper/generate → 200 (4ms)
2026-09-19 16:36:58 DEBUG [asyncio] Using selector: KqueueSelector
2026-09-19 16:36:58 DEBUG [eta.access] POST /api/paper/generate → 422 (2ms)
2026-09-19 16:36:58 DEBUG [asyncio] Using selector: KqueueSelector
2026-09-19 16:36:58 DEBUG [eta.access] POST /api/paper/generate → 422 (1ms)
2026-09-19 16:36:58 DEBUG [asyncio] Using selector: KqueueSelector
2026-09-19 16:36:58 DEBUG [eta.access] POST /api/paper/generate → 200 (4ms)
2026-09-19 16:36:58 DEBUG [asyncio] Using selector: KqueueSelector
2026-09-19 16:36:58 DEBUG [eta.access] GET /api/papers → 200 (3ms)
2026-09-19 16:36:58 DEBUG [asyncio] Using selector: KqueueSelector
2026-09-19 16:36:58 DEBUG [eta.access] POST /api/paper/1/approve → 200 (3ms)
2026-09-19 16:36:58 DEBUG [asyncio] Using selector: KqueueSelector
2026-09-19 16:36:58 DEBUG [eta.access] POST /api/paper/1/approve → 404 (2ms)
2026-09-19 16:36:58 DEBUG [asyncio] Using selector: KqueueSelector
2026-09-19 16:36:58 DEBUG [eta.access] GET /api/papers → 200 (2ms)
2026-09-19 16:36:58 DEBUG [asyncio] Using selector: KqueueSelector
2026-09-19 16:36:58 DEBUG [eta.access] POST /api/practice/generate → 200 (3ms)
2026-09-19 16:36:58 DEBUG [asyncio] Using selector: KqueueSelector
2026-09-19 16:36:58 DEBUG [eta.access] GET /api/practices/export → 400 (19ms)
2026-09-19 16:36:58 DEBUG [asyncio] Using selector: KqueueSelector
2026-09-19 16:36:58 DEBUG [eta.access] GET /api/practices/export → 200 (2ms)
2026-09-19 16:36:58 DEBUG [asyncio] Using selector: KqueueSelector
2026-09-19 16:36:58 DEBUG [eta.access] POST /api/practice/1/approve → 200 (2ms)
2026-09-19 16:36:58 DEBUG [asyncio] Using selector: KqueueSelector
2026-09-19 16:36:58 DEBUG [eta.access] GET /api/practices/export → 200 (2ms)
2026-09-19 16:36:58 DEBUG [asyncio] Using selector: KqueueSelector
2026-09-19 16:36:58 DEBUG [eta.access] GET /api/practices/export → 200 (143ms)
2026-09-19 16:36:58 DEBUG [asyncio] Using selector: KqueueSelector
2026-09-19 16:36:58 DEBUG [eta.access] POST /api/practice/generate → 200 (4ms)
2026-09-19 16:36:58 DEBUG [asyncio] Using selector: KqueueSelector
2026-09-19 16:36:58 DEBUG [eta.access] POST /api/practice/2/approve → 200 (3ms)
2026-09-19 16:36:58 DEBUG [asyncio] Using selector: KqueueSelector
2026-09-19 16:36:58 DEBUG [eta.access] GET /api/practices/export → 200 (2ms)
2026-09-19 16:36:58 DEBUG [asyncio] Using selector: KqueueSelector
2026-09-19 16:36:58 DEBUG [eta.access] GET /api/practices/export → 400 (2ms)
2026-09-19 16:36:58 DEBUG [asyncio] Using selector: KqueueSelector
2026-09-19 16:36:58 DEBUG [eta.access] POST /api/errors/scan → 200 (5ms)
2026-09-19 16:36:58 DEBUG [asyncio] Using selector: KqueueSelector
2026-09-19 16:36:58 DEBUG [eta.access] POST /api/errors/1/confirm → 200 (4ms)
2026-09-19 16:36:58 DEBUG [asyncio] Using selector: KqueueSelector
2026-09-19 16:36:58 DEBUG [eta.access] POST /api/errors/scan → 200 (4ms)
2026-09-19 16:36:58 DEBUG [asyncio] Using selector: KqueueSelector
2026-09-19 16:36:58 DEBUG [eta.access] POST /api/errors/2/confirm → 200 (4ms)
2026-09-19 16:36:58 DEBUG [asyncio] Using selector: KqueueSelector
2026-09-19 16:36:58 DEBUG [eta.access] POST /api/paper/generate → 200 (4ms)
2026-09-19 16:36:58 DEBUG [asyncio] Using selector: KqueueSelector
2026-09-19 16:36:58 DEBUG [eta.access] GET /api/papers/1/export → 400 (2ms)
2026-09-19 16:36:58 DEBUG [asyncio] Using selector: KqueueSelector
2026-09-19 16:36:58 DEBUG [eta.access] POST /api/paper/1/approve → 200 (2ms)
2026-09-19 16:36:58 DEBUG [asyncio] Using selector: KqueueSelector
2026-09-19 16:36:58 DEBUG [eta.access] GET /api/papers/1/export → 200 (2ms)
2026-09-19 16:36:58 DEBUG [asyncio] Using selector: KqueueSelector
2026-09-19 16:36:58 DEBUG [eta.access] GET /api/papers/1/export → 200 (38ms)
2026-09-19 16:36:58 DEBUG [asyncio] Using selector: KqueueSelector
2026-09-19 16:36:58 DEBUG [eta.access] GET /api/papers/999/export → 404 (2ms)
2026-09-19 16:36:58 DEBUG [asyncio] Using selector: KqueueSelector
2026-09-19 16:36:58 DEBUG [eta.access] POST /api/classes → 200 (4ms)
2026-09-19 16:36:58 DEBUG [asyncio] Using selector: KqueueSelector
2026-09-19 16:36:58 DEBUG [eta.access] POST /api/students → 200 (3ms)
2026-09-19 16:36:58 DEBUG [asyncio] Using selector: KqueueSelector
2026-09-19 16:36:58 DEBUG [eta.access] POST /api/errors/scan → 200 (5ms)
2026-09-19 16:36:58 DEBUG [asyncio] Using selector: KqueueSelector
2026-09-19 16:36:58 DEBUG [eta.access] POST /api/errors/1/confirm → 200 (5ms)
2026-09-19 16:36:58 DEBUG [asyncio] Using selector: KqueueSelector
2026-09-19 16:36:58 DEBUG [eta.access] POST /api/errors/scan → 200 (5ms)
2026-09-19 16:36:58 DEBUG [asyncio] Using selector: KqueueSelector
2026-09-19 16:36:58 DEBUG [eta.access] POST /api/errors/2/confirm → 200 (4ms)
2026-09-19 16:36:58 DEBUG [asyncio] Using selector: KqueueSelector
2026-09-19 16:36:58 DEBUG [eta.access] POST /api/errors/scan → 200 (6ms)
2026-09-19 16:36:58 DEBUG [asyncio] Using selector: KqueueSelector
2026-09-19 16:36:58 DEBUG [eta.access] POST /api/errors/3/confirm → 200 (4ms)
2026-09-19 16:36:58 DEBUG [asyncio] Using selector: KqueueSelector
2026-09-19 16:36:58 DEBUG [eta.access] POST /api/errors/scan → 200 (5ms)
2026-09-19 16:36:58 DEBUG [asyncio] Using selector: KqueueSelector
2026-09-19 16:36:58 DEBUG [eta.access] POST /api/errors/4/confirm → 200 (5ms)
2026-09-19 16:36:58 DEBUG [asyncio] Using selector: KqueueSelector
2026-09-19 16:36:58 DEBUG [eta.access] POST /api/errors/scan → 200 (5ms)
2026-09-19 16:36:58 DEBUG [asyncio] Using selector: KqueueSelector
2026-09-19 16:36:58 DEBUG [eta.access] POST /api/errors/5/confirm → 200 (4ms)
2026-09-19 16:36:58 DEBUG [asyncio] Using selector: KqueueSelector
2026-09-19 16:36:58 DEBUG [eta.access] GET /api/decision-sheet/export → 200 (6ms)
2026-09-19 16:36:58 DEBUG [asyncio] Using selector: KqueueSelector
2026-09-19 16:36:58 DEBUG [eta.access] GET /api/decision-sheet/export → 200 (57ms)
2026-09-19 16:36:58 DEBUG [asyncio] Using selector: KqueueSelector
2026-09-19 16:36:58 DEBUG [eta.access] POST /api/students/import → 200 (4ms)
2026-09-19 16:36:58 DEBUG [asyncio] Using selector: KqueueSelector
2026-09-19 16:36:58 DEBUG [eta.access] POST /api/errors/scan → 200 (6ms)
2026-09-19 16:36:58 DEBUG [asyncio] Using selector: KqueueSelector
2026-09-19 16:36:58 DEBUG [eta.access] POST /api/errors/1/confirm → 200 (4ms)
2026-09-19 16:36:58 DEBUG [asyncio] Using selector: KqueueSelector
2026-09-19 16:36:58 DEBUG [eta.access] POST /api/errors/scan → 200 (5ms)
2026-09-19 16:36:58 DEBUG [asyncio] Using selector: KqueueSelector
2026-09-19 16:36:58 DEBUG [eta.access] POST /api/errors/2/confirm → 200 (5ms)
2026-09-19 16:36:58 DEBUG [asyncio] Using selector: KqueueSelector
2026-09-19 16:36:58 INFO [eta.export] 导出学生综合信息：2 名学生（class=九(1)班）
2026-09-19 16:36:58 DEBUG [eta.access] GET /api/students/export.csv → 200 (5ms)
2026-09-19 16:36:59 DEBUG [asyncio] Using selector: KqueueSelector
2026-09-19 16:36:59 DEBUG [eta.access] GET /api/errors/batches → 200 (3ms)
2026-09-19 16:36:59 DEBUG [asyncio] Using selector: KqueueSelector
2026-09-19 16:36:59 DEBUG [eta.access] GET /api/errors/batches → 200 (2ms)
2026-09-19 16:36:59 DEBUG [asyncio] Using selector: KqueueSelector
2026-09-19 16:36:59 DEBUG [eta.access] GET /api/decision-sheet → 200 (6ms)
2026-09-19 16:36:59 DEBUG [asyncio] Using selector: KqueueSelector
2026-09-19 16:36:59 DEBUG [eta.access] GET /api/decision-sheet → 200 (6ms)
2026-09-19 16:36:59 DEBUG [asyncio] Using selector: KqueueSelector
2026-09-19 16:36:59 DEBUG [eta.access] GET /api/dashboard → 200 (5ms)
2026-09-19 16:36:59 DEBUG [asyncio] Using selector: KqueueSelector
2026-09-19 16:36:59 DEBUG [eta.access] GET /api/dashboard → 200 (8ms)
2026-09-19 16:36:59 DEBUG [asyncio] Using selector: KqueueSelector
2026-09-19 16:36:59 DEBUG [eta.access] GET /api/trends/categories → 200 (2ms)
2026-09-19 16:36:59 DEBUG [asyncio] Using selector: KqueueSelector
2026-09-19 16:36:59 DEBUG [eta.access] POST /api/errors/confirm-bulk → 200 (3ms)
2026-09-19 16:36:59 DEBUG [asyncio] Using selector: KqueueSelector
2026-09-19 16:36:59 DEBUG [eta.access] GET /api/dashboard → 200 (7ms)
2026-09-19 16:36:59 DEBUG [asyncio] Using selector: KqueueSelector
2026-09-19 16:36:59 DEBUG [eta.access] GET /api/decision-sheet/export → 200 (4ms)
2026-09-19 16:36:59 DEBUG [asyncio] Using selector: KqueueSelector
2026-09-19 16:36:59 DEBUG [eta.access] POST /api/check/dictation → 200 (12ms)
2026-09-19 16:36:59 DEBUG [asyncio] Using selector: KqueueSelector
2026-09-19 16:36:59 DEBUG [eta.access] GET /api/errors → 200 (2ms)
2026-09-19 16:36:59 DEBUG [asyncio] Using selector: KqueueSelector
2026-09-19 16:36:59 DEBUG [eta.access] GET /api/check/sessions → 200 (3ms)
2026-09-19 16:36:59 DEBUG [asyncio] Using selector: KqueueSelector
2026-09-19 16:36:59 DEBUG [eta.access] GET /api/check/sessions/1 → 200 (2ms)
2026-09-19 16:36:59 DEBUG [asyncio] Using selector: KqueueSelector
2026-09-19 16:36:59 DEBUG [eta.access] POST /api/check/assignment → 200 (12ms)
2026-09-19 16:36:59 DEBUG [asyncio] Using selector: KqueueSelector
2026-09-19 16:36:59 DEBUG [eta.access] GET /api/errors → 200 (3ms)
2026-09-19 16:36:59 DEBUG [asyncio] Using selector: KqueueSelector
2026-09-19 16:36:59 DEBUG [eta.access] POST /api/check/assignment → 200 (12ms)
2026-09-19 16:36:59 DEBUG [asyncio] Using selector: KqueueSelector
2026-09-19 16:36:59 DEBUG [eta.access] GET /api/errors → 200 (3ms)
2026-09-19 16:36:59 DEBUG [asyncio] Using selector: KqueueSelector
2026-09-19 16:36:59 DEBUG [eta.access] POST /api/check/assignment → 200 (4ms)
2026-09-19 16:36:59 DEBUG [asyncio] Using selector: KqueueSelector
2026-09-19 16:36:59 DEBUG [eta.access] POST /api/check/assignment → 200 (9ms)
2026-09-19 16:36:59 DEBUG [asyncio] Using selector: KqueueSelector
2026-09-19 16:36:59 DEBUG [eta.access] POST /api/check/dictation → 400 (2ms)
2026-09-19 16:36:59 DEBUG [asyncio] Using selector: KqueueSelector
2026-09-19 16:36:59 DEBUG [eta.access] POST /api/check/assignment → 400 (3ms)
2026-09-19 16:36:59 DEBUG [asyncio] Using selector: KqueueSelector
2026-09-19 16:36:59 DEBUG [eta.access] GET /api/check/sessions/999999 → 404 (2ms)
2026-09-19 16:36:59 DEBUG [asyncio] Using selector: KqueueSelector
2026-09-19 16:36:59 DEBUG [eta.access] POST /api/check/dictation → 200 (5ms)
2026-09-19 16:36:59 DEBUG [asyncio] Using selector: KqueueSelector
2026-09-19 16:36:59 DEBUG [eta.access] PATCH /api/check/sessions/1 → 200 (4ms)
2026-09-19 16:36:59 DEBUG [asyncio] Using selector: KqueueSelector
2026-09-19 16:36:59 DEBUG [eta.access] GET /api/check/sessions → 200 (2ms)
2026-09-19 16:36:59 DEBUG [asyncio] Using selector: KqueueSelector
2026-09-19 16:36:59 DEBUG [eta.access] POST /api/students/import → 200 (4ms)
2026-09-19 16:36:59 DEBUG [asyncio] Using selector: KqueueSelector
2026-09-19 16:36:59 DEBUG [eta.access] POST /api/check/dictation → 200 (9ms)
2026-09-19 16:36:59 DEBUG [asyncio] Using selector: KqueueSelector
2026-09-19 16:36:59 DEBUG [eta.access] GET /api/check/sessions/1/export → 200 (3ms)
2026-09-19 16:36:59 DEBUG [asyncio] Using selector: KqueueSelector
2026-09-19 16:36:59 DEBUG [eta.access] GET /api/check/sessions/999999/export → 404 (3ms)
2026-09-19 16:37:00 DEBUG [asyncio] Using selector: KqueueSelector
2026-09-19 16:37:00 DEBUG [eta.access] POST /api/students → 200 (5ms)
2026-09-19 16:37:00 DEBUG [asyncio] Using selector: KqueueSelector
2026-09-19 16:37:00 DEBUG [eta.access] POST /api/students → 200 (4ms)
2026-09-19 16:37:00 DEBUG [asyncio] Using selector: KqueueSelector
2026-09-19 16:37:00 DEBUG [eta.access] POST /api/students → 200 (5ms)
2026-09-19 16:37:00 DEBUG [asyncio] Using selector: KqueueSelector
2026-09-19 16:37:00 DEBUG [eta.access] POST /api/students → 200 (7ms)
2026-09-19 16:37:00 DEBUG [asyncio] Using selector: KqueueSelector
2026-09-19 16:37:00 DEBUG [eta.access] POST /api/students → 200 (5ms)
2026-09-19 16:37:00 DEBUG [asyncio] Using selector: KqueueSelector
2026-09-19 16:37:00 DEBUG [eta.access] POST /api/students → 200 (5ms)
2026-09-19 16:37:00 DEBUG [asyncio] Using selector: KqueueSelector
2026-09-19 16:37:00 DEBUG [eta.access] POST /api/students/S01/cleanup → 200 (5ms)
2026-09-19 16:37:00 DEBUG [asyncio] Using selector: KqueueSelector
2026-09-19 16:37:00 DEBUG [eta.access] GET /api/students/S01/profile → 200 (5ms)
2026-09-19 16:37:00 DEBUG [asyncio] Using selector: KqueueSelector
2026-09-19 16:37:00 DEBUG [eta.access] POST /api/students/S01/cleanup → 200 (5ms)
2026-09-19 16:37:00 DEBUG [asyncio] Using selector: KqueueSelector
2026-09-19 16:37:00 DEBUG [eta.access] GET /api/students/S01/profile → 200 (3ms)
2026-09-19 16:37:00 DEBUG [asyncio] Using selector: KqueueSelector
2026-09-19 16:37:00 DEBUG [eta.access] POST /api/students → 200 (5ms)
2026-09-19 16:37:00 DEBUG [asyncio] Using selector: KqueueSelector
2026-09-19 16:37:00 DEBUG [eta.access] POST /api/students → 200 (3ms)
2026-09-19 16:37:00 DEBUG [asyncio] Using selector: KqueueSelector
2026-09-19 16:37:00 DEBUG [eta.access] POST /api/students/S01/cleanup → 200 (3ms)
2026-09-19 16:37:00 DEBUG [asyncio] Using selector: KqueueSelector
2026-09-19 16:37:00 DEBUG [eta.access] POST /api/students → 200 (4ms)
2026-09-19 16:37:00 DEBUG [asyncio] Using selector: KqueueSelector
2026-09-19 16:37:00 DEBUG [eta.access] POST /api/students → 200 (4ms)
2026-09-19 16:37:00 DEBUG [asyncio] Using selector: KqueueSelector
2026-09-19 16:37:00 DEBUG [eta.access] POST /api/students/S01/cleanup → 200 (4ms)
2026-09-19 16:37:00 DEBUG [asyncio] Using selector: KqueueSelector
2026-09-19 16:37:00 DEBUG [eta.access] POST /api/students → 200 (5ms)
2026-09-19 16:37:00 DEBUG [asyncio] Using selector: KqueueSelector
2026-09-19 16:37:00 DEBUG [eta.access] POST /api/students → 200 (4ms)
2026-09-19 16:37:00 DEBUG [asyncio] Using selector: KqueueSelector
2026-09-19 16:37:00 DEBUG [eta.access] POST /api/students/S01/cleanup → 200 (4ms)
2026-09-19 16:37:00 DEBUG [asyncio] Using selector: KqueueSelector
2026-09-19 16:37:00 DEBUG [eta.access] POST /api/students → 200 (5ms)
2026-09-19 16:37:00 DEBUG [asyncio] Using selector: KqueueSelector
2026-09-19 16:37:00 DEBUG [eta.access] POST /api/students/P01/cleanup → 400 (2ms)
2026-09-19 16:37:00 DEBUG [asyncio] Using selector: KqueueSelector
2026-09-19 16:37:00 DEBUG [eta.access] POST /api/students/P01/cleanup → 400 (5ms)
2026-09-19 16:37:00 DEBUG [asyncio] Using selector: KqueueSelector
2026-09-19 16:37:00 DEBUG [eta.access] POST /api/students/NOPE/cleanup → 404 (2ms)
2026-09-19 16:37:00 DEBUG [asyncio] Using selector: KqueueSelector
2026-09-19 16:37:00 DEBUG [eta.access] POST /api/students → 200 (4ms)
2026-09-19 16:37:00 DEBUG [asyncio] Using selector: KqueueSelector
2026-09-19 16:37:00 DEBUG [eta.access] POST /api/students/V01/cleanup → 400 (2ms)
2026-09-19 16:37:00 WARNING [eta.ocr] dual 文档流 mineru 通道失败（降级继续）：MinerU 链路抖动
2026-09-19 16:37:00 WARNING [eta.ocr] dual 文档流 mineru 通道失败（降级继续）：down
2026-09-19 16:37:00 WARNING [eta.ocr] dual 文档流 paddleocr 通道失败（降级继续）：down
2026-09-19 16:37:01 DEBUG [asyncio] Using selector: KqueueSelector
2026-09-19 16:37:01 ERROR [eta.logs] 浏览器 [ERROR] 页面=#/scan 页面脚本错误
at boot
2026-09-19 16:37:01 DEBUG [eta.access] POST /api/logs/client → 200 (3ms)
2026-09-19 16:37:01 INFO [eta.ocr] MinerU batch=b1 创建，上传图片 (5 bytes)
2026-09-19 16:37:02 WARNING [eta.trace] 运行留痕写入失败：[Errno 20] Not a directory: '/private/var/folders/sh/v4ws268d63928m_6n_jzds6m0000gn/T/pytest-of-zbloom/pytest-17/test_record_never_raises_on_io0/blocker/sub'
2026-09-19 16:37:02 DEBUG [asyncio] Using selector: KqueueSelector
2026-09-19 16:37:02 DEBUG [eta.access] POST /api/check/organize-upload → 200 (2ms)
2026-09-19 16:37:02 DEBUG [asyncio] Using selector: KqueueSelector
2026-09-19 16:37:02 DEBUG [eta.access] POST /api/check/organize-upload → 200 (2ms)
2026-09-19 16:37:02 DEBUG [asyncio] Using selector: KqueueSelector
2026-09-19 16:37:02 DEBUG [eta.access] POST /api/check/organize-upload → 400 (1ms)
2026-09-19 16:37:02 DEBUG [asyncio] Using selector: KqueueSelector
2026-09-19 16:37:02 DEBUG [eta.access] POST /api/students/import → 200 (4ms)
2026-09-19 16:37:02 DEBUG [asyncio] Using selector: KqueueSelector
2026-09-19 16:37:02 DEBUG [eta.access] POST /api/check/photo-parse → 200 (4ms)
2026-09-19 16:37:02 DEBUG [asyncio] Using selector: KqueueSelector
2026-09-19 16:37:02 DEBUG [eta.access] POST /api/check/photo-parse → 200 (5ms)
2026-09-19 16:37:02 DEBUG [asyncio] Using selector: KqueueSelector
2026-09-19 16:37:02 DEBUG [eta.access] POST /api/check/photo-parse → 200 (2ms)
2026-09-19 16:37:02 DEBUG [asyncio] Using selector: KqueueSelector
2026-09-19 16:37:02 WARNING [eta.services.photo_check] 批改读图失败（张三/bad.jpg）：识别失败
2026-09-19 16:37:02 DEBUG [eta.access] POST /api/check/photo-parse → 200 (3ms)
2026-09-19 16:37:02 DEBUG [asyncio] Using selector: KqueueSelector
2026-09-19 16:37:02 DEBUG [eta.access] POST /api/check/photo-parse → 422 (1ms)
2026-09-19 16:37:02 DEBUG [asyncio] Using selector: KqueueSelector
2026-09-19 16:37:02 DEBUG [eta.access] POST /api/students/import → 200 (4ms)
2026-09-19 16:37:02 DEBUG [asyncio] Using selector: KqueueSelector
2026-09-19 16:37:02 DEBUG [eta.access] POST /api/check/assignment → 200 (9ms)
2026-09-19 16:37:02 DEBUG [asyncio] Using selector: KqueueSelector
2026-09-19 16:37:02 DEBUG [eta.access] GET /api/errors → 200 (2ms)
2026-09-19 16:37:02 DEBUG [asyncio] Using selector: KqueueSelector
2026-09-19 16:37:02 DEBUG [eta.access] GET /api/check/sessions/1/files → 200 (3ms)
2026-09-19 16:37:02 DEBUG [asyncio] Using selector: KqueueSelector
2026-09-19 16:37:02 DEBUG [eta.access] GET /api/check/sessions → 200 (2ms)
2026-09-19 16:37:02 DEBUG [asyncio] Using selector: KqueueSelector
2026-09-19 16:37:02 DEBUG [eta.access] POST /api/check/assignment → 200 (7ms)
2026-09-19 16:37:02 DEBUG [asyncio] Using selector: KqueueSelector
2026-09-19 16:37:02 DEBUG [eta.access] GET /api/check/sessions/1 → 200 (3ms)
2026-09-19 16:37:02 DEBUG [asyncio] Using selector: KqueueSelector
2026-09-19 16:37:02 DEBUG [eta.access] POST /api/students/import → 200 (4ms)
2026-09-19 16:37:02 DEBUG [asyncio] Using selector: KqueueSelector
2026-09-19 16:37:02 DEBUG [eta.access] POST /api/check/assignment → 200 (8ms)
2026-09-19 16:37:02 DEBUG [asyncio] Using selector: KqueueSelector
2026-09-19 16:37:02 DEBUG [eta.access] POST /api/students/import → 200 (3ms)
2026-09-19 16:37:02 DEBUG [asyncio] Using selector: KqueueSelector
2026-09-19 16:37:02 DEBUG [eta.access] POST /api/check/assignment → 200 (8ms)
2026-09-19 16:37:02 DEBUG [asyncio] Using selector: KqueueSelector
2026-09-19 16:37:02 DEBUG [eta.access] GET /api/check/sessions → 200 (3ms)
2026-09-19 16:37:02 DEBUG [asyncio] Using selector: KqueueSelector
2026-09-19 16:37:02 DEBUG [eta.access] GET /api/check/sessions → 200 (2ms)
2026-09-19 16:37:02 DEBUG [asyncio] Using selector: KqueueSelector
2026-09-19 16:37:02 DEBUG [eta.access] POST /api/students/import → 200 (4ms)
2026-09-19 16:37:02 DEBUG [asyncio] Using selector: KqueueSelector
2026-09-19 16:37:02 DEBUG [eta.access] POST /api/check/assignment → 200 (9ms)
2026-09-19 16:37:02 DEBUG [asyncio] Using selector: KqueueSelector
2026-09-19 16:37:02 DEBUG [eta.access] GET /api/check/sessions/1/files → 200 (2ms)
2026-09-19 16:37:02 DEBUG [asyncio] Using selector: KqueueSelector
2026-09-19 16:37:02 DEBUG [eta.access] DELETE /api/check/sessions/1 → 200 (4ms)
2026-09-19 16:37:02 DEBUG [asyncio] Using selector: KqueueSelector
2026-09-19 16:37:02 DEBUG [eta.access] GET /api/check/sessions/1 → 404 (2ms)
2026-09-19 16:37:02 DEBUG [asyncio] Using selector: KqueueSelector
2026-09-19 16:37:02 DEBUG [eta.access] GET /api/check/sessions/1/files → 404 (2ms)
2026-09-19 16:37:02 DEBUG [asyncio] Using selector: KqueueSelector
2026-09-19 16:37:02 DEBUG [eta.access] GET /api/errors → 200 (2ms)
2026-09-19 16:37:02 DEBUG [asyncio] Using selector: KqueueSelector
2026-09-19 16:37:02 DEBUG [eta.access] POST /api/students/import → 200 (3ms)
2026-09-19 16:37:02 DEBUG [asyncio] Using selector: KqueueSelector
2026-09-19 16:37:02 DEBUG [eta.access] POST /api/check/assignment → 200 (9ms)
2026-09-19 16:37:02 DEBUG [asyncio] Using selector: KqueueSelector
2026-09-19 16:37:02 DEBUG [eta.access] DELETE /api/check/sessions/2 → 200 (3ms)
2026-09-19 16:37:02 DEBUG [asyncio] Using selector: KqueueSelector
2026-09-19 16:37:02 DEBUG [eta.access] GET /api/errors → 200 (2ms)
2026-09-19 16:37:02 DEBUG [asyncio] Using selector: KqueueSelector
2026-09-19 16:37:02 DEBUG [eta.access] DELETE /api/check/sessions/999999 → 404 (1ms)
2026-09-19 16:37:02 DEBUG [asyncio] Using selector: KqueueSelector
2026-09-19 16:37:02 DEBUG [eta.access] POST /api/students/import → 200 (5ms)
2026-09-19 16:37:02 DEBUG [asyncio] Using selector: KqueueSelector
2026-09-19 16:37:02 DEBUG [eta.access] POST /api/check/photo-parse → 200 (3ms)
2026-09-19 16:37:02 DEBUG [asyncio] Using selector: KqueueSelector
2026-09-19 16:37:02 DEBUG [eta.access] POST /api/check/photo-parse → 200 (2ms)
2026-09-19 16:37:02 DEBUG [asyncio] Using selector: KqueueSelector
2026-09-19 16:37:02 DEBUG [eta.access] POST /api/check/md-reparse → 200 (3ms)
2026-09-19 16:37:02 DEBUG [asyncio] Using selector: KqueueSelector
2026-09-19 16:37:02 DEBUG [eta.access] POST /api/check/md-reparse → 400 (2ms)
2026-09-19 16:37:02 DEBUG [asyncio] Using selector: KqueueSelector
2026-09-19 16:37:02 DEBUG [eta.access] POST /api/students/import → 200 (4ms)
2026-09-19 16:37:02 DEBUG [asyncio] Using selector: KqueueSelector
2026-09-19 16:37:02 DEBUG [eta.access] POST /api/check/assignment → 200 (4ms)
2026-09-19 16:37:02 DEBUG [asyncio] Using selector: KqueueSelector
2026-09-19 16:37:02 DEBUG [eta.access] POST /api/students/import → 200 (4ms)
2026-09-19 16:37:02 DEBUG [asyncio] Using selector: KqueueSelector
2026-09-19 16:37:02 DEBUG [eta.access] POST /api/check/assignment → 200 (4ms)
2026-09-19 16:37:02 DEBUG [asyncio] Using selector: KqueueSelector
2026-09-19 16:37:02 DEBUG [eta.access] GET /api/check/sessions → 200 (2ms)
2026-09-19 16:37:02 DEBUG [asyncio] Using selector: KqueueSelector
2026-09-19 16:37:02 DEBUG [eta.access] GET /api/check/sessions → 200 (2ms)
2026-09-19 16:37:02 DEBUG [asyncio] Using selector: KqueueSelector
2026-09-19 16:37:02 DEBUG [eta.access] GET /api/check/sessions → 200 (2ms)
2026-09-19 16:39:52 INFO [eta] 日志已就绪：目录 runtime/logs（按天轮转，保留 14 天，终端级别 INFO / 文件级别 DEBUG）
2026-09-19 16:39:52 INFO [eta.providers.agent_chat] 智能体会话调用完成 | 返回 2 字，耗时 0ms
2026-09-19 16:39:52 INFO [eta.providers.agent_chat] 智能体会话调用完成 | 返回 2 字，耗时 0ms
2026-09-19 16:39:52 WARNING [eta.providers.agent_chat] 智能体会话请求失败，2s 后重试一次：connection reset
2026-09-19 16:39:55 WARNING [eta.services.photo_check] 多图联合解析失败，该批降级逐张解析：多图联合失败
2026-09-19 16:39:55 WARNING [eta.services.photo_check] Markdown 结构化失败：DeepSeek 超时
2026-09-19 16:39:55 WARNING [eta.services.photo_check] 智能体会话解析失败，降级 OCR 转录解析：invalid_api_key
2026-09-19 16:39:55 WARNING [eta.services.photo_check] 多图联合解析失败，该批降级逐张解析：多图联合失败（测试桩）
2026-09-19 16:39:55 DEBUG [asyncio] Using selector: KqueueSelector
2026-09-19 16:39:55 DEBUG [eta.access] GET /api/health → 200 (33ms)
2026-09-19 16:39:55 DEBUG [asyncio] Using selector: KqueueSelector
2026-09-19 16:39:55 DEBUG [eta.access] GET /api/ontology → 200 (3ms)
2026-09-19 16:39:55 DEBUG [asyncio] Using selector: KqueueSelector
2026-09-19 16:39:55 DEBUG [eta.access] POST /api/students/import → 200 (4ms)
2026-09-19 16:39:55 DEBUG [asyncio] Using selector: KqueueSelector
2026-09-19 16:39:55 DEBUG [eta.access] GET /api/students → 200 (4ms)
2026-09-19 16:39:55 DEBUG [asyncio] Using selector: KqueueSelector
2026-09-19 16:39:55 DEBUG [eta.access] POST /api/errors/scan → 200 (8ms)
2026-09-19 16:39:55 DEBUG [asyncio] Using selector: KqueueSelector
2026-09-19 16:39:55 DEBUG [eta.access] GET /api/errors → 200 (3ms)
2026-09-19 16:39:55 DEBUG [asyncio] Using selector: KqueueSelector
2026-09-19 16:39:55 DEBUG [eta.access] POST /api/errors/1/confirm → 200 (10ms)
2026-09-19 16:39:55 DEBUG [asyncio] Using selector: KqueueSelector
2026-09-19 16:39:55 DEBUG [eta.access] POST /api/errors/scan → 200 (7ms)
2026-09-19 16:39:55 DEBUG [asyncio] Using selector: KqueueSelector
2026-09-19 16:39:55 DEBUG [eta.access] POST /api/errors/2/confirm → 200 (7ms)
2026-09-19 16:39:55 DEBUG [asyncio] Using selector: KqueueSelector
2026-09-19 16:39:55 DEBUG [eta.access] POST /api/errors/scan → 200 (9ms)
2026-09-19 16:39:55 DEBUG [asyncio] Using selector: KqueueSelector
2026-09-19 16:39:55 DEBUG [eta.access] GET /api/errors → 200 (3ms)
2026-09-19 16:39:55 DEBUG [asyncio] Using selector: KqueueSelector
2026-09-19 16:39:55 DEBUG [eta.access] POST /api/errors/3/confirm → 200 (7ms)
2026-09-19 16:39:55 DEBUG [asyncio] Using selector: KqueueSelector
2026-09-19 16:39:55 DEBUG [eta.access] POST /api/errors/scan → 200 (12ms)
2026-09-19 16:39:55 DEBUG [asyncio] Using selector: KqueueSelector
2026-09-19 16:39:55 DEBUG [eta.access] GET /api/errors → 200 (3ms)
2026-09-19 16:39:55 DEBUG [asyncio] Using selector: KqueueSelector
2026-09-19 16:39:55 DEBUG [eta.access] POST /api/errors/4/confirm → 200 (12ms)
2026-09-19 16:39:55 DEBUG [asyncio] Using selector: KqueueSelector
2026-09-19 16:39:55 DEBUG [eta.access] POST /api/errors/scan → 200 (12ms)
2026-09-19 16:39:55 DEBUG [asyncio] Using selector: KqueueSelector
2026-09-19 16:39:55 DEBUG [eta.access] GET /api/errors → 200 (3ms)
2026-09-19 16:39:55 DEBUG [asyncio] Using selector: KqueueSelector
2026-09-19 16:39:55 DEBUG [eta.access] POST /api/errors/5/confirm → 200 (5ms)
2026-09-19 16:39:55 DEBUG [asyncio] Using selector: KqueueSelector
2026-09-19 16:39:55 DEBUG [eta.access] POST /api/errors/scan → 200 (6ms)
2026-09-19 16:39:55 DEBUG [asyncio] Using selector: KqueueSelector
2026-09-19 16:39:55 DEBUG [eta.access] GET /api/errors → 200 (2ms)
2026-09-19 16:39:55 DEBUG [asyncio] Using selector: KqueueSelector
2026-09-19 16:39:55 DEBUG [eta.access] POST /api/errors/6/confirm → 200 (4ms)
2026-09-19 16:39:55 DEBUG [asyncio] Using selector: KqueueSelector
2026-09-19 16:39:55 DEBUG [eta.access] POST /api/errors/scan → 200 (5ms)
2026-09-19 16:39:55 DEBUG [asyncio] Using selector: KqueueSelector
2026-09-19 16:39:55 DEBUG [eta.access] GET /api/errors → 200 (2ms)
2026-09-19 16:39:55 DEBUG [asyncio] Using selector: KqueueSelector
2026-09-19 16:39:55 DEBUG [eta.access] POST /api/errors/7/confirm → 200 (4ms)
2026-09-19 16:39:55 DEBUG [asyncio] Using selector: KqueueSelector
2026-09-19 16:39:55 DEBUG [eta.access] POST /api/errors/scan → 200 (27ms)
2026-09-19 16:39:55 DEBUG [asyncio] Using selector: KqueueSelector
2026-09-19 16:39:55 DEBUG [eta.access] GET /api/errors → 200 (4ms)
2026-09-19 16:39:55 DEBUG [asyncio] Using selector: KqueueSelector
2026-09-19 16:39:55 DEBUG [eta.access] POST /api/errors/8/confirm → 200 (6ms)
2026-09-19 16:39:55 DEBUG [asyncio] Using selector: KqueueSelector
2026-09-19 16:39:55 DEBUG [eta.access] POST /api/errors/scan → 200 (8ms)
2026-09-19 16:39:55 DEBUG [asyncio] Using selector: KqueueSelector
2026-09-19 16:39:55 DEBUG [eta.access] GET /api/errors → 200 (3ms)
2026-09-19 16:39:55 DEBUG [asyncio] Using selector: KqueueSelector
2026-09-19 16:39:55 DEBUG [eta.access] POST /api/errors/9/confirm → 200 (5ms)
2026-09-19 16:39:55 DEBUG [asyncio] Using selector: KqueueSelector
2026-09-19 16:39:55 DEBUG [eta.access] POST /api/errors/scan → 200 (10ms)
2026-09-19 16:39:55 DEBUG [asyncio] Using selector: KqueueSelector
2026-09-19 16:39:55 DEBUG [eta.access] GET /api/errors → 200 (2ms)
2026-09-19 16:39:55 DEBUG [asyncio] Using selector: KqueueSelector
2026-09-19 16:39:55 DEBUG [eta.access] POST /api/errors/10/confirm → 200 (5ms)
2026-09-19 16:39:55 DEBUG [asyncio] Using selector: KqueueSelector
2026-09-19 16:39:55 DEBUG [eta.access] POST /api/errors/scan → 200 (5ms)
2026-09-19 16:39:55 DEBUG [asyncio] Using selector: KqueueSelector
2026-09-19 16:39:55 DEBUG [eta.access] GET /api/errors → 200 (3ms)
2026-09-19 16:39:55 DEBUG [asyncio] Using selector: KqueueSelector
2026-09-19 16:39:55 DEBUG [eta.access] POST /api/errors/11/confirm → 200 (4ms)
2026-09-19 16:39:55 DEBUG [asyncio] Using selector: KqueueSelector
2026-09-19 16:39:55 DEBUG [eta.access] POST /api/errors/scan → 200 (7ms)
2026-09-19 16:39:55 DEBUG [asyncio] Using selector: KqueueSelector
2026-09-19 16:39:55 DEBUG [eta.access] GET /api/errors → 200 (2ms)
2026-09-19 16:39:55 DEBUG [asyncio] Using selector: KqueueSelector
2026-09-19 16:39:55 DEBUG [eta.access] POST /api/errors/12/confirm → 200 (5ms)
2026-09-19 16:39:55 DEBUG [asyncio] Using selector: KqueueSelector
2026-09-19 16:39:55 DEBUG [eta.access] POST /api/errors/scan → 200 (6ms)
2026-09-19 16:39:55 DEBUG [asyncio] Using selector: KqueueSelector
2026-09-19 16:39:55 DEBUG [eta.access] GET /api/errors → 200 (3ms)
2026-09-19 16:39:55 DEBUG [asyncio] Using selector: KqueueSelector
2026-09-19 16:39:55 DEBUG [eta.access] POST /api/errors/13/confirm → 200 (5ms)
2026-09-19 16:39:55 DEBUG [asyncio] Using selector: KqueueSelector
2026-09-19 16:39:55 DEBUG [eta.access] POST /api/errors/scan → 200 (9ms)
2026-09-19 16:39:55 DEBUG [asyncio] Using selector: KqueueSelector
2026-09-19 16:39:55 DEBUG [eta.access] GET /api/errors → 200 (2ms)
2026-09-19 16:39:55 DEBUG [asyncio] Using selector: KqueueSelector
2026-09-19 16:39:55 DEBUG [eta.access] POST /api/errors/14/confirm → 200 (5ms)
2026-09-19 16:39:55 DEBUG [asyncio] Using selector: KqueueSelector
2026-09-19 16:39:55 DEBUG [eta.access] POST /api/practice/generate → 200 (5ms)
2026-09-19 16:39:55 DEBUG [asyncio] Using selector: KqueueSelector
2026-09-19 16:39:55 DEBUG [eta.access] POST /api/practice/1/approve → 200 (5ms)
2026-09-19 16:39:55 DEBUG [asyncio] Using selector: KqueueSelector
2026-09-19 16:39:55 DEBUG [eta.access] GET /api/decision-sheet → 200 (8ms)
2026-09-19 16:39:55 DEBUG [asyncio] Using selector: KqueueSelector
2026-09-19 16:39:55 DEBUG [eta.access] GET /api/trends/categories → 200 (4ms)
2026-09-19 16:39:56 DEBUG [asyncio] Using selector: KqueueSelector
2026-09-19 16:39:56 DEBUG [eta.access] GET /api/export/errors.csv → 200 (2ms)
2026-09-19 16:39:56 DEBUG [asyncio] Using selector: KqueueSelector
2026-09-19 16:39:56 DEBUG [eta.access] POST /api/errors/scan → 200 (4ms)
2026-09-19 16:39:56 DEBUG [asyncio] Using selector: KqueueSelector
2026-09-19 16:39:56 DEBUG [eta.access] POST /api/errors/scan → 400 (4ms)
2026-09-19 16:39:56 DEBUG [asyncio] Using selector: KqueueSelector
2026-09-19 16:39:56 DEBUG [eta.access] POST /api/errors/scan → 200 (4ms)
2026-09-19 16:39:56 DEBUG [asyncio] Using selector: KqueueSelector
2026-09-19 16:39:56 DEBUG [eta.access] POST /api/errors/1/confirm → 400 (3ms)
2026-09-19 16:39:56 DEBUG [asyncio] Using selector: KqueueSelector
2026-09-19 16:39:56 DEBUG [eta.access] POST /api/students/import → 200 (4ms)
2026-09-19 16:39:56 DEBUG [asyncio] Using selector: KqueueSelector
2026-09-19 16:39:56 DEBUG [eta.access] POST /api/errors/scan-batch → 200 (15ms)
2026-09-19 16:39:56 DEBUG [asyncio] Using selector: KqueueSelector
2026-09-19 16:39:56 DEBUG [eta.access] GET /api/errors → 200 (2ms)
2026-09-19 16:39:56 DEBUG [asyncio] Using selector: KqueueSelector
2026-09-19 16:39:56 DEBUG [eta.access] POST /api/students/import → 200 (4ms)
2026-09-19 16:39:56 DEBUG [asyncio] Using selector: KqueueSelector
2026-09-19 16:39:56 DEBUG [eta.access] POST /api/errors/scan-batch → 200 (12ms)
2026-09-19 16:39:56 DEBUG [asyncio] Using selector: KqueueSelector
2026-09-19 16:39:56 DEBUG [eta.access] POST /api/students/import → 200 (5ms)
2026-09-19 16:39:56 DEBUG [asyncio] Using selector: KqueueSelector
2026-09-19 16:39:56 DEBUG [eta.access] POST /api/errors/scan-batch → 200 (6ms)
2026-09-19 16:39:56 DEBUG [asyncio] Using selector: KqueueSelector
2026-09-19 16:39:56 DEBUG [eta.access] POST /api/students/import → 200 (3ms)
2026-09-19 16:39:56 DEBUG [asyncio] Using selector: KqueueSelector
2026-09-19 16:39:56 DEBUG [eta.access] POST /api/errors/scan-photos → 200 (4ms)
2026-09-19 16:39:56 DEBUG [asyncio] Using selector: KqueueSelector
2026-09-19 16:39:56 DEBUG [eta.access] GET /api/errors → 200 (2ms)
2026-09-19 16:39:56 DEBUG [asyncio] Using selector: KqueueSelector
2026-09-19 16:39:56 DEBUG [eta.access] POST /api/errors/scan-photos-submit → 200 (14ms)
2026-09-19 16:39:56 DEBUG [asyncio] Using selector: KqueueSelector
2026-09-19 16:39:56 DEBUG [eta.access] GET /api/errors → 200 (3ms)
2026-09-19 16:39:56 DEBUG [asyncio] Using selector: KqueueSelector
2026-09-19 16:39:56 DEBUG [eta.access] POST /api/errors/scan-photos → 400 (1ms)
2026-09-19 16:39:56 DEBUG [asyncio] Using selector: KqueueSelector
2026-09-19 16:39:56 DEBUG [eta.access] POST /api/errors/scan-photos → 400 (2ms)
2026-09-19 16:39:56 DEBUG [asyncio] Using selector: KqueueSelector
2026-09-19 16:39:56 DEBUG [eta.access] POST /api/errors/scan-photos → 400 (1ms)
2026-09-19 16:39:56 DEBUG [asyncio] Using selector: KqueueSelector
2026-09-19 16:39:56 DEBUG [eta.access] POST /api/errors/scan → 200 (4ms)
2026-09-19 16:39:56 DEBUG [asyncio] Using selector: KqueueSelector
2026-09-19 16:39:56 DEBUG [eta.access] POST /api/errors/scan → 200 (4ms)
2026-09-19 16:39:56 DEBUG [asyncio] Using selector: KqueueSelector
2026-09-19 16:39:56 DEBUG [eta.access] GET /api/errors → 200 (2ms)
2026-09-19 16:39:56 DEBUG [asyncio] Using selector: KqueueSelector
2026-09-19 16:39:56 DEBUG [eta.access] POST /api/errors/confirm-bulk → 200 (3ms)
2026-09-19 16:39:56 DEBUG [asyncio] Using selector: KqueueSelector
2026-09-19 16:39:56 DEBUG [eta.access] GET /api/errors → 200 (3ms)
2026-09-19 16:39:56 DEBUG [asyncio] Using selector: KqueueSelector
2026-09-19 16:39:56 DEBUG [eta.access] POST /api/errors/confirm-bulk → 200 (4ms)
2026-09-19 16:39:56 DEBUG [asyncio] Using selector: KqueueSelector
2026-09-19 16:39:56 DEBUG [eta.access] GET /api/errors → 200 (2ms)
2026-09-19 16:39:56 DEBUG [asyncio] Using selector: KqueueSelector
2026-09-19 16:39:56 DEBUG [eta.access] POST /api/errors/confirm-bulk → 400 (2ms)
2026-09-19 16:39:56 DEBUG [asyncio] Using selector: KqueueSelector
2026-09-19 16:39:56 DEBUG [eta.access] POST /api/students → 200 (4ms)
2026-09-19 16:39:56 DEBUG [asyncio] Using selector: KqueueSelector
2026-09-19 16:39:56 DEBUG [eta.access] POST /api/students → 400 (2ms)
2026-09-19 16:39:56 DEBUG [asyncio] Using selector: KqueueSelector
2026-09-19 16:39:56 DEBUG [eta.access] POST /api/errors/scan → 200 (6ms)
2026-09-19 16:39:56 DEBUG [asyncio] Using selector: KqueueSelector
2026-09-19 16:39:56 DEBUG [eta.access] PUT /api/students/9101 → 200 (5ms)
2026-09-19 16:39:56 DEBUG [asyncio] Using selector: KqueueSelector
2026-09-19 16:39:56 DEBUG [eta.access] GET /api/errors → 200 (3ms)
2026-09-19 16:39:56 DEBUG [asyncio] Using selector: KqueueSelector
2026-09-19 16:39:56 DEBUG [eta.access] POST /api/students → 200 (3ms)
2026-09-19 16:39:56 DEBUG [asyncio] Using selector: KqueueSelector
2026-09-19 16:39:56 DEBUG [eta.access] PUT /api/students/9201 → 400 (3ms)
2026-09-19 16:39:56 DEBUG [asyncio] Using selector: KqueueSelector
2026-09-19 16:39:56 DEBUG [eta.access] DELETE /api/students/9201 → 200 (4ms)
2026-09-19 16:39:56 DEBUG [asyncio] Using selector: KqueueSelector
2026-09-19 16:39:56 DEBUG [eta.access] GET /api/errors → 200 (2ms)
2026-09-19 16:39:56 DEBUG [asyncio] Using selector: KqueueSelector
2026-09-19 16:39:56 DEBUG [eta.access] DELETE /api/students/9201 → 404 (2ms)
2026-09-19 16:39:56 DEBUG [asyncio] Using selector: KqueueSelector
2026-09-19 16:39:56 DEBUG [eta.access] POST /api/students → 200 (3ms)
2026-09-19 16:39:56 DEBUG [asyncio] Using selector: KqueueSelector
2026-09-19 16:39:56 DEBUG [eta.access] POST /api/errors/scan → 200 (7ms)
2026-09-19 16:39:56 DEBUG [asyncio] Using selector: KqueueSelector
2026-09-19 16:39:56 DEBUG [eta.access] DELETE /api/students/9102 → 200 (3ms)
2026-09-19 16:39:56 DEBUG [asyncio] Using selector: KqueueSelector
2026-09-19 16:39:56 DEBUG [eta.access] GET /api/errors → 200 (2ms)
2026-09-19 16:39:56 DEBUG [asyncio] Using selector: KqueueSelector
2026-09-19 16:39:56 DEBUG [eta.access] POST /api/classes → 200 (4ms)
2026-09-19 16:39:56 DEBUG [asyncio] Using selector: KqueueSelector
2026-09-19 16:39:56 DEBUG [eta.access] GET /api/classes → 200 (2ms)
2026-09-19 16:39:56 DEBUG [asyncio] Using selector: KqueueSelector
2026-09-19 16:39:56 DEBUG [eta.access] POST /api/classes → 400 (2ms)
2026-09-19 16:39:56 DEBUG [asyncio] Using selector: KqueueSelector
2026-09-19 16:39:56 DEBUG [eta.access] POST /api/classes → 400 (2ms)
2026-09-19 16:39:56 DEBUG [asyncio] Using selector: KqueueSelector
2026-09-19 16:39:56 DEBUG [eta.access] POST /api/students → 200 (3ms)
2026-09-19 16:39:56 DEBUG [asyncio] Using selector: KqueueSelector
2026-09-19 16:39:56 DEBUG [eta.access] POST /api/errors/scan → 200 (4ms)
2026-09-19 16:39:56 DEBUG [asyncio] Using selector: KqueueSelector
2026-09-19 16:39:56 DEBUG [eta.access] PUT /api/classes/九(1)班 → 200 (4ms)
2026-09-19 16:39:56 DEBUG [asyncio] Using selector: KqueueSelector
2026-09-19 16:39:56 DEBUG [eta.access] GET /api/classes → 200 (1ms)
2026-09-19 16:39:56 DEBUG [asyncio] Using selector: KqueueSelector
2026-09-19 16:39:56 DEBUG [eta.access] GET /api/students → 200 (2ms)
2026-09-19 16:39:56 DEBUG [asyncio] Using selector: KqueueSelector
2026-09-19 16:39:56 DEBUG [eta.access] GET /api/errors → 200 (2ms)
2026-09-19 16:39:56 DEBUG [asyncio] Using selector: KqueueSelector
2026-09-19 16:39:56 DEBUG [eta.access] DELETE /api/classes/九(2)班 → 200 (4ms)
2026-09-19 16:39:56 DEBUG [asyncio] Using selector: KqueueSelector
2026-09-19 16:39:56 DEBUG [eta.access] GET /api/students → 200 (2ms)
2026-09-19 16:39:56 DEBUG [asyncio] Using selector: KqueueSelector
2026-09-19 16:39:56 DEBUG [eta.access] GET /api/errors → 200 (2ms)
2026-09-19 16:39:56 DEBUG [asyncio] Using selector: KqueueSelector
2026-09-19 16:39:56 DEBUG [eta.access] POST /api/classes → 200 (4ms)
2026-09-19 16:39:56 DEBUG [asyncio] Using selector: KqueueSelector
2026-09-19 16:39:56 DEBUG [eta.access] POST /api/classes → 200 (5ms)
2026-09-19 16:39:56 DEBUG [asyncio] Using selector: KqueueSelector
2026-09-19 16:39:56 DEBUG [eta.access] POST /api/students → 200 (3ms)
2026-09-19 16:39:56 DEBUG [asyncio] Using selector: KqueueSelector
2026-09-19 16:39:56 DEBUG [eta.access] PUT /api/classes/九(3)班 → 400 (2ms)
2026-09-19 16:39:56 DEBUG [asyncio] Using selector: KqueueSelector
2026-09-19 16:39:56 DEBUG [eta.access] DELETE /api/classes/九(3)班 → 200 (3ms)
2026-09-19 16:39:56 DEBUG [asyncio] Using selector: KqueueSelector
2026-09-19 16:39:56 DEBUG [eta.access] DELETE /api/classes/九(1)班 → 200 (3ms)
2026-09-19 16:39:56 DEBUG [asyncio] Using selector: KqueueSelector
2026-09-19 16:39:56 DEBUG [eta.access] GET /api/classes → 200 (2ms)
2026-09-19 16:39:56 DEBUG [asyncio] Using selector: KqueueSelector
2026-09-19 16:39:56 DEBUG [eta.access] POST /api/classes → 200 (3ms)
2026-09-19 16:39:56 DEBUG [asyncio] Using selector: KqueueSelector
2026-09-19 16:39:56 DEBUG [eta.access] POST /api/students → 200 (6ms)
2026-09-19 16:39:56 DEBUG [asyncio] Using selector: KqueueSelector
2026-09-19 16:39:56 DEBUG [eta.access] POST /api/errors/scan → 200 (5ms)
2026-09-19 16:39:56 DEBUG [asyncio] Using selector: KqueueSelector
2026-09-19 16:39:56 DEBUG [eta.access] DELETE /api/classes/旧库班 → 200 (5ms)
2026-09-19 16:39:56 DEBUG [asyncio] Using selector: KqueueSelector
2026-09-19 16:39:56 DEBUG [eta.access] POST /api/errors/scan → 200 (4ms)
2026-09-19 16:39:56 DEBUG [asyncio] Using selector: KqueueSelector
2026-09-19 16:39:56 DEBUG [eta.access] POST /api/errors/1/confirm → 200 (5ms)
2026-09-19 16:39:56 DEBUG [asyncio] Using selector: KqueueSelector
2026-09-19 16:39:56 DEBUG [eta.access] POST /api/errors/scan → 200 (3ms)
2026-09-19 16:39:56 DEBUG [asyncio] Using selector: KqueueSelector
2026-09-19 16:39:56 DEBUG [eta.access] POST /api/errors/2/confirm → 200 (5ms)
2026-09-19 16:39:56 DEBUG [asyncio] Using selector: KqueueSelector
2026-09-19 16:39:56 DEBUG [eta.access] POST /api/errors/scan → 200 (4ms)
2026-09-19 16:39:56 DEBUG [asyncio] Using selector: KqueueSelector
2026-09-19 16:39:56 DEBUG [eta.access] POST /api/errors/3/confirm → 200 (4ms)
2026-09-19 16:39:56 DEBUG [asyncio] Using selector: KqueueSelector
2026-09-19 16:39:56 DEBUG [eta.access] POST /api/errors/scan → 200 (5ms)
2026-09-19 16:39:56 DEBUG [asyncio] Using selector: KqueueSelector
2026-09-19 16:39:56 DEBUG [eta.access] POST /api/errors/4/confirm → 200 (4ms)
2026-09-19 16:39:56 DEBUG [asyncio] Using selector: KqueueSelector
2026-09-19 16:39:56 DEBUG [eta.access] POST /api/decision-sheet/ai → 200 (7ms)
2026-09-19 16:39:56 DEBUG [asyncio] Using selector: KqueueSelector
2026-09-19 16:39:56 DEBUG [eta.access] POST /api/decision-sheet/ai → 400 (3ms)
2026-09-19 16:39:56 DEBUG [asyncio] Using selector: KqueueSelector
2026-09-19 16:39:56 DEBUG [eta.access] POST /api/practice/generate → 422 (1ms)
2026-09-19 16:39:56 DEBUG [asyncio] Using selector: KqueueSelector
2026-09-19 16:39:56 DEBUG [eta.access] POST /api/practice/generate → 422 (1ms)
2026-09-19 16:39:56 DEBUG [asyncio] Using selector: KqueueSelector
2026-09-19 16:39:56 DEBUG [eta.access] POST /api/practice/generate → 200 (4ms)
2026-09-19 16:39:56 DEBUG [asyncio] Using selector: KqueueSelector
2026-09-19 16:39:56 DEBUG [eta.access] POST /api/practice/generate → 200 (5ms)
2026-09-19 16:39:56 DEBUG [asyncio] Using selector: KqueueSelector
2026-09-19 16:39:56 DEBUG [eta.access] POST /api/practice/generate → 200 (5ms)
2026-09-19 16:39:56 DEBUG [asyncio] Using selector: KqueueSelector
2026-09-19 16:39:56 DEBUG [eta.access] POST /api/practice/generate → 400 (1ms)
2026-09-19 16:39:56 DEBUG [asyncio] Using selector: KqueueSelector
2026-09-19 16:39:56 DEBUG [eta.access] POST /api/practice/generate → 400 (2ms)
2026-09-19 16:39:56 DEBUG [asyncio] Using selector: KqueueSelector
2026-09-19 16:39:56 DEBUG [eta.access] POST /api/paper/generate → 400 (3ms)
2026-09-19 16:39:56 DEBUG [asyncio] Using selector: KqueueSelector
2026-09-19 16:39:56 DEBUG [eta.access] POST /api/errors/scan → 200 (4ms)
2026-09-19 16:39:56 DEBUG [asyncio] Using selector: KqueueSelector
2026-09-19 16:39:56 DEBUG [eta.access] POST /api/errors/1/confirm → 200 (4ms)
2026-09-19 16:39:56 DEBUG [asyncio] Using selector: KqueueSelector
2026-09-19 16:39:56 DEBUG [eta.access] POST /api/errors/scan → 200 (4ms)
2026-09-19 16:39:56 DEBUG [asyncio] Using selector: KqueueSelector
2026-09-19 16:39:57 DEBUG [eta.access] POST /api/errors/2/confirm → 200 (5ms)
2026-09-19 16:39:57 DEBUG [asyncio] Using selector: KqueueSelector
2026-09-19 16:39:57 DEBUG [eta.access] POST /api/paper/generate → 200 (4ms)
2026-09-19 16:39:57 DEBUG [asyncio] Using selector: KqueueSelector
2026-09-19 16:39:57 DEBUG [eta.access] POST /api/paper/generate → 200 (5ms)
2026-09-19 16:39:57 DEBUG [asyncio] Using selector: KqueueSelector
2026-09-19 16:39:57 DEBUG [eta.access] POST /api/paper/generate → 422 (2ms)
2026-09-19 16:39:57 DEBUG [asyncio] Using selector: KqueueSelector
2026-09-19 16:39:57 DEBUG [eta.access] POST /api/paper/generate → 422 (1ms)
2026-09-19 16:39:57 DEBUG [asyncio] Using selector: KqueueSelector
2026-09-19 16:39:57 DEBUG [eta.access] POST /api/paper/generate → 200 (5ms)
2026-09-19 16:39:57 DEBUG [asyncio] Using selector: KqueueSelector
2026-09-19 16:39:57 DEBUG [eta.access] GET /api/papers → 200 (3ms)
2026-09-19 16:39:57 DEBUG [asyncio] Using selector: KqueueSelector
2026-09-19 16:39:57 DEBUG [eta.access] POST /api/paper/1/approve → 200 (3ms)
2026-09-19 16:39:57 DEBUG [asyncio] Using selector: KqueueSelector
2026-09-19 16:39:57 DEBUG [eta.access] POST /api/paper/1/approve → 404 (2ms)
2026-09-19 16:39:57 DEBUG [asyncio] Using selector: KqueueSelector
2026-09-19 16:39:57 DEBUG [eta.access] GET /api/papers → 200 (2ms)
2026-09-19 16:39:57 DEBUG [asyncio] Using selector: KqueueSelector
2026-09-19 16:39:57 DEBUG [eta.access] POST /api/practice/generate → 200 (4ms)
2026-09-19 16:39:57 DEBUG [asyncio] Using selector: KqueueSelector
2026-09-19 16:39:57 DEBUG [eta.access] GET /api/practices/export → 400 (19ms)
2026-09-19 16:39:57 DEBUG [asyncio] Using selector: KqueueSelector
2026-09-19 16:39:57 DEBUG [eta.access] GET /api/practices/export → 200 (2ms)
2026-09-19 16:39:57 DEBUG [asyncio] Using selector: KqueueSelector
2026-09-19 16:39:57 DEBUG [eta.access] POST /api/practice/1/approve → 200 (3ms)
2026-09-19 16:39:57 DEBUG [asyncio] Using selector: KqueueSelector
2026-09-19 16:39:57 DEBUG [eta.access] GET /api/practices/export → 200 (2ms)
2026-09-19 16:39:57 DEBUG [asyncio] Using selector: KqueueSelector
2026-09-19 16:39:57 DEBUG [eta.access] GET /api/practices/export → 200 (115ms)
2026-09-19 16:39:57 DEBUG [asyncio] Using selector: KqueueSelector
2026-09-19 16:39:57 DEBUG [eta.access] POST /api/practice/generate → 200 (4ms)
2026-09-19 16:39:57 DEBUG [asyncio] Using selector: KqueueSelector
2026-09-19 16:39:57 DEBUG [eta.access] POST /api/practice/2/approve → 200 (3ms)
2026-09-19 16:39:57 DEBUG [asyncio] Using selector: KqueueSelector
2026-09-19 16:39:57 DEBUG [eta.access] GET /api/practices/export → 200 (2ms)
2026-09-19 16:39:57 DEBUG [asyncio] Using selector: KqueueSelector
2026-09-19 16:39:57 DEBUG [eta.access] GET /api/practices/export → 400 (1ms)
2026-09-19 16:39:57 DEBUG [asyncio] Using selector: KqueueSelector
2026-09-19 16:39:57 DEBUG [eta.access] POST /api/errors/scan → 200 (5ms)
2026-09-19 16:39:57 DEBUG [asyncio] Using selector: KqueueSelector
2026-09-19 16:39:57 DEBUG [eta.access] POST /api/errors/1/confirm → 200 (5ms)
2026-09-19 16:39:57 DEBUG [asyncio] Using selector: KqueueSelector
2026-09-19 16:39:57 DEBUG [eta.access] POST /api/errors/scan → 200 (4ms)
2026-09-19 16:39:57 DEBUG [asyncio] Using selector: KqueueSelector
2026-09-19 16:39:57 DEBUG [eta.access] POST /api/errors/2/confirm → 200 (4ms)
2026-09-19 16:39:57 DEBUG [asyncio] Using selector: KqueueSelector
2026-09-19 16:39:57 DEBUG [eta.access] POST /api/paper/generate → 200 (5ms)
2026-09-19 16:39:57 DEBUG [asyncio] Using selector: KqueueSelector
2026-09-19 16:39:57 DEBUG [eta.access] GET /api/papers/1/export → 400 (2ms)
2026-09-19 16:39:57 DEBUG [asyncio] Using selector: KqueueSelector
2026-09-19 16:39:57 DEBUG [eta.access] POST /api/paper/1/approve → 200 (2ms)
2026-09-19 16:39:57 DEBUG [asyncio] Using selector: KqueueSelector
2026-09-19 16:39:57 DEBUG [eta.access] GET /api/papers/1/export → 200 (2ms)
2026-09-19 16:39:57 DEBUG [asyncio] Using selector: KqueueSelector
2026-09-19 16:39:57 DEBUG [eta.access] GET /api/papers/1/export → 200 (44ms)
2026-09-19 16:39:57 DEBUG [asyncio] Using selector: KqueueSelector
2026-09-19 16:39:57 DEBUG [eta.access] GET /api/papers/999/export → 404 (2ms)
2026-09-19 16:39:57 DEBUG [asyncio] Using selector: KqueueSelector
2026-09-19 16:39:57 DEBUG [eta.access] POST /api/classes → 200 (5ms)
2026-09-19 16:39:57 DEBUG [asyncio] Using selector: KqueueSelector
2026-09-19 16:39:57 DEBUG [eta.access] POST /api/students → 200 (3ms)
2026-09-19 16:39:57 DEBUG [asyncio] Using selector: KqueueSelector
2026-09-19 16:39:57 DEBUG [eta.access] POST /api/errors/scan → 200 (5ms)
2026-09-19 16:39:57 DEBUG [asyncio] Using selector: KqueueSelector
2026-09-19 16:39:57 DEBUG [eta.access] POST /api/errors/1/confirm → 200 (5ms)
2026-09-19 16:39:57 DEBUG [asyncio] Using selector: KqueueSelector
2026-09-19 16:39:57 DEBUG [eta.access] POST /api/errors/scan → 200 (5ms)
2026-09-19 16:39:57 DEBUG [asyncio] Using selector: KqueueSelector
2026-09-19 16:39:57 DEBUG [eta.access] POST /api/errors/2/confirm → 200 (4ms)
2026-09-19 16:39:57 DEBUG [asyncio] Using selector: KqueueSelector
2026-09-19 16:39:57 DEBUG [eta.access] POST /api/errors/scan → 200 (7ms)
2026-09-19 16:39:57 DEBUG [asyncio] Using selector: KqueueSelector
2026-09-19 16:39:57 DEBUG [eta.access] POST /api/errors/3/confirm → 200 (4ms)
2026-09-19 16:39:57 DEBUG [asyncio] Using selector: KqueueSelector
2026-09-19 16:39:57 DEBUG [eta.access] POST /api/errors/scan → 200 (5ms)
2026-09-19 16:39:57 DEBUG [asyncio] Using selector: KqueueSelector
2026-09-19 16:39:57 DEBUG [eta.access] POST /api/errors/4/confirm → 200 (5ms)
2026-09-19 16:39:57 DEBUG [asyncio] Using selector: KqueueSelector
2026-09-19 16:39:57 DEBUG [eta.access] POST /api/errors/scan → 200 (5ms)
2026-09-19 16:39:57 DEBUG [asyncio] Using selector: KqueueSelector
2026-09-19 16:39:57 DEBUG [eta.access] POST /api/errors/5/confirm → 200 (4ms)
2026-09-19 16:39:57 DEBUG [asyncio] Using selector: KqueueSelector
2026-09-19 16:39:57 DEBUG [eta.access] GET /api/decision-sheet/export → 200 (6ms)
2026-09-19 16:39:57 DEBUG [asyncio] Using selector: KqueueSelector
2026-09-19 16:39:57 DEBUG [eta.access] GET /api/decision-sheet/export → 200 (48ms)
2026-09-19 16:39:57 DEBUG [asyncio] Using selector: KqueueSelector
2026-09-19 16:39:57 DEBUG [eta.access] POST /api/students/import → 200 (4ms)
2026-09-19 16:39:57 DEBUG [asyncio] Using selector: KqueueSelector
2026-09-19 16:39:57 DEBUG [eta.access] POST /api/errors/scan → 200 (6ms)
2026-09-19 16:39:57 DEBUG [asyncio] Using selector: KqueueSelector
2026-09-19 16:39:57 DEBUG [eta.access] POST /api/errors/1/confirm → 200 (4ms)
2026-09-19 16:39:57 DEBUG [asyncio] Using selector: KqueueSelector
2026-09-19 16:39:57 DEBUG [eta.access] POST /api/errors/scan → 200 (5ms)
2026-09-19 16:39:57 DEBUG [asyncio] Using selector: KqueueSelector
2026-09-19 16:39:57 DEBUG [eta.access] POST /api/errors/2/confirm → 200 (5ms)
2026-09-19 16:39:57 DEBUG [asyncio] Using selector: KqueueSelector
2026-09-19 16:39:57 INFO [eta.export] 导出学生综合信息：2 名学生（class=九(1)班）
2026-09-19 16:39:57 DEBUG [eta.access] GET /api/students/export.csv → 200 (5ms)
2026-09-19 16:39:58 DEBUG [asyncio] Using selector: KqueueSelector
2026-09-19 16:39:58 DEBUG [eta.access] GET /api/errors/batches → 200 (3ms)
2026-09-19 16:39:58 DEBUG [asyncio] Using selector: KqueueSelector
2026-09-19 16:39:58 DEBUG [eta.access] GET /api/errors/batches → 200 (2ms)
2026-09-19 16:39:58 DEBUG [asyncio] Using selector: KqueueSelector
2026-09-19 16:39:58 DEBUG [eta.access] GET /api/decision-sheet → 200 (7ms)
2026-09-19 16:39:58 DEBUG [asyncio] Using selector: KqueueSelector
2026-09-19 16:39:58 DEBUG [eta.access] GET /api/decision-sheet → 200 (5ms)
2026-09-19 16:39:58 DEBUG [asyncio] Using selector: KqueueSelector
2026-09-19 16:39:58 DEBUG [eta.access] GET /api/dashboard → 200 (6ms)
2026-09-19 16:39:58 DEBUG [asyncio] Using selector: KqueueSelector
2026-09-19 16:39:58 DEBUG [eta.access] GET /api/dashboard → 200 (11ms)
2026-09-19 16:39:58 DEBUG [asyncio] Using selector: KqueueSelector
2026-09-19 16:39:58 DEBUG [eta.access] GET /api/trends/categories → 200 (2ms)
2026-09-19 16:39:58 DEBUG [asyncio] Using selector: KqueueSelector
2026-09-19 16:39:58 DEBUG [eta.access] POST /api/errors/confirm-bulk → 200 (3ms)
2026-09-19 16:39:58 DEBUG [asyncio] Using selector: KqueueSelector
2026-09-19 16:39:58 DEBUG [eta.access] GET /api/dashboard → 200 (6ms)
2026-09-19 16:39:58 DEBUG [asyncio] Using selector: KqueueSelector
2026-09-19 16:39:58 DEBUG [eta.access] GET /api/decision-sheet/export → 200 (4ms)
2026-09-19 16:39:58 DEBUG [asyncio] Using selector: KqueueSelector
2026-09-19 16:39:58 DEBUG [eta.access] POST /api/check/dictation → 200 (11ms)
2026-09-19 16:39:58 DEBUG [asyncio] Using selector: KqueueSelector
2026-09-19 16:39:58 DEBUG [eta.access] GET /api/errors → 200 (2ms)
2026-09-19 16:39:58 DEBUG [asyncio] Using selector: KqueueSelector
2026-09-19 16:39:58 DEBUG [eta.access] GET /api/check/sessions → 200 (2ms)
2026-09-19 16:39:58 DEBUG [asyncio] Using selector: KqueueSelector
2026-09-19 16:39:58 DEBUG [eta.access] GET /api/check/sessions/1 → 200 (2ms)
2026-09-19 16:39:58 DEBUG [asyncio] Using selector: KqueueSelector
2026-09-19 16:39:58 DEBUG [eta.access] POST /api/check/assignment → 200 (20ms)
2026-09-19 16:39:58 DEBUG [asyncio] Using selector: KqueueSelector
2026-09-19 16:39:58 DEBUG [eta.access] GET /api/errors → 200 (2ms)
2026-09-19 16:39:58 DEBUG [asyncio] Using selector: KqueueSelector
2026-09-19 16:39:58 DEBUG [eta.access] POST /api/check/assignment → 200 (10ms)
2026-09-19 16:39:58 DEBUG [asyncio] Using selector: KqueueSelector
2026-09-19 16:39:58 DEBUG [eta.access] GET /api/errors → 200 (4ms)
2026-09-19 16:39:58 DEBUG [asyncio] Using selector: KqueueSelector
2026-09-19 16:39:58 DEBUG [eta.access] POST /api/check/assignment → 200 (4ms)
2026-09-19 16:39:58 DEBUG [asyncio] Using selector: KqueueSelector
2026-09-19 16:39:58 DEBUG [eta.access] POST /api/check/assignment → 200 (9ms)
2026-09-19 16:39:58 DEBUG [asyncio] Using selector: KqueueSelector
2026-09-19 16:39:58 DEBUG [eta.access] POST /api/check/dictation → 400 (2ms)
2026-09-19 16:39:58 DEBUG [asyncio] Using selector: KqueueSelector
2026-09-19 16:39:58 DEBUG [eta.access] POST /api/check/assignment → 400 (2ms)
2026-09-19 16:39:58 DEBUG [asyncio] Using selector: KqueueSelector
2026-09-19 16:39:58 DEBUG [eta.access] GET /api/check/sessions/999999 → 404 (2ms)
2026-09-19 16:39:58 DEBUG [asyncio] Using selector: KqueueSelector
2026-09-19 16:39:58 DEBUG [eta.access] POST /api/check/dictation → 200 (4ms)
2026-09-19 16:39:58 DEBUG [asyncio] Using selector: KqueueSelector
2026-09-19 16:39:58 DEBUG [eta.access] PATCH /api/check/sessions/1 → 200 (4ms)
2026-09-19 16:39:58 DEBUG [asyncio] Using selector: KqueueSelector
2026-09-19 16:39:58 DEBUG [eta.access] GET /api/check/sessions → 200 (2ms)
2026-09-19 16:39:58 DEBUG [asyncio] Using selector: KqueueSelector
2026-09-19 16:39:58 DEBUG [eta.access] POST /api/students/import → 200 (5ms)
2026-09-19 16:39:58 DEBUG [asyncio] Using selector: KqueueSelector
2026-09-19 16:39:58 DEBUG [eta.access] POST /api/check/dictation → 200 (8ms)
2026-09-19 16:39:58 DEBUG [asyncio] Using selector: KqueueSelector
2026-09-19 16:39:58 DEBUG [eta.access] GET /api/check/sessions/1/export → 200 (3ms)
2026-09-19 16:39:58 DEBUG [asyncio] Using selector: KqueueSelector
2026-09-19 16:39:58 DEBUG [eta.access] GET /api/check/sessions/999999/export → 404 (2ms)
2026-09-19 16:39:58 DEBUG [asyncio] Using selector: KqueueSelector
2026-09-19 16:39:58 DEBUG [eta.access] POST /api/students → 200 (4ms)
2026-09-19 16:39:58 DEBUG [asyncio] Using selector: KqueueSelector
2026-09-19 16:39:58 DEBUG [eta.access] POST /api/students → 200 (3ms)
2026-09-19 16:39:58 DEBUG [asyncio] Using selector: KqueueSelector
2026-09-19 16:39:58 DEBUG [eta.access] POST /api/students → 200 (3ms)
2026-09-19 16:39:58 DEBUG [asyncio] Using selector: KqueueSelector
2026-09-19 16:39:58 DEBUG [eta.access] POST /api/students → 200 (4ms)
2026-09-19 16:39:58 DEBUG [asyncio] Using selector: KqueueSelector
2026-09-19 16:39:58 DEBUG [eta.access] POST /api/students → 200 (5ms)
2026-09-19 16:39:58 DEBUG [asyncio] Using selector: KqueueSelector
2026-09-19 16:39:59 DEBUG [eta.access] POST /api/students → 200 (4ms)
2026-09-19 16:39:59 DEBUG [asyncio] Using selector: KqueueSelector
2026-09-19 16:39:59 DEBUG [eta.access] POST /api/students/S01/cleanup → 200 (5ms)
2026-09-19 16:39:59 DEBUG [asyncio] Using selector: KqueueSelector
2026-09-19 16:39:59 DEBUG [eta.access] GET /api/students/S01/profile → 200 (38ms)
2026-09-19 16:39:59 DEBUG [asyncio] Using selector: KqueueSelector
2026-09-19 16:39:59 DEBUG [eta.access] POST /api/students/S01/cleanup → 200 (5ms)
2026-09-19 16:39:59 DEBUG [asyncio] Using selector: KqueueSelector
2026-09-19 16:39:59 DEBUG [eta.access] GET /api/students/S01/profile → 200 (2ms)
2026-09-19 16:39:59 DEBUG [asyncio] Using selector: KqueueSelector
2026-09-19 16:39:59 DEBUG [eta.access] POST /api/students → 200 (5ms)
2026-09-19 16:39:59 DEBUG [asyncio] Using selector: KqueueSelector
2026-09-19 16:39:59 DEBUG [eta.access] POST /api/students → 200 (3ms)
2026-09-19 16:39:59 DEBUG [asyncio] Using selector: KqueueSelector
2026-09-19 16:39:59 DEBUG [eta.access] POST /api/students/S01/cleanup → 200 (3ms)
2026-09-19 16:39:59 DEBUG [asyncio] Using selector: KqueueSelector
2026-09-19 16:39:59 DEBUG [eta.access] POST /api/students → 200 (6ms)
2026-09-19 16:39:59 DEBUG [asyncio] Using selector: KqueueSelector
2026-09-19 16:39:59 DEBUG [eta.access] POST /api/students → 200 (4ms)
2026-09-19 16:39:59 DEBUG [asyncio] Using selector: KqueueSelector
2026-09-19 16:39:59 DEBUG [eta.access] POST /api/students/S01/cleanup → 200 (5ms)
2026-09-19 16:39:59 DEBUG [asyncio] Using selector: KqueueSelector
2026-09-19 16:39:59 DEBUG [eta.access] POST /api/students → 200 (5ms)
2026-09-19 16:39:59 DEBUG [asyncio] Using selector: KqueueSelector
2026-09-19 16:39:59 DEBUG [eta.access] POST /api/students → 200 (4ms)
2026-09-19 16:39:59 DEBUG [asyncio] Using selector: KqueueSelector
2026-09-19 16:39:59 DEBUG [eta.access] POST /api/students/S01/cleanup → 200 (4ms)
2026-09-19 16:39:59 DEBUG [asyncio] Using selector: KqueueSelector
2026-09-19 16:39:59 DEBUG [eta.access] POST /api/students → 200 (5ms)
2026-09-19 16:39:59 DEBUG [asyncio] Using selector: KqueueSelector
2026-09-19 16:39:59 DEBUG [eta.access] POST /api/students/P01/cleanup → 400 (2ms)
2026-09-19 16:39:59 DEBUG [asyncio] Using selector: KqueueSelector
2026-09-19 16:39:59 DEBUG [eta.access] POST /api/students/P01/cleanup → 400 (2ms)
2026-09-19 16:39:59 DEBUG [asyncio] Using selector: KqueueSelector
2026-09-19 16:39:59 DEBUG [eta.access] POST /api/students/NOPE/cleanup → 404 (2ms)
2026-09-19 16:39:59 DEBUG [asyncio] Using selector: KqueueSelector
2026-09-19 16:39:59 DEBUG [eta.access] POST /api/students → 200 (3ms)
2026-09-19 16:39:59 DEBUG [asyncio] Using selector: KqueueSelector
2026-09-19 16:39:59 DEBUG [eta.access] POST /api/students/V01/cleanup → 400 (2ms)
2026-09-19 16:39:59 WARNING [eta.ocr] dual 文档流 mineru 通道失败（降级继续）：MinerU 链路抖动
2026-09-19 16:39:59 WARNING [eta.ocr] dual 文档流 mineru 通道失败（降级继续）：down
2026-09-19 16:39:59 WARNING [eta.ocr] dual 文档流 paddleocr 通道失败（降级继续）：down
2026-09-19 16:39:59 DEBUG [asyncio] Using selector: KqueueSelector
2026-09-19 16:39:59 ERROR [eta.logs] 浏览器 [ERROR] 页面=#/scan 页面脚本错误
at boot
2026-09-19 16:39:59 DEBUG [eta.access] POST /api/logs/client → 200 (3ms)
2026-09-19 16:40:00 INFO [eta.ocr] MinerU batch=b1 创建，上传图片 (5 bytes)
2026-09-19 16:40:01 WARNING [eta.trace] 运行留痕写入失败：[Errno 20] Not a directory: '/private/var/folders/sh/v4ws268d63928m_6n_jzds6m0000gn/T/pytest-of-zbloom/pytest-18/test_record_never_raises_on_io0/blocker/sub'
2026-09-19 16:40:01 DEBUG [asyncio] Using selector: KqueueSelector
2026-09-19 16:40:01 DEBUG [eta.access] POST /api/check/organize-upload → 200 (2ms)
2026-09-19 16:40:01 DEBUG [asyncio] Using selector: KqueueSelector
2026-09-19 16:40:01 DEBUG [eta.access] POST /api/check/organize-upload → 200 (2ms)
2026-09-19 16:40:01 DEBUG [asyncio] Using selector: KqueueSelector
2026-09-19 16:40:01 DEBUG [eta.access] POST /api/check/organize-upload → 400 (1ms)
2026-09-19 16:40:01 DEBUG [asyncio] Using selector: KqueueSelector
2026-09-19 16:40:01 DEBUG [eta.access] POST /api/students/import → 200 (4ms)
2026-09-19 16:40:01 DEBUG [asyncio] Using selector: KqueueSelector
2026-09-19 16:40:01 DEBUG [eta.access] POST /api/check/photo-parse → 200 (3ms)
2026-09-19 16:40:01 DEBUG [asyncio] Using selector: KqueueSelector
2026-09-19 16:40:01 DEBUG [eta.access] POST /api/check/photo-parse → 200 (3ms)
2026-09-19 16:40:01 DEBUG [asyncio] Using selector: KqueueSelector
2026-09-19 16:40:01 DEBUG [eta.access] POST /api/check/photo-parse → 200 (3ms)
2026-09-19 16:40:01 DEBUG [asyncio] Using selector: KqueueSelector
2026-09-19 16:40:01 WARNING [eta.services.photo_check] 批改读图失败（张三/bad.jpg）：识别失败
2026-09-19 16:40:01 DEBUG [eta.access] POST /api/check/photo-parse → 200 (4ms)
2026-09-19 16:40:01 DEBUG [asyncio] Using selector: KqueueSelector
2026-09-19 16:40:01 DEBUG [eta.access] POST /api/check/photo-parse → 422 (1ms)
2026-09-19 16:40:01 DEBUG [asyncio] Using selector: KqueueSelector
2026-09-19 16:40:01 DEBUG [eta.access] POST /api/students/import → 200 (4ms)
2026-09-19 16:40:01 DEBUG [asyncio] Using selector: KqueueSelector
2026-09-19 16:40:01 DEBUG [eta.access] POST /api/check/assignment → 200 (10ms)
2026-09-19 16:40:01 DEBUG [asyncio] Using selector: KqueueSelector
2026-09-19 16:40:01 DEBUG [eta.access] GET /api/errors → 200 (2ms)
2026-09-19 16:40:01 DEBUG [asyncio] Using selector: KqueueSelector
2026-09-19 16:40:01 DEBUG [eta.access] GET /api/check/sessions/1/files → 200 (3ms)
2026-09-19 16:40:01 DEBUG [asyncio] Using selector: KqueueSelector
2026-09-19 16:40:01 DEBUG [eta.access] GET /api/check/sessions → 200 (2ms)
2026-09-19 16:40:01 DEBUG [asyncio] Using selector: KqueueSelector
2026-09-19 16:40:01 DEBUG [eta.access] POST /api/check/assignment → 200 (9ms)
2026-09-19 16:40:01 DEBUG [asyncio] Using selector: KqueueSelector
2026-09-19 16:40:01 DEBUG [eta.access] GET /api/check/sessions/1 → 200 (3ms)
2026-09-19 16:40:01 DEBUG [asyncio] Using selector: KqueueSelector
2026-09-19 16:40:01 DEBUG [eta.access] POST /api/students/import → 200 (6ms)
2026-09-19 16:40:01 DEBUG [asyncio] Using selector: KqueueSelector
2026-09-19 16:40:01 DEBUG [eta.access] POST /api/check/assignment → 200 (10ms)
2026-09-19 16:40:01 DEBUG [asyncio] Using selector: KqueueSelector
2026-09-19 16:40:01 DEBUG [eta.access] POST /api/students/import → 200 (4ms)
2026-09-19 16:40:01 DEBUG [asyncio] Using selector: KqueueSelector
2026-09-19 16:40:01 DEBUG [eta.access] POST /api/check/assignment → 200 (9ms)
2026-09-19 16:40:01 DEBUG [asyncio] Using selector: KqueueSelector
2026-09-19 16:40:01 DEBUG [eta.access] GET /api/check/sessions → 200 (3ms)
2026-09-19 16:40:01 DEBUG [asyncio] Using selector: KqueueSelector
2026-09-19 16:40:01 DEBUG [eta.access] GET /api/check/sessions → 200 (3ms)
2026-09-19 16:40:01 DEBUG [asyncio] Using selector: KqueueSelector
2026-09-19 16:40:01 DEBUG [eta.access] POST /api/students/import → 200 (3ms)
2026-09-19 16:40:01 DEBUG [asyncio] Using selector: KqueueSelector
2026-09-19 16:40:01 DEBUG [eta.access] POST /api/check/assignment → 200 (8ms)
2026-09-19 16:40:01 DEBUG [asyncio] Using selector: KqueueSelector
2026-09-19 16:40:01 DEBUG [eta.access] GET /api/check/sessions/1/files → 200 (2ms)
2026-09-19 16:40:01 DEBUG [asyncio] Using selector: KqueueSelector
2026-09-19 16:40:01 DEBUG [eta.access] DELETE /api/check/sessions/1 → 200 (4ms)
2026-09-19 16:40:01 DEBUG [asyncio] Using selector: KqueueSelector
2026-09-19 16:40:01 DEBUG [eta.access] GET /api/check/sessions/1 → 404 (2ms)
2026-09-19 16:40:01 DEBUG [asyncio] Using selector: KqueueSelector
2026-09-19 16:40:01 DEBUG [eta.access] GET /api/check/sessions/1/files → 404 (3ms)
2026-09-19 16:40:01 DEBUG [asyncio] Using selector: KqueueSelector
2026-09-19 16:40:01 DEBUG [eta.access] GET /api/errors → 200 (2ms)
2026-09-19 16:40:01 DEBUG [asyncio] Using selector: KqueueSelector
2026-09-19 16:40:01 DEBUG [eta.access] POST /api/students/import → 200 (3ms)
2026-09-19 16:40:01 DEBUG [asyncio] Using selector: KqueueSelector
2026-09-19 16:40:01 DEBUG [eta.access] POST /api/check/assignment → 200 (9ms)
2026-09-19 16:40:01 DEBUG [asyncio] Using selector: KqueueSelector
2026-09-19 16:40:01 DEBUG [eta.access] DELETE /api/check/sessions/2 → 200 (3ms)
2026-09-19 16:40:01 DEBUG [asyncio] Using selector: KqueueSelector
2026-09-19 16:40:01 DEBUG [eta.access] GET /api/errors → 200 (2ms)
2026-09-19 16:40:01 DEBUG [asyncio] Using selector: KqueueSelector
2026-09-19 16:40:01 DEBUG [eta.access] DELETE /api/check/sessions/999999 → 404 (1ms)
2026-09-19 16:40:01 DEBUG [asyncio] Using selector: KqueueSelector
2026-09-19 16:40:01 DEBUG [eta.access] POST /api/students/import → 200 (4ms)
2026-09-19 16:40:01 DEBUG [asyncio] Using selector: KqueueSelector
2026-09-19 16:40:01 DEBUG [eta.access] POST /api/check/photo-parse → 200 (3ms)
2026-09-19 16:40:01 DEBUG [asyncio] Using selector: KqueueSelector
2026-09-19 16:40:01 DEBUG [eta.access] POST /api/check/photo-parse → 200 (2ms)
2026-09-19 16:40:01 DEBUG [asyncio] Using selector: KqueueSelector
2026-09-19 16:40:01 DEBUG [eta.access] POST /api/check/md-reparse → 200 (3ms)
2026-09-19 16:40:01 DEBUG [asyncio] Using selector: KqueueSelector
2026-09-19 16:40:01 DEBUG [eta.access] POST /api/check/md-reparse → 400 (2ms)
2026-09-19 16:40:01 DEBUG [asyncio] Using selector: KqueueSelector
2026-09-19 16:40:01 DEBUG [eta.access] POST /api/students/import → 200 (4ms)
2026-09-19 16:40:01 DEBUG [asyncio] Using selector: KqueueSelector
2026-09-19 16:40:01 DEBUG [eta.access] POST /api/check/assignment → 200 (5ms)
2026-09-19 16:40:01 DEBUG [asyncio] Using selector: KqueueSelector
2026-09-19 16:40:01 DEBUG [eta.access] POST /api/students/import → 200 (4ms)
2026-09-19 16:40:01 DEBUG [asyncio] Using selector: KqueueSelector
2026-09-19 16:40:01 DEBUG [eta.access] POST /api/check/assignment → 200 (5ms)
2026-09-19 16:40:01 DEBUG [asyncio] Using selector: KqueueSelector
2026-09-19 16:40:01 DEBUG [eta.access] GET /api/check/sessions → 200 (2ms)
2026-09-19 16:40:01 DEBUG [asyncio] Using selector: KqueueSelector
2026-09-19 16:40:01 DEBUG [eta.access] GET /api/check/sessions → 200 (4ms)
2026-09-19 16:40:01 DEBUG [asyncio] Using selector: KqueueSelector
2026-09-19 16:40:01 DEBUG [eta.access] GET /api/check/sessions → 200 (2ms)
2026-09-19 16:40:03 INFO [eta] 日志已就绪：目录 runtime/logs（按天轮转，保留 14 天，终端级别 INFO / 文件级别 DEBUG）
2026-09-19 16:40:03 DEBUG [asyncio] Using selector: KqueueSelector
2026-09-19 16:40:03 INFO [eta.main] ════════ 系统启动 ════════
2026-09-19 16:40:04 DEBUG [eta.access] GET /api/health → 200 (94ms)
2026-09-19 16:40:04 DEBUG [eta.access] GET / → 200 (26ms)
2026-09-19 16:40:04 DEBUG [eta.access] GET /static/css/style.css → 200 (22ms)
2026-09-19 16:40:04 DEBUG [eta.access] GET /static/js/analysis.js → 200 (19ms)
2026-09-19 16:40:04 DEBUG [eta.access] GET /static/js/lesson.js → 200 (20ms)
2026-09-19 16:40:04 DEBUG [eta.access] GET /static/js/confirm.js → 200 (21ms)
2026-09-19 16:40:04 DEBUG [eta.access] GET /static/js/entry.js → 200 (21ms)
2026-09-19 16:40:04 DEBUG [eta.access] GET /static/js/base.js → 200 (26ms)
2026-09-19 16:40:04 DEBUG [eta.access] GET /static/js/students.js → 200 (9ms)
2026-09-19 16:40:04 DEBUG [eta.access] GET /static/js/router.js → 200 (10ms)
2026-09-19 16:40:04 DEBUG [eta.access] GET /static/js/grading.js → 200 (14ms)
2026-09-19 16:40:04 DEBUG [eta.access] GET /api/ontology → 200 (21ms)
2026-09-19 16:40:04 DEBUG [eta.access] GET /api/classes → 200 (3ms)
2026-09-19 16:40:04 DEBUG [eta.access] GET /api/students → 200 (4ms)
2026-09-19 16:40:05 DEBUG [eta.access] GET /api/check/sessions → 200 (28ms)
2026-09-19 16:40:17 DEBUG [eta.access] POST /api/check/organize-upload → 200 (7ms)
2026-09-19 16:40:46 INFO [eta.providers.agent_chat] 智能体会话调用完成 | 返回 6191 字，耗时 19833ms
2026-09-19 16:40:46 INFO [eta] 日志已就绪：目录 runtime/logs（按天轮转，保留 14 天，终端级别 INFO / 文件级别 DEBUG）
2026-09-19 16:40:46 INFO [eta.providers.agent_chat] 智能体会话调用完成 | 返回 2 字，耗时 0ms
2026-09-19 16:40:46 INFO [eta.providers.agent_chat] 智能体会话调用完成 | 返回 2 字，耗时 0ms
2026-09-19 16:40:46 WARNING [eta.providers.agent_chat] 智能体会话请求失败，2s 后重试一次：connection reset
2026-09-19 16:40:49 WARNING [eta.services.photo_check] 多图联合解析失败，该批降级逐张解析：多图联合失败
2026-09-19 16:40:49 WARNING [eta.services.photo_check] Markdown 结构化失败：DeepSeek 超时
2026-09-19 16:40:49 WARNING [eta.services.photo_check] 智能体会话解析失败，降级 OCR 转录解析：invalid_api_key
2026-09-19 16:40:49 WARNING [eta.services.photo_check] 多图联合解析失败，该批降级逐张解析：多图联合失败（测试桩）
2026-09-19 16:40:49 DEBUG [asyncio] Using selector: KqueueSelector
2026-09-19 16:40:49 DEBUG [eta.access] GET /api/health → 200 (50ms)
2026-09-19 16:40:49 DEBUG [asyncio] Using selector: KqueueSelector
2026-09-19 16:40:49 DEBUG [eta.access] GET /api/ontology → 200 (3ms)
2026-09-19 16:40:49 DEBUG [asyncio] Using selector: KqueueSelector
2026-09-19 16:40:49 DEBUG [eta.access] POST /api/students/import → 200 (6ms)
2026-09-19 16:40:49 DEBUG [asyncio] Using selector: KqueueSelector
2026-09-19 16:40:49 DEBUG [eta.access] GET /api/students → 200 (2ms)
2026-09-19 16:40:49 DEBUG [asyncio] Using selector: KqueueSelector
2026-09-19 16:40:49 DEBUG [eta.access] POST /api/errors/scan → 200 (7ms)
2026-09-19 16:40:49 DEBUG [asyncio] Using selector: KqueueSelector
2026-09-19 16:40:49 DEBUG [eta.access] GET /api/errors → 200 (5ms)
2026-09-19 16:40:49 DEBUG [asyncio] Using selector: KqueueSelector
2026-09-19 16:40:49 DEBUG [eta.access] POST /api/errors/1/confirm → 200 (5ms)
2026-09-19 16:40:49 DEBUG [asyncio] Using selector: KqueueSelector
2026-09-19 16:40:49 DEBUG [eta.access] POST /api/errors/scan → 200 (6ms)
2026-09-19 16:40:49 DEBUG [asyncio] Using selector: KqueueSelector
2026-09-19 16:40:49 DEBUG [eta.access] POST /api/errors/2/confirm → 200 (6ms)
2026-09-19 16:40:49 DEBUG [asyncio] Using selector: KqueueSelector
2026-09-19 16:40:49 DEBUG [eta.access] POST /api/errors/scan → 200 (6ms)
2026-09-19 16:40:49 DEBUG [asyncio] Using selector: KqueueSelector
2026-09-19 16:40:49 DEBUG [eta.access] GET /api/errors → 200 (3ms)
2026-09-19 16:40:49 DEBUG [asyncio] Using selector: KqueueSelector
2026-09-19 16:40:49 DEBUG [eta.access] POST /api/errors/3/confirm → 200 (4ms)
2026-09-19 16:40:49 DEBUG [asyncio] Using selector: KqueueSelector
2026-09-19 16:40:49 DEBUG [eta.access] POST /api/errors/scan → 200 (5ms)
2026-09-19 16:40:49 DEBUG [asyncio] Using selector: KqueueSelector
2026-09-19 16:40:49 DEBUG [eta.access] GET /api/errors → 200 (2ms)
2026-09-19 16:40:49 DEBUG [asyncio] Using selector: KqueueSelector
2026-09-19 16:40:49 DEBUG [eta.access] POST /api/errors/4/confirm → 200 (7ms)
2026-09-19 16:40:49 DEBUG [asyncio] Using selector: KqueueSelector
2026-09-19 16:40:49 DEBUG [eta.access] POST /api/errors/scan → 200 (5ms)
2026-09-19 16:40:49 DEBUG [asyncio] Using selector: KqueueSelector
2026-09-19 16:40:49 DEBUG [eta.access] GET /api/errors → 200 (4ms)
2026-09-19 16:40:49 DEBUG [asyncio] Using selector: KqueueSelector
2026-09-19 16:40:49 DEBUG [eta.access] POST /api/errors/5/confirm → 200 (7ms)
2026-09-19 16:40:49 DEBUG [asyncio] Using selector: KqueueSelector
2026-09-19 16:40:49 DEBUG [eta.access] POST /api/errors/scan → 200 (6ms)
2026-09-19 16:40:49 DEBUG [asyncio] Using selector: KqueueSelector
2026-09-19 16:40:49 DEBUG [eta.access] GET /api/errors → 200 (3ms)
2026-09-19 16:40:49 DEBUG [asyncio] Using selector: KqueueSelector
2026-09-19 16:40:50 DEBUG [eta.access] POST /api/errors/6/confirm → 200 (7ms)
2026-09-19 16:40:50 DEBUG [asyncio] Using selector: KqueueSelector
2026-09-19 16:40:50 DEBUG [eta.access] POST /api/errors/scan → 200 (6ms)
2026-09-19 16:40:50 DEBUG [asyncio] Using selector: KqueueSelector
2026-09-19 16:40:50 DEBUG [eta.access] GET /api/errors → 200 (2ms)
2026-09-19 16:40:50 DEBUG [asyncio] Using selector: KqueueSelector
2026-09-19 16:40:50 DEBUG [eta.access] POST /api/errors/7/confirm → 200 (5ms)
2026-09-19 16:40:50 DEBUG [asyncio] Using selector: KqueueSelector
2026-09-19 16:40:50 DEBUG [eta.access] POST /api/errors/scan → 200 (32ms)
2026-09-19 16:40:50 DEBUG [asyncio] Using selector: KqueueSelector
2026-09-19 16:40:50 DEBUG [eta.access] GET /api/errors → 200 (2ms)
2026-09-19 16:40:50 DEBUG [asyncio] Using selector: KqueueSelector
2026-09-19 16:40:50 DEBUG [eta.access] POST /api/errors/8/confirm → 200 (51ms)
2026-09-19 16:40:50 DEBUG [asyncio] Using selector: KqueueSelector
2026-09-19 16:40:50 DEBUG [eta.access] POST /api/errors/scan → 200 (6ms)
2026-09-19 16:40:50 DEBUG [asyncio] Using selector: KqueueSelector
2026-09-19 16:40:50 DEBUG [eta.access] GET /api/errors → 200 (2ms)
2026-09-19 16:40:50 DEBUG [asyncio] Using selector: KqueueSelector
2026-09-19 16:40:50 DEBUG [eta.access] POST /api/errors/9/confirm → 200 (6ms)
2026-09-19 16:40:50 DEBUG [asyncio] Using selector: KqueueSelector
2026-09-19 16:40:50 DEBUG [eta.access] POST /api/errors/scan → 200 (5ms)
2026-09-19 16:40:50 DEBUG [asyncio] Using selector: KqueueSelector
2026-09-19 16:40:50 DEBUG [eta.access] GET /api/errors → 200 (2ms)
2026-09-19 16:40:50 DEBUG [asyncio] Using selector: KqueueSelector
2026-09-19 16:40:50 DEBUG [eta.access] POST /api/errors/10/confirm → 200 (5ms)
2026-09-19 16:40:50 DEBUG [asyncio] Using selector: KqueueSelector
2026-09-19 16:40:50 DEBUG [eta.access] POST /api/errors/scan → 200 (7ms)
2026-09-19 16:40:50 DEBUG [asyncio] Using selector: KqueueSelector
2026-09-19 16:40:50 DEBUG [eta.access] GET /api/errors → 200 (3ms)
2026-09-19 16:40:50 DEBUG [asyncio] Using selector: KqueueSelector
2026-09-19 16:40:50 DEBUG [eta.access] POST /api/errors/11/confirm → 200 (6ms)
2026-09-19 16:40:50 DEBUG [asyncio] Using selector: KqueueSelector
2026-09-19 16:40:50 DEBUG [eta.access] POST /api/errors/scan → 200 (5ms)
2026-09-19 16:40:50 DEBUG [asyncio] Using selector: KqueueSelector
2026-09-19 16:40:50 DEBUG [eta.access] GET /api/errors → 200 (3ms)
2026-09-19 16:40:50 DEBUG [asyncio] Using selector: KqueueSelector
2026-09-19 16:40:50 DEBUG [eta.access] POST /api/errors/12/confirm → 200 (10ms)
2026-09-19 16:40:50 DEBUG [asyncio] Using selector: KqueueSelector
2026-09-19 16:40:50 DEBUG [eta.access] POST /api/errors/scan → 200 (8ms)
2026-09-19 16:40:50 DEBUG [asyncio] Using selector: KqueueSelector
2026-09-19 16:40:50 DEBUG [eta.access] GET /api/errors → 200 (3ms)
2026-09-19 16:40:50 DEBUG [asyncio] Using selector: KqueueSelector
2026-09-19 16:40:50 DEBUG [eta.access] POST /api/errors/13/confirm → 200 (10ms)
2026-09-19 16:40:50 DEBUG [asyncio] Using selector: KqueueSelector
2026-09-19 16:40:50 DEBUG [eta.access] POST /api/errors/scan → 200 (6ms)
2026-09-19 16:40:50 DEBUG [asyncio] Using selector: KqueueSelector
2026-09-19 16:40:50 DEBUG [eta.access] GET /api/errors → 200 (2ms)
2026-09-19 16:40:50 DEBUG [asyncio] Using selector: KqueueSelector
2026-09-19 16:40:50 DEBUG [eta.access] POST /api/errors/14/confirm → 200 (7ms)
2026-09-19 16:40:50 DEBUG [asyncio] Using selector: KqueueSelector
2026-09-19 16:40:50 DEBUG [eta.access] POST /api/practice/generate → 200 (5ms)
2026-09-19 16:40:50 DEBUG [asyncio] Using selector: KqueueSelector
2026-09-19 16:40:50 DEBUG [eta.access] POST /api/practice/1/approve → 200 (5ms)
2026-09-19 16:40:50 DEBUG [asyncio] Using selector: KqueueSelector
2026-09-19 16:40:50 DEBUG [eta.access] GET /api/decision-sheet → 200 (11ms)
2026-09-19 16:40:50 DEBUG [asyncio] Using selector: KqueueSelector
2026-09-19 16:40:50 DEBUG [eta.access] GET /api/trends/categories → 200 (4ms)
2026-09-19 16:40:50 DEBUG [asyncio] Using selector: KqueueSelector
2026-09-19 16:40:50 DEBUG [eta.access] GET /api/export/errors.csv → 200 (3ms)
2026-09-19 16:40:50 DEBUG [asyncio] Using selector: KqueueSelector
2026-09-19 16:40:50 DEBUG [eta.access] POST /api/errors/scan → 200 (5ms)
2026-09-19 16:40:50 DEBUG [asyncio] Using selector: KqueueSelector
2026-09-19 16:40:50 DEBUG [eta.access] POST /api/errors/scan → 400 (3ms)
2026-09-19 16:40:50 DEBUG [asyncio] Using selector: KqueueSelector
2026-09-19 16:40:50 DEBUG [eta.access] POST /api/errors/scan → 200 (5ms)
2026-09-19 16:40:50 DEBUG [asyncio] Using selector: KqueueSelector
2026-09-19 16:40:50 DEBUG [eta.access] POST /api/errors/1/confirm → 400 (3ms)
2026-09-19 16:40:50 DEBUG [asyncio] Using selector: KqueueSelector
2026-09-19 16:40:50 DEBUG [eta.access] POST /api/students/import → 200 (4ms)
2026-09-19 16:40:50 DEBUG [asyncio] Using selector: KqueueSelector
2026-09-19 16:40:50 DEBUG [eta.access] POST /api/errors/scan-batch → 200 (17ms)
2026-09-19 16:40:50 DEBUG [asyncio] Using selector: KqueueSelector
2026-09-19 16:40:50 DEBUG [eta.access] GET /api/errors → 200 (3ms)
2026-09-19 16:40:50 DEBUG [asyncio] Using selector: KqueueSelector
2026-09-19 16:40:50 DEBUG [eta.access] POST /api/students/import → 200 (4ms)
2026-09-19 16:40:50 DEBUG [asyncio] Using selector: KqueueSelector
2026-09-19 16:40:50 DEBUG [eta.access] POST /api/errors/scan-batch → 200 (11ms)
2026-09-19 16:40:50 DEBUG [asyncio] Using selector: KqueueSelector
2026-09-19 16:40:50 DEBUG [eta.access] POST /api/students/import → 200 (4ms)
2026-09-19 16:40:50 DEBUG [asyncio] Using selector: KqueueSelector
2026-09-19 16:40:50 DEBUG [eta.access] POST /api/errors/scan-batch → 200 (8ms)
2026-09-19 16:40:50 DEBUG [asyncio] Using selector: KqueueSelector
2026-09-19 16:40:50 DEBUG [eta.access] POST /api/students/import → 200 (4ms)
2026-09-19 16:40:50 DEBUG [asyncio] Using selector: KqueueSelector
2026-09-19 16:40:50 DEBUG [eta.access] POST /api/errors/scan-photos → 200 (4ms)
2026-09-19 16:40:50 DEBUG [asyncio] Using selector: KqueueSelector
2026-09-19 16:40:50 DEBUG [eta.access] GET /api/errors → 200 (3ms)
2026-09-19 16:40:50 DEBUG [asyncio] Using selector: KqueueSelector
2026-09-19 16:40:50 DEBUG [eta.access] POST /api/errors/scan-photos-submit → 200 (13ms)
2026-09-19 16:40:50 DEBUG [asyncio] Using selector: KqueueSelector
2026-09-19 16:40:50 DEBUG [eta.access] GET /api/errors → 200 (3ms)
2026-09-19 16:40:50 DEBUG [asyncio] Using selector: KqueueSelector
2026-09-19 16:40:50 DEBUG [eta.access] POST /api/errors/scan-photos → 400 (2ms)
2026-09-19 16:40:50 DEBUG [asyncio] Using selector: KqueueSelector
2026-09-19 16:40:50 DEBUG [eta.access] POST /api/errors/scan-photos → 400 (2ms)
2026-09-19 16:40:50 DEBUG [asyncio] Using selector: KqueueSelector
2026-09-19 16:40:50 DEBUG [eta.access] POST /api/errors/scan-photos → 400 (1ms)
2026-09-19 16:40:50 DEBUG [asyncio] Using selector: KqueueSelector
2026-09-19 16:40:50 DEBUG [eta.access] POST /api/errors/scan → 200 (5ms)
2026-09-19 16:40:50 DEBUG [asyncio] Using selector: KqueueSelector
2026-09-19 16:40:50 DEBUG [eta.access] POST /api/errors/scan → 200 (4ms)
2026-09-19 16:40:50 DEBUG [asyncio] Using selector: KqueueSelector
2026-09-19 16:40:50 DEBUG [eta.access] GET /api/errors → 200 (3ms)
2026-09-19 16:40:50 DEBUG [asyncio] Using selector: KqueueSelector
2026-09-19 16:40:50 DEBUG [eta.access] POST /api/errors/confirm-bulk → 200 (4ms)
2026-09-19 16:40:50 DEBUG [asyncio] Using selector: KqueueSelector
2026-09-19 16:40:50 DEBUG [eta.access] GET /api/errors → 200 (3ms)
2026-09-19 16:40:50 DEBUG [asyncio] Using selector: KqueueSelector
2026-09-19 16:40:50 DEBUG [eta.access] POST /api/errors/confirm-bulk → 200 (5ms)
2026-09-19 16:40:50 DEBUG [asyncio] Using selector: KqueueSelector
2026-09-19 16:40:50 DEBUG [eta.access] GET /api/errors → 200 (3ms)
2026-09-19 16:40:50 DEBUG [asyncio] Using selector: KqueueSelector
2026-09-19 16:40:50 DEBUG [eta.access] POST /api/errors/confirm-bulk → 400 (2ms)
2026-09-19 16:40:50 DEBUG [asyncio] Using selector: KqueueSelector
2026-09-19 16:40:50 DEBUG [eta.access] POST /api/students → 200 (4ms)
2026-09-19 16:40:50 DEBUG [asyncio] Using selector: KqueueSelector
2026-09-19 16:40:50 DEBUG [eta.access] POST /api/students → 400 (2ms)
2026-09-19 16:40:50 DEBUG [asyncio] Using selector: KqueueSelector
2026-09-19 16:40:50 DEBUG [eta.access] POST /api/errors/scan → 200 (7ms)
2026-09-19 16:40:50 DEBUG [asyncio] Using selector: KqueueSelector
2026-09-19 16:40:50 DEBUG [eta.access] PUT /api/students/9101 → 200 (5ms)
2026-09-19 16:40:50 DEBUG [asyncio] Using selector: KqueueSelector
2026-09-19 16:40:50 DEBUG [eta.access] GET /api/errors → 200 (3ms)
2026-09-19 16:40:50 DEBUG [asyncio] Using selector: KqueueSelector
2026-09-19 16:40:50 DEBUG [eta.access] POST /api/students → 200 (4ms)
2026-09-19 16:40:50 DEBUG [asyncio] Using selector: KqueueSelector
2026-09-19 16:40:50 DEBUG [eta.access] PUT /api/students/9201 → 400 (3ms)
2026-09-19 16:40:50 DEBUG [asyncio] Using selector: KqueueSelector
2026-09-19 16:40:50 DEBUG [eta.access] DELETE /api/students/9201 → 200 (6ms)
2026-09-19 16:40:50 DEBUG [asyncio] Using selector: KqueueSelector
2026-09-19 16:40:50 DEBUG [eta.access] GET /api/errors → 200 (2ms)
2026-09-19 16:40:50 DEBUG [asyncio] Using selector: KqueueSelector
2026-09-19 16:40:50 DEBUG [eta.access] DELETE /api/students/9201 → 404 (2ms)
2026-09-19 16:40:50 DEBUG [asyncio] Using selector: KqueueSelector
2026-09-19 16:40:50 DEBUG [eta.access] POST /api/students → 200 (5ms)
2026-09-19 16:40:50 DEBUG [asyncio] Using selector: KqueueSelector
2026-09-19 16:40:50 DEBUG [eta.access] POST /api/errors/scan → 200 (7ms)
2026-09-19 16:40:50 DEBUG [asyncio] Using selector: KqueueSelector
2026-09-19 16:40:50 DEBUG [eta.access] DELETE /api/students/9102 → 200 (4ms)
2026-09-19 16:40:50 DEBUG [asyncio] Using selector: KqueueSelector
2026-09-19 16:40:50 DEBUG [eta.access] GET /api/errors → 200 (2ms)
2026-09-19 16:40:50 DEBUG [asyncio] Using selector: KqueueSelector
2026-09-19 16:40:50 DEBUG [eta.access] POST /api/classes → 200 (6ms)
2026-09-19 16:40:50 DEBUG [asyncio] Using selector: KqueueSelector
2026-09-19 16:40:50 DEBUG [eta.access] GET /api/classes → 200 (3ms)
2026-09-19 16:40:50 DEBUG [asyncio] Using selector: KqueueSelector
2026-09-19 16:40:50 DEBUG [eta.access] POST /api/classes → 400 (2ms)
2026-09-19 16:40:50 DEBUG [asyncio] Using selector: KqueueSelector
2026-09-19 16:40:50 DEBUG [eta.access] POST /api/classes → 400 (5ms)
2026-09-19 16:40:50 DEBUG [asyncio] Using selector: KqueueSelector
2026-09-19 16:40:50 DEBUG [eta.access] POST /api/students → 200 (5ms)
2026-09-19 16:40:50 DEBUG [asyncio] Using selector: KqueueSelector
2026-09-19 16:40:50 DEBUG [eta.access] POST /api/errors/scan → 200 (4ms)
2026-09-19 16:40:50 DEBUG [asyncio] Using selector: KqueueSelector
2026-09-19 16:40:50 DEBUG [eta.access] PUT /api/classes/九(1)班 → 200 (5ms)
2026-09-19 16:40:50 DEBUG [asyncio] Using selector: KqueueSelector
2026-09-19 16:40:50 DEBUG [eta.access] GET /api/classes → 200 (1ms)
2026-09-19 16:40:50 DEBUG [asyncio] Using selector: KqueueSelector
2026-09-19 16:40:50 DEBUG [eta.access] GET /api/students → 200 (2ms)
2026-09-19 16:40:50 DEBUG [asyncio] Using selector: KqueueSelector
2026-09-19 16:40:50 DEBUG [eta.access] GET /api/errors → 200 (2ms)
2026-09-19 16:40:50 DEBUG [asyncio] Using selector: KqueueSelector
2026-09-19 16:40:51 DEBUG [eta.access] DELETE /api/classes/九(2)班 → 200 (4ms)
2026-09-19 16:40:51 DEBUG [asyncio] Using selector: KqueueSelector
2026-09-19 16:40:51 DEBUG [eta.access] GET /api/students → 200 (2ms)
2026-09-19 16:40:51 DEBUG [asyncio] Using selector: KqueueSelector
2026-09-19 16:40:51 DEBUG [eta.access] GET /api/errors → 200 (2ms)
2026-09-19 16:40:51 DEBUG [asyncio] Using selector: KqueueSelector
2026-09-19 16:40:51 DEBUG [eta.access] POST /api/classes → 200 (5ms)
2026-09-19 16:40:51 DEBUG [asyncio] Using selector: KqueueSelector
2026-09-19 16:40:51 DEBUG [eta.access] POST /api/classes → 200 (4ms)
2026-09-19 16:40:51 DEBUG [asyncio] Using selector: KqueueSelector
2026-09-19 16:40:51 DEBUG [eta.access] POST /api/students → 200 (4ms)
2026-09-19 16:40:51 DEBUG [asyncio] Using selector: KqueueSelector
2026-09-19 16:40:51 DEBUG [eta.access] PUT /api/classes/九(3)班 → 400 (3ms)
2026-09-19 16:40:51 DEBUG [asyncio] Using selector: KqueueSelector
2026-09-19 16:40:51 DEBUG [eta.access] DELETE /api/classes/九(3)班 → 200 (3ms)
2026-09-19 16:40:51 DEBUG [asyncio] Using selector: KqueueSelector
2026-09-19 16:40:51 DEBUG [eta.access] DELETE /api/classes/九(1)班 → 200 (4ms)
2026-09-19 16:40:51 DEBUG [asyncio] Using selector: KqueueSelector
2026-09-19 16:40:51 DEBUG [eta.access] GET /api/classes → 200 (2ms)
2026-09-19 16:40:51 DEBUG [asyncio] Using selector: KqueueSelector
2026-09-19 16:40:51 DEBUG [eta.access] POST /api/classes → 200 (4ms)
2026-09-19 16:40:51 DEBUG [asyncio] Using selector: KqueueSelector
2026-09-19 16:40:51 DEBUG [eta.access] POST /api/students → 200 (5ms)
2026-09-19 16:40:51 DEBUG [asyncio] Using selector: KqueueSelector
2026-09-19 16:40:51 DEBUG [eta.access] POST /api/errors/scan → 200 (6ms)
2026-09-19 16:40:51 DEBUG [asyncio] Using selector: KqueueSelector
2026-09-19 16:40:51 DEBUG [eta.access] DELETE /api/classes/旧库班 → 200 (4ms)
2026-09-19 16:40:51 DEBUG [asyncio] Using selector: KqueueSelector
2026-09-19 16:40:51 DEBUG [eta.access] POST /api/errors/scan → 200 (6ms)
2026-09-19 16:40:51 DEBUG [asyncio] Using selector: KqueueSelector
2026-09-19 16:40:51 DEBUG [eta.access] POST /api/errors/1/confirm → 200 (5ms)
2026-09-19 16:40:51 DEBUG [asyncio] Using selector: KqueueSelector
2026-09-19 16:40:51 DEBUG [eta.access] POST /api/errors/scan → 200 (4ms)
2026-09-19 16:40:51 DEBUG [asyncio] Using selector: KqueueSelector
2026-09-19 16:40:51 DEBUG [eta.access] POST /api/errors/2/confirm → 200 (5ms)
2026-09-19 16:40:51 DEBUG [asyncio] Using selector: KqueueSelector
2026-09-19 16:40:51 DEBUG [eta.access] POST /api/errors/scan → 200 (4ms)
2026-09-19 16:40:51 DEBUG [asyncio] Using selector: KqueueSelector
2026-09-19 16:40:51 DEBUG [eta.access] POST /api/errors/3/confirm → 200 (4ms)
2026-09-19 16:40:51 DEBUG [asyncio] Using selector: KqueueSelector
2026-09-19 16:40:51 DEBUG [eta.access] POST /api/errors/scan → 200 (5ms)
2026-09-19 16:40:51 DEBUG [asyncio] Using selector: KqueueSelector
2026-09-19 16:40:51 DEBUG [eta.access] POST /api/errors/4/confirm → 200 (4ms)
2026-09-19 16:40:51 DEBUG [asyncio] Using selector: KqueueSelector
2026-09-19 16:40:51 DEBUG [eta.access] POST /api/decision-sheet/ai → 200 (7ms)
2026-09-19 16:40:51 DEBUG [asyncio] Using selector: KqueueSelector
2026-09-19 16:40:51 DEBUG [eta.access] POST /api/decision-sheet/ai → 400 (4ms)
2026-09-19 16:40:51 DEBUG [asyncio] Using selector: KqueueSelector
2026-09-19 16:40:51 DEBUG [eta.access] POST /api/practice/generate → 422 (1ms)
2026-09-19 16:40:51 DEBUG [asyncio] Using selector: KqueueSelector
2026-09-19 16:40:51 DEBUG [eta.access] POST /api/practice/generate → 422 (1ms)
2026-09-19 16:40:51 DEBUG [asyncio] Using selector: KqueueSelector
2026-09-19 16:40:51 DEBUG [eta.access] POST /api/practice/generate → 200 (11ms)
2026-09-19 16:40:51 DEBUG [asyncio] Using selector: KqueueSelector
2026-09-19 16:40:51 DEBUG [eta.access] POST /api/practice/generate → 200 (5ms)
2026-09-19 16:40:51 DEBUG [asyncio] Using selector: KqueueSelector
2026-09-19 16:40:51 DEBUG [eta.access] POST /api/practice/generate → 200 (4ms)
2026-09-19 16:40:51 DEBUG [asyncio] Using selector: KqueueSelector
2026-09-19 16:40:51 DEBUG [eta.access] POST /api/practice/generate → 400 (1ms)
2026-09-19 16:40:51 DEBUG [asyncio] Using selector: KqueueSelector
2026-09-19 16:40:51 DEBUG [eta.access] POST /api/practice/generate → 400 (2ms)
2026-09-19 16:40:51 DEBUG [asyncio] Using selector: KqueueSelector
2026-09-19 16:40:51 DEBUG [eta.access] POST /api/paper/generate → 400 (2ms)
2026-09-19 16:40:51 DEBUG [asyncio] Using selector: KqueueSelector
2026-09-19 16:40:51 DEBUG [eta.access] POST /api/errors/scan → 200 (4ms)
2026-09-19 16:40:51 DEBUG [asyncio] Using selector: KqueueSelector
2026-09-19 16:40:51 DEBUG [eta.access] POST /api/errors/1/confirm → 200 (4ms)
2026-09-19 16:40:51 DEBUG [asyncio] Using selector: KqueueSelector
2026-09-19 16:40:51 DEBUG [eta.access] POST /api/errors/scan → 200 (4ms)
2026-09-19 16:40:51 DEBUG [asyncio] Using selector: KqueueSelector
2026-09-19 16:40:51 DEBUG [eta.access] POST /api/errors/2/confirm → 200 (4ms)
2026-09-19 16:40:51 DEBUG [asyncio] Using selector: KqueueSelector
2026-09-19 16:40:51 DEBUG [eta.access] POST /api/paper/generate → 200 (4ms)
2026-09-19 16:40:51 DEBUG [asyncio] Using selector: KqueueSelector
2026-09-19 16:40:51 DEBUG [eta.access] POST /api/paper/generate → 200 (3ms)
2026-09-19 16:40:51 DEBUG [asyncio] Using selector: KqueueSelector
2026-09-19 16:40:51 DEBUG [eta.access] POST /api/paper/generate → 422 (2ms)
2026-09-19 16:40:51 DEBUG [asyncio] Using selector: KqueueSelector
2026-09-19 16:40:51 DEBUG [eta.access] POST /api/paper/generate → 422 (1ms)
2026-09-19 16:40:51 DEBUG [asyncio] Using selector: KqueueSelector
2026-09-19 16:40:51 DEBUG [eta.access] POST /api/paper/generate → 200 (3ms)
2026-09-19 16:40:51 DEBUG [asyncio] Using selector: KqueueSelector
2026-09-19 16:40:51 DEBUG [eta.access] GET /api/papers → 200 (2ms)
2026-09-19 16:40:51 DEBUG [asyncio] Using selector: KqueueSelector
2026-09-19 16:40:51 DEBUG [eta.access] POST /api/paper/1/approve → 200 (2ms)
2026-09-19 16:40:51 DEBUG [asyncio] Using selector: KqueueSelector
2026-09-19 16:40:51 DEBUG [eta.access] POST /api/paper/1/approve → 404 (2ms)
2026-09-19 16:40:51 DEBUG [asyncio] Using selector: KqueueSelector
2026-09-19 16:40:51 DEBUG [eta.access] GET /api/papers → 200 (2ms)
2026-09-19 16:40:51 DEBUG [asyncio] Using selector: KqueueSelector
2026-09-19 16:40:51 DEBUG [eta.access] POST /api/practice/generate → 200 (3ms)
2026-09-19 16:40:51 DEBUG [asyncio] Using selector: KqueueSelector
2026-09-19 16:40:51 DEBUG [eta.access] GET /api/practices/export → 400 (18ms)
2026-09-19 16:40:51 DEBUG [asyncio] Using selector: KqueueSelector
2026-09-19 16:40:51 DEBUG [eta.access] GET /api/practices/export → 200 (2ms)
2026-09-19 16:40:51 DEBUG [asyncio] Using selector: KqueueSelector
2026-09-19 16:40:51 DEBUG [eta.access] POST /api/practice/1/approve → 200 (2ms)
2026-09-19 16:40:51 DEBUG [asyncio] Using selector: KqueueSelector
2026-09-19 16:40:51 DEBUG [eta.access] GET /api/practices/export → 200 (2ms)
2026-09-19 16:40:51 DEBUG [asyncio] Using selector: KqueueSelector
2026-09-19 16:40:51 DEBUG [eta.access] GET /api/practices/export → 200 (164ms)
2026-09-19 16:40:51 DEBUG [asyncio] Using selector: KqueueSelector
2026-09-19 16:40:51 DEBUG [eta.access] POST /api/practice/generate → 200 (3ms)
2026-09-19 16:40:51 DEBUG [asyncio] Using selector: KqueueSelector
2026-09-19 16:40:51 DEBUG [eta.access] POST /api/practice/2/approve → 200 (3ms)
2026-09-19 16:40:51 DEBUG [asyncio] Using selector: KqueueSelector
2026-09-19 16:40:51 DEBUG [eta.access] GET /api/practices/export → 200 (4ms)
2026-09-19 16:40:51 DEBUG [asyncio] Using selector: KqueueSelector
2026-09-19 16:40:51 DEBUG [eta.access] GET /api/practices/export → 400 (1ms)
2026-09-19 16:40:51 DEBUG [asyncio] Using selector: KqueueSelector
2026-09-19 16:40:51 DEBUG [eta.access] POST /api/errors/scan → 200 (7ms)
2026-09-19 16:40:51 DEBUG [asyncio] Using selector: KqueueSelector
2026-09-19 16:40:51 DEBUG [eta.access] POST /api/errors/1/confirm → 200 (4ms)
2026-09-19 16:40:51 DEBUG [asyncio] Using selector: KqueueSelector
2026-09-19 16:40:51 DEBUG [eta.access] POST /api/errors/scan → 200 (3ms)
2026-09-19 16:40:51 DEBUG [asyncio] Using selector: KqueueSelector
2026-09-19 16:40:51 DEBUG [eta.access] POST /api/errors/2/confirm → 200 (5ms)
2026-09-19 16:40:51 DEBUG [asyncio] Using selector: KqueueSelector
2026-09-19 16:40:51 DEBUG [eta.access] POST /api/paper/generate → 200 (3ms)
2026-09-19 16:40:51 DEBUG [asyncio] Using selector: KqueueSelector
2026-09-19 16:40:51 DEBUG [eta.access] GET /api/papers/1/export → 400 (3ms)
2026-09-19 16:40:51 DEBUG [asyncio] Using selector: KqueueSelector
2026-09-19 16:40:51 DEBUG [eta.access] POST /api/paper/1/approve → 200 (2ms)
2026-09-19 16:40:51 DEBUG [asyncio] Using selector: KqueueSelector
2026-09-19 16:40:51 DEBUG [eta.access] GET /api/papers/1/export → 200 (2ms)
2026-09-19 16:40:51 DEBUG [asyncio] Using selector: KqueueSelector
2026-09-19 16:40:51 DEBUG [eta.access] GET /api/papers/1/export → 200 (39ms)
2026-09-19 16:40:51 DEBUG [asyncio] Using selector: KqueueSelector
2026-09-19 16:40:51 DEBUG [eta.access] GET /api/papers/999/export → 404 (2ms)
2026-09-19 16:40:51 DEBUG [asyncio] Using selector: KqueueSelector
2026-09-19 16:40:51 DEBUG [eta.access] POST /api/classes → 200 (5ms)
2026-09-19 16:40:51 DEBUG [asyncio] Using selector: KqueueSelector
2026-09-19 16:40:52 DEBUG [eta.access] POST /api/students → 200 (4ms)
2026-09-19 16:40:52 DEBUG [asyncio] Using selector: KqueueSelector
2026-09-19 16:40:52 DEBUG [eta.access] POST /api/errors/scan → 200 (5ms)
2026-09-19 16:40:52 DEBUG [asyncio] Using selector: KqueueSelector
2026-09-19 16:40:52 DEBUG [eta.access] POST /api/errors/1/confirm → 200 (4ms)
2026-09-19 16:40:52 DEBUG [asyncio] Using selector: KqueueSelector
2026-09-19 16:40:52 DEBUG [eta.access] POST /api/errors/scan → 200 (4ms)
2026-09-19 16:40:52 DEBUG [asyncio] Using selector: KqueueSelector
2026-09-19 16:40:52 DEBUG [eta.access] POST /api/errors/2/confirm → 200 (4ms)
2026-09-19 16:40:52 DEBUG [asyncio] Using selector: KqueueSelector
2026-09-19 16:40:52 DEBUG [eta.access] POST /api/errors/scan → 200 (7ms)
2026-09-19 16:40:52 DEBUG [asyncio] Using selector: KqueueSelector
2026-09-19 16:40:52 DEBUG [eta.access] POST /api/errors/3/confirm → 200 (4ms)
2026-09-19 16:40:52 DEBUG [asyncio] Using selector: KqueueSelector
2026-09-19 16:40:52 DEBUG [eta.access] POST /api/errors/scan → 200 (5ms)
2026-09-19 16:40:52 DEBUG [asyncio] Using selector: KqueueSelector
2026-09-19 16:40:52 DEBUG [eta.access] POST /api/errors/4/confirm → 200 (5ms)
2026-09-19 16:40:52 DEBUG [asyncio] Using selector: KqueueSelector
2026-09-19 16:40:52 DEBUG [eta.access] POST /api/errors/scan → 200 (4ms)
2026-09-19 16:40:52 DEBUG [asyncio] Using selector: KqueueSelector
2026-09-19 16:40:52 DEBUG [eta.access] POST /api/errors/5/confirm → 200 (5ms)
2026-09-19 16:40:52 DEBUG [asyncio] Using selector: KqueueSelector
2026-09-19 16:40:52 DEBUG [eta.access] GET /api/decision-sheet/export → 200 (6ms)
2026-09-19 16:40:52 DEBUG [asyncio] Using selector: KqueueSelector
2026-09-19 16:40:52 DEBUG [eta.access] GET /api/decision-sheet/export → 200 (59ms)
2026-09-19 16:40:52 DEBUG [asyncio] Using selector: KqueueSelector
2026-09-19 16:40:52 DEBUG [eta.access] POST /api/students/import → 200 (3ms)
2026-09-19 16:40:52 DEBUG [asyncio] Using selector: KqueueSelector
2026-09-19 16:40:52 DEBUG [eta.access] POST /api/errors/scan → 200 (6ms)
2026-09-19 16:40:52 DEBUG [asyncio] Using selector: KqueueSelector
2026-09-19 16:40:52 DEBUG [eta.access] POST /api/errors/1/confirm → 200 (6ms)
2026-09-19 16:40:52 DEBUG [asyncio] Using selector: KqueueSelector
2026-09-19 16:40:52 DEBUG [eta.access] POST /api/errors/scan → 200 (6ms)
2026-09-19 16:40:52 DEBUG [asyncio] Using selector: KqueueSelector
2026-09-19 16:40:52 DEBUG [eta.access] POST /api/errors/2/confirm → 200 (5ms)
2026-09-19 16:40:52 DEBUG [asyncio] Using selector: KqueueSelector
2026-09-19 16:40:52 INFO [eta.export] 导出学生综合信息：2 名学生（class=九(1)班）
2026-09-19 16:40:52 DEBUG [eta.access] GET /api/students/export.csv → 200 (5ms)
2026-09-19 16:40:52 DEBUG [asyncio] Using selector: KqueueSelector
2026-09-19 16:40:52 DEBUG [eta.access] GET /api/errors/batches → 200 (2ms)
2026-09-19 16:40:52 DEBUG [asyncio] Using selector: KqueueSelector
2026-09-19 16:40:52 DEBUG [eta.access] GET /api/errors/batches → 200 (2ms)
2026-09-19 16:40:52 DEBUG [asyncio] Using selector: KqueueSelector
2026-09-19 16:40:52 DEBUG [eta.access] GET /api/decision-sheet → 200 (6ms)
2026-09-19 16:40:52 DEBUG [asyncio] Using selector: KqueueSelector
2026-09-19 16:40:52 DEBUG [eta.access] GET /api/decision-sheet → 200 (5ms)
2026-09-19 16:40:52 DEBUG [asyncio] Using selector: KqueueSelector
2026-09-19 16:40:52 DEBUG [eta.access] GET /api/dashboard → 200 (5ms)
2026-09-19 16:40:52 DEBUG [asyncio] Using selector: KqueueSelector
2026-09-19 16:40:52 DEBUG [eta.access] GET /api/dashboard → 200 (7ms)
2026-09-19 16:40:52 DEBUG [asyncio] Using selector: KqueueSelector
2026-09-19 16:40:52 DEBUG [eta.access] GET /api/trends/categories → 200 (4ms)
2026-09-19 16:40:52 DEBUG [asyncio] Using selector: KqueueSelector
2026-09-19 16:40:52 DEBUG [eta.access] POST /api/errors/confirm-bulk → 200 (5ms)
2026-09-19 16:40:52 DEBUG [asyncio] Using selector: KqueueSelector
2026-09-19 16:40:52 DEBUG [eta.access] GET /api/dashboard → 200 (6ms)
2026-09-19 16:40:52 DEBUG [asyncio] Using selector: KqueueSelector
2026-09-19 16:40:52 DEBUG [eta.access] GET /api/decision-sheet/export → 200 (3ms)
2026-09-19 16:40:52 DEBUG [asyncio] Using selector: KqueueSelector
2026-09-19 16:40:52 DEBUG [eta.access] POST /api/check/dictation → 200 (12ms)
2026-09-19 16:40:52 DEBUG [asyncio] Using selector: KqueueSelector
2026-09-19 16:40:52 DEBUG [eta.access] GET /api/errors → 200 (2ms)
2026-09-19 16:40:52 DEBUG [asyncio] Using selector: KqueueSelector
2026-09-19 16:40:52 DEBUG [eta.access] GET /api/check/sessions → 200 (2ms)
2026-09-19 16:40:52 DEBUG [asyncio] Using selector: KqueueSelector
2026-09-19 16:40:52 DEBUG [eta.access] GET /api/check/sessions/1 → 200 (2ms)
2026-09-19 16:40:52 DEBUG [asyncio] Using selector: KqueueSelector
2026-09-19 16:40:52 DEBUG [eta.access] POST /api/check/assignment → 200 (12ms)
2026-09-19 16:40:52 DEBUG [asyncio] Using selector: KqueueSelector
2026-09-19 16:40:52 DEBUG [eta.access] GET /api/errors → 200 (2ms)
2026-09-19 16:40:52 DEBUG [asyncio] Using selector: KqueueSelector
2026-09-19 16:40:52 DEBUG [eta.access] POST /api/check/assignment → 200 (12ms)
2026-09-19 16:40:52 DEBUG [asyncio] Using selector: KqueueSelector
2026-09-19 16:40:52 DEBUG [eta.access] GET /api/errors → 200 (3ms)
2026-09-19 16:40:52 DEBUG [asyncio] Using selector: KqueueSelector
2026-09-19 16:40:52 DEBUG [eta.access] POST /api/check/assignment → 200 (6ms)
2026-09-19 16:40:53 DEBUG [asyncio] Using selector: KqueueSelector
2026-09-19 16:40:53 DEBUG [eta.access] POST /api/check/assignment → 200 (8ms)
2026-09-19 16:40:53 DEBUG [asyncio] Using selector: KqueueSelector
2026-09-19 16:40:53 DEBUG [eta.access] POST /api/check/dictation → 400 (1ms)
2026-09-19 16:40:53 DEBUG [asyncio] Using selector: KqueueSelector
2026-09-19 16:40:53 DEBUG [eta.access] POST /api/check/assignment → 400 (3ms)
2026-09-19 16:40:53 DEBUG [asyncio] Using selector: KqueueSelector
2026-09-19 16:40:53 DEBUG [eta.access] GET /api/check/sessions/999999 → 404 (2ms)
2026-09-19 16:40:53 DEBUG [asyncio] Using selector: KqueueSelector
2026-09-19 16:40:53 DEBUG [eta.access] POST /api/check/dictation → 200 (5ms)
2026-09-19 16:40:53 DEBUG [asyncio] Using selector: KqueueSelector
2026-09-19 16:40:53 DEBUG [eta.access] PATCH /api/check/sessions/1 → 200 (4ms)
2026-09-19 16:40:53 DEBUG [asyncio] Using selector: KqueueSelector
2026-09-19 16:40:53 DEBUG [eta.access] GET /api/check/sessions → 200 (2ms)
2026-09-19 16:40:53 DEBUG [asyncio] Using selector: KqueueSelector
2026-09-19 16:40:53 DEBUG [eta.access] POST /api/students/import → 200 (3ms)
2026-09-19 16:40:53 DEBUG [asyncio] Using selector: KqueueSelector
2026-09-19 16:40:53 DEBUG [eta.access] POST /api/check/dictation → 200 (9ms)
2026-09-19 16:40:53 DEBUG [asyncio] Using selector: KqueueSelector
2026-09-19 16:40:53 DEBUG [eta.access] GET /api/check/sessions/1/export → 200 (4ms)
2026-09-19 16:40:53 DEBUG [asyncio] Using selector: KqueueSelector
2026-09-19 16:40:53 DEBUG [eta.access] GET /api/check/sessions/999999/export → 404 (2ms)
2026-09-19 16:40:53 DEBUG [asyncio] Using selector: KqueueSelector
2026-09-19 16:40:53 DEBUG [eta.access] POST /api/students → 200 (5ms)
2026-09-19 16:40:53 DEBUG [asyncio] Using selector: KqueueSelector
2026-09-19 16:40:53 DEBUG [eta.access] POST /api/students → 200 (4ms)
2026-09-19 16:40:53 DEBUG [asyncio] Using selector: KqueueSelector
2026-09-19 16:40:53 DEBUG [eta.access] POST /api/students → 200 (5ms)
2026-09-19 16:40:53 DEBUG [asyncio] Using selector: KqueueSelector
2026-09-19 16:40:53 DEBUG [eta.access] POST /api/students → 200 (3ms)
2026-09-19 16:40:53 DEBUG [asyncio] Using selector: KqueueSelector
2026-09-19 16:40:53 DEBUG [eta.access] POST /api/students → 200 (4ms)
2026-09-19 16:40:53 DEBUG [asyncio] Using selector: KqueueSelector
2026-09-19 16:40:53 DEBUG [eta.access] POST /api/students → 200 (3ms)
2026-09-19 16:40:53 DEBUG [asyncio] Using selector: KqueueSelector
2026-09-19 16:40:53 DEBUG [eta.access] POST /api/students/S01/cleanup → 200 (5ms)
2026-09-19 16:40:53 DEBUG [asyncio] Using selector: KqueueSelector
2026-09-19 16:40:53 DEBUG [eta.access] GET /api/students/S01/profile → 200 (3ms)
2026-09-19 16:40:53 DEBUG [asyncio] Using selector: KqueueSelector
2026-09-19 16:40:53 DEBUG [eta.access] POST /api/students/S01/cleanup → 200 (4ms)
2026-09-19 16:40:53 DEBUG [asyncio] Using selector: KqueueSelector
2026-09-19 16:40:53 DEBUG [eta.access] GET /api/students/S01/profile → 200 (2ms)
2026-09-19 16:40:53 DEBUG [asyncio] Using selector: KqueueSelector
2026-09-19 16:40:53 DEBUG [eta.access] POST /api/students → 200 (5ms)
2026-09-19 16:40:53 DEBUG [asyncio] Using selector: KqueueSelector
2026-09-19 16:40:53 DEBUG [eta.access] POST /api/students → 200 (4ms)
2026-09-19 16:40:53 DEBUG [asyncio] Using selector: KqueueSelector
2026-09-19 16:40:53 DEBUG [eta.access] POST /api/students/S01/cleanup → 200 (2ms)
2026-09-19 16:40:53 DEBUG [asyncio] Using selector: KqueueSelector
2026-09-19 16:40:53 DEBUG [eta.access] POST /api/students → 200 (4ms)
2026-09-19 16:40:53 DEBUG [asyncio] Using selector: KqueueSelector
2026-09-19 16:40:53 DEBUG [eta.access] POST /api/students → 200 (4ms)
2026-09-19 16:40:53 DEBUG [asyncio] Using selector: KqueueSelector
2026-09-19 16:40:53 DEBUG [eta.access] POST /api/students/S01/cleanup → 200 (4ms)
2026-09-19 16:40:53 DEBUG [asyncio] Using selector: KqueueSelector
2026-09-19 16:40:53 DEBUG [eta.access] POST /api/students → 200 (5ms)
2026-09-19 16:40:53 DEBUG [asyncio] Using selector: KqueueSelector
2026-09-19 16:40:53 DEBUG [eta.access] POST /api/students → 200 (3ms)
2026-09-19 16:40:53 DEBUG [asyncio] Using selector: KqueueSelector
2026-09-19 16:40:53 DEBUG [eta.access] POST /api/students/S01/cleanup → 200 (4ms)
2026-09-19 16:40:53 DEBUG [asyncio] Using selector: KqueueSelector
2026-09-19 16:40:53 DEBUG [eta.access] POST /api/students → 200 (7ms)
2026-09-19 16:40:53 DEBUG [asyncio] Using selector: KqueueSelector
2026-09-19 16:40:53 DEBUG [eta.access] POST /api/students/P01/cleanup → 400 (2ms)
2026-09-19 16:40:53 DEBUG [asyncio] Using selector: KqueueSelector
2026-09-19 16:40:53 DEBUG [eta.access] POST /api/students/P01/cleanup → 400 (3ms)
2026-09-19 16:40:53 DEBUG [asyncio] Using selector: KqueueSelector
2026-09-19 16:40:53 DEBUG [eta.access] POST /api/students/NOPE/cleanup → 404 (2ms)
2026-09-19 16:40:53 DEBUG [asyncio] Using selector: KqueueSelector
2026-09-19 16:40:53 DEBUG [eta.access] POST /api/students → 200 (4ms)
2026-09-19 16:40:53 DEBUG [asyncio] Using selector: KqueueSelector
2026-09-19 16:40:53 DEBUG [eta.access] POST /api/students/V01/cleanup → 400 (2ms)
2026-09-19 16:40:53 WARNING [eta.ocr] dual 文档流 mineru 通道失败（降级继续）：MinerU 链路抖动
2026-09-19 16:40:54 WARNING [eta.ocr] dual 文档流 mineru 通道失败（降级继续）：down
2026-09-19 16:40:54 WARNING [eta.ocr] dual 文档流 paddleocr 通道失败（降级继续）：down
2026-09-19 16:40:54 DEBUG [asyncio] Using selector: KqueueSelector
2026-09-19 16:40:54 ERROR [eta.logs] 浏览器 [ERROR] 页面=#/scan 页面脚本错误
at boot
2026-09-19 16:40:54 DEBUG [eta.access] POST /api/logs/client → 200 (4ms)
2026-09-19 16:40:54 INFO [eta.ocr] MinerU batch=b1 创建，上传图片 (5 bytes)
2026-09-19 16:40:55 WARNING [eta.trace] 运行留痕写入失败：[Errno 20] Not a directory: '/private/var/folders/sh/v4ws268d63928m_6n_jzds6m0000gn/T/pytest-of-zbloom/pytest-19/test_record_never_raises_on_io0/blocker/sub'
2026-09-19 16:40:55 DEBUG [asyncio] Using selector: KqueueSelector
2026-09-19 16:40:55 DEBUG [eta.access] POST /api/check/organize-upload → 200 (2ms)
2026-09-19 16:40:55 DEBUG [asyncio] Using selector: KqueueSelector
2026-09-19 16:40:55 DEBUG [eta.access] POST /api/check/organize-upload → 200 (4ms)
2026-09-19 16:40:55 DEBUG [asyncio] Using selector: KqueueSelector
2026-09-19 16:40:55 DEBUG [eta.access] POST /api/check/organize-upload → 400 (2ms)
2026-09-19 16:40:55 DEBUG [asyncio] Using selector: KqueueSelector
2026-09-19 16:40:55 DEBUG [eta.access] POST /api/students/import → 200 (5ms)
2026-09-19 16:40:55 DEBUG [asyncio] Using selector: KqueueSelector
2026-09-19 16:40:55 DEBUG [eta.access] POST /api/check/photo-parse → 200 (5ms)
2026-09-19 16:40:55 DEBUG [asyncio] Using selector: KqueueSelector
2026-09-19 16:40:55 DEBUG [eta.access] POST /api/check/photo-parse → 200 (5ms)
2026-09-19 16:40:55 DEBUG [asyncio] Using selector: KqueueSelector
2026-09-19 16:40:55 DEBUG [eta.access] POST /api/check/photo-parse → 200 (4ms)
2026-09-19 16:40:55 DEBUG [asyncio] Using selector: KqueueSelector
2026-09-19 16:40:55 WARNING [eta.services.photo_check] 批改读图失败（张三/bad.jpg）：识别失败
2026-09-19 16:40:55 DEBUG [eta.access] POST /api/check/photo-parse → 200 (3ms)
2026-09-19 16:40:55 DEBUG [asyncio] Using selector: KqueueSelector
2026-09-19 16:40:55 DEBUG [eta.access] POST /api/check/photo-parse → 422 (1ms)
2026-09-19 16:40:55 DEBUG [asyncio] Using selector: KqueueSelector
2026-09-19 16:40:55 DEBUG [eta.access] POST /api/students/import → 200 (4ms)
2026-09-19 16:40:55 DEBUG [asyncio] Using selector: KqueueSelector
2026-09-19 16:40:55 DEBUG [eta.access] POST /api/check/assignment → 200 (11ms)
2026-09-19 16:40:55 DEBUG [asyncio] Using selector: KqueueSelector
2026-09-19 16:40:55 DEBUG [eta.access] GET /api/errors → 200 (2ms)
2026-09-19 16:40:55 DEBUG [asyncio] Using selector: KqueueSelector
2026-09-19 16:40:55 DEBUG [eta.access] GET /api/check/sessions/1/files → 200 (5ms)
2026-09-19 16:40:55 DEBUG [asyncio] Using selector: KqueueSelector
2026-09-19 16:40:55 DEBUG [eta.access] GET /api/check/sessions → 200 (2ms)
2026-09-19 16:40:55 DEBUG [asyncio] Using selector: KqueueSelector
2026-09-19 16:40:55 DEBUG [eta.access] POST /api/check/assignment → 200 (8ms)
2026-09-19 16:40:55 DEBUG [asyncio] Using selector: KqueueSelector
2026-09-19 16:40:55 DEBUG [eta.access] GET /api/check/sessions/1 → 200 (3ms)
2026-09-19 16:40:55 DEBUG [asyncio] Using selector: KqueueSelector
2026-09-19 16:40:55 DEBUG [eta.access] POST /api/students/import → 200 (4ms)
2026-09-19 16:40:55 DEBUG [asyncio] Using selector: KqueueSelector
2026-09-19 16:40:55 DEBUG [eta.access] POST /api/check/assignment → 200 (9ms)
2026-09-19 16:40:55 DEBUG [asyncio] Using selector: KqueueSelector
2026-09-19 16:40:55 DEBUG [eta.access] POST /api/students/import → 200 (4ms)
2026-09-19 16:40:55 DEBUG [asyncio] Using selector: KqueueSelector
2026-09-19 16:40:55 DEBUG [eta.access] POST /api/check/assignment → 200 (8ms)
2026-09-19 16:40:55 DEBUG [asyncio] Using selector: KqueueSelector
2026-09-19 16:40:55 DEBUG [eta.access] GET /api/check/sessions → 200 (4ms)
2026-09-19 16:40:55 DEBUG [asyncio] Using selector: KqueueSelector
2026-09-19 16:40:55 DEBUG [eta.access] GET /api/check/sessions → 200 (2ms)
2026-09-19 16:40:55 DEBUG [asyncio] Using selector: KqueueSelector
2026-09-19 16:40:55 DEBUG [eta.access] POST /api/students/import → 200 (5ms)
2026-09-19 16:40:55 DEBUG [asyncio] Using selector: KqueueSelector
2026-09-19 16:40:55 DEBUG [eta.access] POST /api/check/assignment → 200 (8ms)
2026-09-19 16:40:55 DEBUG [asyncio] Using selector: KqueueSelector
2026-09-19 16:40:55 DEBUG [eta.access] GET /api/check/sessions/1/files → 200 (2ms)
2026-09-19 16:40:55 DEBUG [asyncio] Using selector: KqueueSelector
2026-09-19 16:40:55 DEBUG [eta.access] DELETE /api/check/sessions/1 → 200 (3ms)
2026-09-19 16:40:55 DEBUG [asyncio] Using selector: KqueueSelector
2026-09-19 16:40:55 DEBUG [eta.access] GET /api/check/sessions/1 → 404 (1ms)
2026-09-19 16:40:55 DEBUG [asyncio] Using selector: KqueueSelector
2026-09-19 16:40:55 DEBUG [eta.access] GET /api/check/sessions/1/files → 404 (3ms)
2026-09-19 16:40:55 DEBUG [asyncio] Using selector: KqueueSelector
2026-09-19 16:40:55 DEBUG [eta.access] GET /api/errors → 200 (2ms)
2026-09-19 16:40:55 DEBUG [asyncio] Using selector: KqueueSelector
2026-09-19 16:40:55 DEBUG [eta.access] POST /api/students/import → 200 (3ms)
2026-09-19 16:40:55 DEBUG [asyncio] Using selector: KqueueSelector
2026-09-19 16:40:55 DEBUG [eta.access] POST /api/check/assignment → 200 (9ms)
2026-09-19 16:40:55 DEBUG [asyncio] Using selector: KqueueSelector
2026-09-19 16:40:55 DEBUG [eta.access] DELETE /api/check/sessions/2 → 200 (3ms)
2026-09-19 16:40:55 DEBUG [asyncio] Using selector: KqueueSelector
2026-09-19 16:40:55 DEBUG [eta.access] GET /api/errors → 200 (2ms)
2026-09-19 16:40:55 DEBUG [asyncio] Using selector: KqueueSelector
2026-09-19 16:40:55 DEBUG [eta.access] DELETE /api/check/sessions/999999 → 404 (2ms)
2026-09-19 16:40:56 DEBUG [asyncio] Using selector: KqueueSelector
2026-09-19 16:40:56 DEBUG [eta.access] POST /api/students/import → 200 (7ms)
2026-09-19 16:40:56 DEBUG [asyncio] Using selector: KqueueSelector
2026-09-19 16:40:56 DEBUG [eta.access] POST /api/check/photo-parse → 200 (3ms)
2026-09-19 16:40:56 DEBUG [asyncio] Using selector: KqueueSelector
2026-09-19 16:40:56 DEBUG [eta.access] POST /api/check/photo-parse → 200 (3ms)
2026-09-19 16:40:56 DEBUG [asyncio] Using selector: KqueueSelector
2026-09-19 16:40:56 DEBUG [eta.access] POST /api/check/md-reparse → 200 (3ms)
2026-09-19 16:40:56 DEBUG [asyncio] Using selector: KqueueSelector
2026-09-19 16:40:56 DEBUG [eta.access] POST /api/check/md-reparse → 400 (1ms)
2026-09-19 16:40:56 DEBUG [asyncio] Using selector: KqueueSelector
2026-09-19 16:40:56 DEBUG [eta.access] POST /api/students/import → 200 (4ms)
2026-09-19 16:40:56 DEBUG [asyncio] Using selector: KqueueSelector
2026-09-19 16:40:56 DEBUG [eta.access] POST /api/check/assignment → 200 (4ms)
2026-09-19 16:40:56 DEBUG [asyncio] Using selector: KqueueSelector
2026-09-19 16:40:56 DEBUG [eta.access] POST /api/students/import → 200 (3ms)
2026-09-19 16:40:56 DEBUG [asyncio] Using selector: KqueueSelector
2026-09-19 16:40:56 DEBUG [eta.access] POST /api/check/assignment → 200 (4ms)
2026-09-19 16:40:56 DEBUG [asyncio] Using selector: KqueueSelector
2026-09-19 16:40:56 DEBUG [eta.access] GET /api/check/sessions → 200 (2ms)
2026-09-19 16:40:56 DEBUG [asyncio] Using selector: KqueueSelector
2026-09-19 16:40:56 DEBUG [eta.access] GET /api/check/sessions → 200 (2ms)
2026-09-19 16:40:56 DEBUG [asyncio] Using selector: KqueueSelector
2026-09-19 16:40:56 DEBUG [eta.access] GET /api/check/sessions → 200 (2ms)
2026-09-19 16:41:15 INFO [eta.llm] AI 调用完成 | 模型=deepseek-v4-pro 返回 15016 字，耗时 29094ms
2026-09-19 16:41:15 DEBUG [eta.llm] llm.chat ok | model=deepseek-v4-pro chars=15016 29094ms
2026-09-19 16:41:33 INFO [eta.providers.agent_chat] 智能体会话调用完成 | 返回 6713 字，耗时 18091ms
2026-09-19 16:42:04 INFO [eta.llm] AI 调用完成 | 模型=deepseek-v4-pro 返回 15969 字，耗时 31417ms
2026-09-19 16:42:04 DEBUG [eta.llm] llm.chat ok | model=deepseek-v4-pro chars=15969 31417ms
2026-09-19 16:42:04 DEBUG [eta.access] POST /api/check/photo-parse → 200 (98961ms)
2026-09-19 16:43:17 DEBUG [eta.access] GET /api/students → 200 (2ms)
2026-09-19 16:43:38 DEBUG [eta.access] POST /api/classes → 200 (5ms)
2026-09-19 16:43:38 DEBUG [eta.access] GET /api/classes → 200 (2ms)
2026-09-19 16:43:38 DEBUG [eta.access] GET /api/students → 200 (2ms)
2026-09-19 16:44:04 DEBUG [eta.access] POST /api/students/import → 200 (8ms)
2026-09-19 16:44:04 DEBUG [eta.access] GET /api/classes → 200 (2ms)
2026-09-19 16:44:04 DEBUG [eta.access] GET /api/students → 200 (7ms)
2026-09-19 16:44:30 INFO [eta.providers.agent_chat] 智能体会话调用完成 | 返回 6206 字，耗时 15886ms
2026-09-19 16:44:58 INFO [eta.llm] AI 调用完成 | 模型=deepseek-v4-pro 返回 15195 字，耗时 28454ms
2026-09-19 16:44:58 DEBUG [eta.llm] llm.chat ok | model=deepseek-v4-pro chars=15195 28454ms
2026-09-19 16:45:15 INFO [eta.providers.agent_chat] 智能体会话调用完成 | 返回 6558 字，耗时 16627ms
2026-09-19 16:45:45 INFO [eta.llm] AI 调用完成 | 模型=deepseek-v4-pro 返回 15725 字，耗时 29743ms
2026-09-19 16:45:45 DEBUG [eta.llm] llm.chat ok | model=deepseek-v4-pro chars=15725 29744ms
2026-09-19 16:45:45 DEBUG [eta.access] POST /api/check/photo-parse → 200 (91222ms)
2026-09-19 16:46:16 INFO [eta.llm] AI 调用完成 | 模型=deepseek-v4-pro 返回 185 字，耗时 2072ms
2026-09-19 16:46:16 DEBUG [eta.llm] llm.chat ok | model=deepseek-v4-pro chars=185 2073ms
2026-09-19 16:46:17 INFO [eta.llm] AI 调用完成 | 模型=deepseek-v4-pro 返回 62 字，耗时 1160ms
2026-09-19 16:46:17 DEBUG [eta.llm] llm.chat ok | model=deepseek-v4-pro chars=62 1161ms
2026-09-19 16:46:20 INFO [eta.llm] AI 调用完成 | 模型=deepseek-v4-pro 返回 178 字，耗时 2787ms
2026-09-19 16:46:20 DEBUG [eta.llm] llm.chat ok | model=deepseek-v4-pro chars=178 2788ms
2026-09-19 16:46:21 INFO [eta.llm] AI 调用完成 | 模型=deepseek-v4-pro 返回 50 字，耗时 987ms
2026-09-19 16:46:21 DEBUG [eta.llm] llm.chat ok | model=deepseek-v4-pro chars=50 988ms
2026-09-19 16:46:22 INFO [eta.llm] AI 调用完成 | 模型=deepseek-v4-pro 返回 48 字，耗时 995ms
2026-09-19 16:46:22 DEBUG [eta.llm] llm.chat ok | model=deepseek-v4-pro chars=48 995ms
2026-09-19 16:46:23 INFO [eta.llm] AI 调用完成 | 模型=deepseek-v4-pro 返回 48 字，耗时 1333ms
2026-09-19 16:46:23 DEBUG [eta.llm] llm.chat ok | model=deepseek-v4-pro chars=48 1333ms
2026-09-19 16:46:24 INFO [eta.llm] AI 调用完成 | 模型=deepseek-v4-pro 返回 50 字，耗时 1092ms
2026-09-19 16:46:24 DEBUG [eta.llm] llm.chat ok | model=deepseek-v4-pro chars=50 1092ms
2026-09-19 16:46:27 INFO [eta.llm] AI 调用完成 | 模型=deepseek-v4-pro 返回 190 字，耗时 2557ms
2026-09-19 16:46:27 DEBUG [eta.llm] llm.chat ok | model=deepseek-v4-pro chars=190 2558ms
2026-09-19 16:46:29 INFO [eta.llm] AI 调用完成 | 模型=deepseek-v4-pro 返回 225 字，耗时 1852ms
2026-09-19 16:46:29 DEBUG [eta.llm] llm.chat ok | model=deepseek-v4-pro chars=225 1852ms
2026-09-19 16:46:31 INFO [eta.llm] AI 调用完成 | 模型=deepseek-v4-pro 返回 211 字，耗时 2658ms
2026-09-19 16:46:31 DEBUG [eta.llm] llm.chat ok | model=deepseek-v4-pro chars=211 2658ms
2026-09-19 16:46:34 INFO [eta.llm] AI 调用完成 | 模型=deepseek-v4-pro 返回 178 字，耗时 2120ms
2026-09-19 16:46:34 DEBUG [eta.llm] llm.chat ok | model=deepseek-v4-pro chars=178 2120ms
2026-09-19 16:46:35 INFO [eta.llm] AI 调用完成 | 模型=deepseek-v4-pro 返回 228 字，耗时 1781ms
2026-09-19 16:46:35 DEBUG [eta.llm] llm.chat ok | model=deepseek-v4-pro chars=228 1782ms
2026-09-19 16:46:37 INFO [eta.llm] AI 调用完成 | 模型=deepseek-v4-pro 返回 48 字，耗时 1213ms
2026-09-19 16:46:37 DEBUG [eta.llm] llm.chat ok | model=deepseek-v4-pro chars=48 1213ms
2026-09-19 16:46:38 INFO [eta.llm] AI 调用完成 | 模型=deepseek-v4-pro 返回 56 字，耗时 1340ms
2026-09-19 16:46:38 DEBUG [eta.llm] llm.chat ok | model=deepseek-v4-pro chars=56 1340ms
2026-09-19 16:46:40 INFO [eta.llm] AI 调用完成 | 模型=deepseek-v4-pro 返回 176 字，耗时 2213ms
2026-09-19 16:46:40 DEBUG [eta.llm] llm.chat ok | model=deepseek-v4-pro chars=176 2213ms
2026-09-19 16:46:40 DEBUG [eta.access] POST /api/check/assignment → 200 (26242ms)
2026-09-19 16:46:40 DEBUG [eta.access] GET /api/students → 200 (2ms)
2026-09-19 16:46:40 DEBUG [eta.access] GET /api/check/sessions → 200 (3ms)
2026-09-19 16:49:26 DEBUG [eta.access] GET /api/students → 200 (15ms)
2026-09-19 16:49:26 DEBUG [eta.access] GET /api/errors/tags → 200 (2ms)
2026-09-19 16:49:27 DEBUG [eta.access] GET /api/errors/batches → 200 (2ms)
2026-09-19 16:49:27 DEBUG [eta.access] GET /api/errors → 200 (2ms)
2026-09-19 16:49:29 DEBUG [eta.access] GET /api/errors → 200 (2ms)
2026-09-19 16:49:30 DEBUG [eta.access] GET /api/errors → 200 (2ms)
2026-09-19 16:52:05 DEBUG [eta.access] GET /api/errors → 200 (9ms)
2026-09-19 16:52:08 DEBUG [eta.access] GET /api/errors → 200 (2ms)
2026-09-19 16:52:08 DEBUG [eta.access] GET /api/errors → 200 (4ms)
2026-09-19 16:52:09 DEBUG [eta.access] GET /api/errors → 200 (2ms)
2026-09-19 16:52:11 DEBUG [eta.access] GET / → 200 (2ms)
2026-09-19 16:52:11 DEBUG [eta.access] GET /static/css/style.css → 200 (12ms)
2026-09-19 16:52:11 DEBUG [eta.access] GET /static/js/base.js → 200 (12ms)
2026-09-19 16:52:11 DEBUG [eta.access] GET /static/js/entry.js → 200 (10ms)
2026-09-19 16:52:11 DEBUG [eta.access] GET /static/js/analysis.js → 200 (11ms)
2026-09-19 16:52:11 DEBUG [eta.access] GET /static/js/lesson.js → 200 (12ms)
2026-09-19 16:52:11 DEBUG [eta.access] GET /static/js/confirm.js → 200 (13ms)
2026-09-19 16:52:11 DEBUG [eta.access] GET /static/js/grading.js → 200 (18ms)
2026-09-19 16:52:11 DEBUG [eta.access] GET /static/js/students.js → 200 (20ms)
2026-09-19 16:52:11 DEBUG [eta.access] GET /static/js/router.js → 200 (10ms)
2026-09-19 16:52:11 DEBUG [eta.access] GET /api/ontology → 200 (5ms)
2026-09-19 16:52:11 DEBUG [eta.access] GET /api/classes → 200 (3ms)
2026-09-19 16:52:11 DEBUG [eta.access] GET /api/errors/batches → 200 (6ms)
2026-09-19 16:52:11 DEBUG [eta.access] GET /api/errors → 200 (12ms)
2026-09-19 16:52:18 DEBUG [eta.access] POST /api/errors/confirm-bulk → 200 (11ms)
2026-09-19 16:52:18 DEBUG [eta.access] GET /api/errors → 200 (5ms)
2026-09-19 16:52:20 DEBUG [eta.access] GET /api/errors → 200 (24ms)
2026-09-19 16:52:33 DEBUG [eta.access] GET /api/errors/batches → 200 (5ms)
2026-09-19 16:52:33 DEBUG [eta.access] GET /api/dashboard → 200 (14ms)
2026-09-19 16:52:38 DEBUG [eta.access] GET /api/errors/batches → 200 (11ms)
2026-09-19 16:52:38 DEBUG [eta.access] GET /api/dashboard → 200 (8ms)
2026-09-19 16:52:39 DEBUG [eta.access] GET /api/errors/batches → 200 (3ms)
2026-09-19 16:52:39 DEBUG [eta.access] GET /api/errors → 200 (96ms)
2026-09-19 16:52:41 DEBUG [eta.access] GET /api/errors → 200 (2ms)
2026-09-19 16:52:42 DEBUG [eta.access] GET / → 200 (2ms)
2026-09-19 16:52:43 DEBUG [eta.access] GET /static/css/style.css → 200 (15ms)
2026-09-19 16:52:43 DEBUG [eta.access] GET /static/js/base.js → 200 (14ms)
2026-09-19 16:52:43 DEBUG [eta.access] GET /static/js/entry.js → 200 (10ms)
2026-09-19 16:52:43 DEBUG [eta.access] GET /static/js/analysis.js → 200 (14ms)
2026-09-19 16:52:43 DEBUG [eta.access] GET /static/js/confirm.js → 200 (15ms)
2026-09-19 16:52:43 DEBUG [eta.access] GET /static/js/lesson.js → 200 (16ms)
2026-09-19 16:52:43 DEBUG [eta.access] GET /static/js/grading.js → 200 (19ms)
2026-09-19 16:52:43 DEBUG [eta.access] GET /static/js/students.js → 200 (30ms)
2026-09-19 16:52:43 DEBUG [eta.access] GET /static/js/router.js → 200 (35ms)
2026-09-19 16:52:43 DEBUG [eta.access] GET /api/ontology → 200 (2ms)
2026-09-19 16:52:43 DEBUG [eta.access] GET /api/classes → 200 (2ms)
2026-09-19 16:52:43 DEBUG [eta.access] GET /api/errors/batches → 200 (3ms)
2026-09-19 16:52:43 DEBUG [eta.access] GET /api/errors → 200 (6ms)
2026-09-19 16:52:46 DEBUG [eta.access] GET /api/errors/batches → 200 (20ms)
2026-09-19 16:52:46 DEBUG [eta.access] GET /api/errors → 200 (2ms)
2026-09-19 16:52:46 DEBUG [eta.access] GET /api/errors → 200 (2ms)
2026-09-19 16:52:50 DEBUG [eta.access] GET /api/errors → 200 (2ms)
2026-09-19 16:52:51 DEBUG [eta.access] GET /api/errors → 200 (2ms)
2026-09-19 16:52:53 DEBUG [eta.access] GET / → 200 (2ms)
2026-09-19 16:52:53 DEBUG [eta.access] GET /static/css/style.css → 200 (11ms)
2026-09-19 16:52:53 DEBUG [eta.access] GET /static/js/base.js → 200 (10ms)
2026-09-19 16:52:53 DEBUG [eta.access] GET /static/js/analysis.js → 200 (8ms)
2026-09-19 16:52:53 DEBUG [eta.access] GET /static/js/confirm.js → 200 (12ms)
2026-09-19 16:52:53 DEBUG [eta.access] GET /static/js/lesson.js → 200 (12ms)
2026-09-19 16:52:53 DEBUG [eta.access] GET /static/js/entry.js → 200 (14ms)
2026-09-19 16:52:53 DEBUG [eta.access] GET /static/js/grading.js → 200 (14ms)
2026-09-19 16:52:53 DEBUG [eta.access] GET /static/js/students.js → 200 (14ms)
2026-09-19 16:52:53 DEBUG [eta.access] GET /static/js/router.js → 200 (6ms)
2026-09-19 16:52:53 DEBUG [eta.access] GET /api/ontology → 200 (2ms)
2026-09-19 16:52:53 DEBUG [eta.access] GET /api/classes → 200 (2ms)
2026-09-19 16:52:53 DEBUG [eta.access] GET /api/errors/batches → 200 (4ms)
2026-09-19 16:52:53 DEBUG [eta.access] GET /api/errors → 200 (3ms)
2026-09-19 16:52:55 DEBUG [eta.access] GET /api/errors → 200 (32ms)
2026-09-19 16:52:56 DEBUG [eta.access] GET /api/errors → 200 (20ms)
2026-09-19 16:52:58 DEBUG [eta.access] GET /api/errors/batches → 200 (5ms)
2026-09-19 16:52:58 DEBUG [eta.access] GET /api/errors → 200 (6ms)
2026-09-19 16:53:00 DEBUG [eta.access] GET /api/errors/batches → 200 (3ms)
2026-09-19 16:53:00 DEBUG [eta.access] GET /api/dashboard → 200 (7ms)
2026-09-19 16:53:02 DEBUG [eta.access] GET /api/trends/categories → 200 (4ms)
2026-09-19 16:53:02 DEBUG [eta.access] GET /api/errors → 200 (3ms)
2026-09-19 16:53:04 DEBUG [eta.access] GET /api/dashboard → 200 (6ms)
2026-09-19 16:53:13 DEBUG [eta.access] GET /api/errors → 200 (14ms)
2026-09-19 16:53:15 DEBUG [eta.access] GET /api/errors → 200 (2ms)
2026-09-19 16:53:16 DEBUG [eta.access] GET /api/errors → 200 (2ms)
2026-09-19 16:53:17 DEBUG [eta.access] GET /api/errors → 200 (2ms)
2026-09-19 16:53:17 DEBUG [eta.access] GET /api/errors → 200 (2ms)
2026-09-19 16:53:18 DEBUG [eta.access] GET /api/errors → 200 (2ms)
2026-09-19 16:53:18 DEBUG [eta.access] GET /api/students → 200 (3ms)
2026-09-19 16:53:18 DEBUG [eta.access] GET /api/errors/tags → 200 (2ms)
2026-09-19 16:53:21 DEBUG [eta.access] GET /api/students → 200 (4ms)
2026-09-19 16:53:21 DEBUG [eta.access] GET /api/check/sessions → 200 (9ms)
2026-09-19 16:53:26 DEBUG [eta.access] GET / → 200 (1ms)
2026-09-19 16:53:26 DEBUG [eta.access] GET /static/css/style.css → 200 (12ms)
2026-09-19 16:53:26 DEBUG [eta.access] GET /static/js/base.js → 200 (11ms)
2026-09-19 16:53:26 DEBUG [eta.access] GET /static/js/entry.js → 200 (12ms)
2026-09-19 16:53:26 DEBUG [eta.access] GET /static/js/lesson.js → 200 (14ms)
2026-09-19 16:53:26 DEBUG [eta.access] GET /static/js/confirm.js → 200 (17ms)
2026-09-19 16:53:26 DEBUG [eta.access] GET /static/js/analysis.js → 200 (22ms)
2026-09-19 16:53:26 DEBUG [eta.access] GET /static/js/students.js → 200 (16ms)
2026-09-19 16:53:26 DEBUG [eta.access] GET /static/js/grading.js → 200 (15ms)
2026-09-19 16:53:26 DEBUG [eta.access] GET /static/js/router.js → 200 (8ms)
2026-09-19 16:53:26 DEBUG [eta.access] GET /api/ontology → 200 (3ms)
2026-09-19 16:53:26 DEBUG [eta.access] GET /api/classes → 200 (3ms)
2026-09-19 16:53:26 DEBUG [eta.access] GET /api/students → 200 (2ms)
2026-09-19 16:53:26 DEBUG [eta.access] GET /api/check/sessions → 200 (5ms)
2026-09-19 16:53:32 DEBUG [eta.access] GET /api/students → 200 (2ms)
2026-09-19 16:53:33 DEBUG [eta.access] GET /api/students/9601/profile → 200 (12ms)
2026-09-19 16:53:38 DEBUG [eta.access] GET /api/students → 200 (3ms)
2026-09-19 16:53:38 DEBUG [eta.access] GET /api/errors/tags → 200 (3ms)
2026-09-19 16:53:39 DEBUG [eta.access] GET /api/errors/batches → 200 (43ms)
2026-09-19 16:53:39 DEBUG [eta.access] GET /api/dashboard → 200 (14ms)
2026-09-19 16:53:42 DEBUG [eta.access] GET /api/errors/batches → 200 (2ms)
2026-09-19 16:53:42 DEBUG [eta.access] GET /api/dashboard → 200 (4ms)
2026-09-19 16:53:45 DEBUG [eta.access] GET /api/dashboard → 200 (8ms)
2026-09-19 16:53:45 DEBUG [eta.access] GET /api/trends/categories → 200 (61ms)
2026-09-19 16:53:45 DEBUG [eta.access] GET /api/errors → 200 (3ms)
2026-09-19 16:53:48 DEBUG [eta.access] GET /api/dashboard → 200 (13ms)
2026-09-19 16:53:51 DEBUG [eta.access] GET /api/errors/batches → 200 (2ms)
2026-09-19 16:53:52 DEBUG [eta.access] GET /api/decision-sheet → 200 (29ms)
2026-09-19 16:53:58 DEBUG [eta.access] GET /api/students → 200 (3ms)
2026-09-19 16:53:58 DEBUG [eta.access] GET /api/check/sessions → 200 (3ms)
2026-09-19 16:53:59 DEBUG [eta.access] GET /api/students → 200 (6ms)
2026-09-19 16:53:59 DEBUG [eta.access] GET /api/errors/tags → 200 (2ms)
2026-09-19 16:53:59 DEBUG [eta.access] GET /api/errors/batches → 200 (7ms)
2026-09-19 16:54:00 DEBUG [eta.access] GET /api/students → 200 (5ms)
2026-09-19 16:54:01 DEBUG [eta.access] GET /api/errors/batches → 200 (19ms)
2026-09-19 16:54:11 DEBUG [eta.access] GET /api/errors/batches → 200 (2ms)
2026-09-19 16:54:11 DEBUG [eta.access] GET /api/errors → 200 (15ms)
2026-09-19 16:54:42 DEBUG [eta.access] GET /api/dashboard → 200 (6ms)
2026-09-19 16:54:43 DEBUG [eta.access] GET /api/errors/batches → 200 (3ms)
2026-09-19 16:54:59 DEBUG [eta.access] GET /api/errors/batches → 200 (39ms)
2026-09-19 16:55:00 DEBUG [eta.access] GET /api/practices → 200 (3ms)
2026-09-19 16:55:04 DEBUG [eta.access] GET /api/papers → 200 (4ms)
2026-09-19 16:55:07 INFO [eta] 日志已就绪：目录 runtime/logs（按天轮转，保留 14 天，终端级别 INFO / 文件级别 DEBUG）
2026-09-19 16:55:07 DEBUG [asyncio] Using selector: KqueueSelector
2026-09-19 16:55:07 DEBUG [eta.access] POST /api/check/dictation → 200 (128ms)
2026-09-19 16:55:07 DEBUG [asyncio] Using selector: KqueueSelector
2026-09-19 16:55:07 DEBUG [eta.access] GET /api/errors → 200 (5ms)
2026-09-19 16:55:07 DEBUG [asyncio] Using selector: KqueueSelector
2026-09-19 16:55:07 DEBUG [eta.access] GET /api/check/sessions → 200 (2ms)
2026-09-19 16:55:07 DEBUG [asyncio] Using selector: KqueueSelector
2026-09-19 16:55:07 DEBUG [eta.access] GET /api/check/sessions/1 → 200 (2ms)
2026-09-19 16:55:07 DEBUG [asyncio] Using selector: KqueueSelector
2026-09-19 16:55:07 DEBUG [eta.access] POST /api/check/assignment → 200 (15ms)
2026-09-19 16:55:07 DEBUG [asyncio] Using selector: KqueueSelector
2026-09-19 16:55:07 DEBUG [eta.access] GET /api/errors → 200 (2ms)
2026-09-19 16:55:07 DEBUG [asyncio] Using selector: KqueueSelector
2026-09-19 16:55:07 DEBUG [eta.access] POST /api/check/assignment → 200 (10ms)
2026-09-19 16:55:07 DEBUG [asyncio] Using selector: KqueueSelector
2026-09-19 16:55:07 DEBUG [eta.access] GET /api/errors → 200 (4ms)
2026-09-19 16:55:07 DEBUG [asyncio] Using selector: KqueueSelector
2026-09-19 16:55:07 DEBUG [eta.access] POST /api/check/assignment → 200 (5ms)
2026-09-19 16:55:07 DEBUG [asyncio] Using selector: KqueueSelector
2026-09-19 16:55:07 DEBUG [eta.access] POST /api/check/assignment → 200 (8ms)
2026-09-19 16:55:07 DEBUG [asyncio] Using selector: KqueueSelector
2026-09-19 16:55:07 DEBUG [eta.access] POST /api/check/dictation → 400 (1ms)
2026-09-19 16:55:07 DEBUG [asyncio] Using selector: KqueueSelector
2026-09-19 16:55:07 DEBUG [eta.access] POST /api/check/assignment → 400 (2ms)
2026-09-19 16:55:07 DEBUG [asyncio] Using selector: KqueueSelector
2026-09-19 16:55:07 DEBUG [eta.access] GET /api/check/sessions/999999 → 404 (2ms)
2026-09-19 16:55:07 DEBUG [asyncio] Using selector: KqueueSelector
2026-09-19 16:55:07 DEBUG [eta.access] POST /api/check/dictation → 200 (5ms)
2026-09-19 16:55:07 DEBUG [asyncio] Using selector: KqueueSelector
2026-09-19 16:55:07 DEBUG [eta.access] PATCH /api/check/sessions/1 → 200 (5ms)
2026-09-19 16:55:07 DEBUG [asyncio] Using selector: KqueueSelector
2026-09-19 16:55:07 DEBUG [eta.access] GET /api/check/sessions → 200 (2ms)
2026-09-19 16:55:07 DEBUG [asyncio] Using selector: KqueueSelector
2026-09-19 16:55:07 DEBUG [eta.access] POST /api/students/import → 200 (6ms)
2026-09-19 16:55:07 DEBUG [asyncio] Using selector: KqueueSelector
2026-09-19 16:55:07 DEBUG [eta.access] POST /api/check/dictation → 200 (10ms)
2026-09-19 16:55:07 DEBUG [asyncio] Using selector: KqueueSelector
2026-09-19 16:55:07 DEBUG [eta.access] GET /api/check/sessions/1/export → 200 (3ms)
2026-09-19 16:55:07 DEBUG [asyncio] Using selector: KqueueSelector
2026-09-19 16:55:07 DEBUG [eta.access] GET /api/check/sessions/999999/export → 404 (2ms)
2026-09-19 16:55:07 DEBUG [asyncio] Using selector: KqueueSelector
2026-09-19 16:55:07 DEBUG [eta.access] POST /api/students/import → 200 (4ms)
2026-09-19 16:55:07 DEBUG [asyncio] Using selector: KqueueSelector
2026-09-19 16:55:07 DEBUG [eta.access] POST /api/check/dictation → 200 (11ms)
2026-09-19 16:55:07 DEBUG [asyncio] Using selector: KqueueSelector
2026-09-19 16:55:07 INFO [eta.api.check] 导出全部单生批改报告：2 名学生（session=1）
2026-09-19 16:55:07 DEBUG [eta.access] GET /api/check/sessions/1/export-all → 200 (5ms)
2026-09-19 16:55:07 DEBUG [asyncio] Using selector: KqueueSelector
2026-09-19 16:55:07 DEBUG [eta.access] GET /api/check/sessions/999999/export-all → 404 (2ms)
2026-09-19 16:55:08 DEBUG [eta.access] GET /api/errors/batches → 200 (18ms)
2026-09-19 16:55:09 DEBUG [eta.access] GET /api/practices → 200 (10ms)
2026-09-19 16:55:09 DEBUG [eta.access] GET /api/papers → 200 (68ms)
2026-09-19 16:55:11 DEBUG [eta.access] GET /api/practices → 200 (2ms)
2026-09-19 16:55:12 DEBUG [eta.access] GET /api/papers → 200 (18ms)
2026-09-19 16:55:13 DEBUG [eta.access] GET /api/errors/batches → 200 (3ms)
2026-09-19 16:55:16 DEBUG [eta.access] GET /api/practices → 200 (14ms)
2026-09-19 16:55:16 DEBUG [eta.access] GET /api/papers → 200 (2ms)
2026-09-19 16:55:16 INFO [eta] 日志已就绪：目录 runtime/logs（按天轮转，保留 14 天，终端级别 INFO / 文件级别 DEBUG）
2026-09-19 16:55:16 INFO [eta.providers.agent_chat] 智能体会话调用完成 | 返回 2 字，耗时 0ms
2026-09-19 16:55:16 INFO [eta.providers.agent_chat] 智能体会话调用完成 | 返回 2 字，耗时 0ms
2026-09-19 16:55:17 WARNING [eta.providers.agent_chat] 智能体会话请求失败，2s 后重试一次：connection reset
2026-09-19 16:55:19 WARNING [eta.services.photo_check] 多图联合解析失败，该批降级逐张解析：多图联合失败
2026-09-19 16:55:19 WARNING [eta.services.photo_check] Markdown 结构化失败：DeepSeek 超时
2026-09-19 16:55:19 WARNING [eta.services.photo_check] 智能体会话解析失败，降级 OCR 转录解析：invalid_api_key
2026-09-19 16:55:19 WARNING [eta.services.photo_check] 多图联合解析失败，该批降级逐张解析：多图联合失败（测试桩）
2026-09-19 16:55:19 DEBUG [eta.access] GET /api/errors → 200 (3ms)
2026-09-19 16:55:19 DEBUG [asyncio] Using selector: KqueueSelector
2026-09-19 16:55:19 DEBUG [eta.access] GET /api/health → 200 (55ms)
2026-09-19 16:55:19 DEBUG [asyncio] Using selector: KqueueSelector
2026-09-19 16:55:19 DEBUG [eta.access] GET /api/ontology → 200 (5ms)
2026-09-19 16:55:19 DEBUG [asyncio] Using selector: KqueueSelector
2026-09-19 16:55:19 DEBUG [eta.access] POST /api/students/import → 200 (7ms)
2026-09-19 16:55:19 DEBUG [asyncio] Using selector: KqueueSelector
2026-09-19 16:55:19 DEBUG [eta.access] GET /api/students → 200 (3ms)
2026-09-19 16:55:19 DEBUG [asyncio] Using selector: KqueueSelector
2026-09-19 16:55:19 DEBUG [eta.access] POST /api/errors/scan → 200 (8ms)
2026-09-19 16:55:19 DEBUG [asyncio] Using selector: KqueueSelector
2026-09-19 16:55:19 DEBUG [eta.access] GET /api/errors → 200 (3ms)
2026-09-19 16:55:19 DEBUG [asyncio] Using selector: KqueueSelector
2026-09-19 16:55:19 DEBUG [eta.access] POST /api/errors/1/confirm → 200 (6ms)
2026-09-19 16:55:19 DEBUG [asyncio] Using selector: KqueueSelector
2026-09-19 16:55:19 DEBUG [eta.access] POST /api/errors/scan → 200 (6ms)
2026-09-19 16:55:19 DEBUG [asyncio] Using selector: KqueueSelector
2026-09-19 16:55:20 DEBUG [eta.access] POST /api/errors/2/confirm → 200 (8ms)
2026-09-19 16:55:20 DEBUG [asyncio] Using selector: KqueueSelector
2026-09-19 16:55:20 DEBUG [eta.access] POST /api/errors/scan → 200 (8ms)
2026-09-19 16:55:20 DEBUG [asyncio] Using selector: KqueueSelector
2026-09-19 16:55:20 DEBUG [eta.access] GET /api/errors → 200 (3ms)
2026-09-19 16:55:20 DEBUG [asyncio] Using selector: KqueueSelector
2026-09-19 16:55:20 DEBUG [eta.access] POST /api/errors/3/confirm → 200 (11ms)
2026-09-19 16:55:20 DEBUG [asyncio] Using selector: KqueueSelector
2026-09-19 16:55:20 DEBUG [eta.access] POST /api/errors/scan → 200 (9ms)
2026-09-19 16:55:20 DEBUG [asyncio] Using selector: KqueueSelector
2026-09-19 16:55:20 DEBUG [eta.access] GET /api/errors → 200 (3ms)
2026-09-19 16:55:20 DEBUG [asyncio] Using selector: KqueueSelector
2026-09-19 16:55:20 DEBUG [eta.access] POST /api/errors/4/confirm → 200 (8ms)
2026-09-19 16:55:20 DEBUG [asyncio] Using selector: KqueueSelector
2026-09-19 16:55:20 DEBUG [eta.access] POST /api/errors/scan → 200 (6ms)
2026-09-19 16:55:20 DEBUG [asyncio] Using selector: KqueueSelector
2026-09-19 16:55:20 DEBUG [eta.access] GET /api/errors → 200 (2ms)
2026-09-19 16:55:20 DEBUG [asyncio] Using selector: KqueueSelector
2026-09-19 16:55:20 DEBUG [eta.access] POST /api/errors/5/confirm → 200 (6ms)
2026-09-19 16:55:20 DEBUG [asyncio] Using selector: KqueueSelector
2026-09-19 16:55:20 DEBUG [eta.access] POST /api/errors/scan → 200 (7ms)
2026-09-19 16:55:20 DEBUG [asyncio] Using selector: KqueueSelector
2026-09-19 16:55:20 DEBUG [eta.access] GET /api/errors → 200 (2ms)
2026-09-19 16:55:20 DEBUG [asyncio] Using selector: KqueueSelector
2026-09-19 16:55:20 DEBUG [eta.access] POST /api/errors/6/confirm → 200 (9ms)
2026-09-19 16:55:20 DEBUG [asyncio] Using selector: KqueueSelector
2026-09-19 16:55:20 DEBUG [eta.access] POST /api/errors/scan → 200 (7ms)
2026-09-19 16:55:20 DEBUG [asyncio] Using selector: KqueueSelector
2026-09-19 16:55:20 DEBUG [eta.access] GET /api/errors → 200 (3ms)
2026-09-19 16:55:20 DEBUG [asyncio] Using selector: KqueueSelector
2026-09-19 16:55:20 DEBUG [eta.access] POST /api/errors/7/confirm → 200 (7ms)
2026-09-19 16:55:20 DEBUG [asyncio] Using selector: KqueueSelector
2026-09-19 16:55:20 DEBUG [eta.access] POST /api/errors/scan → 200 (10ms)
2026-09-19 16:55:20 DEBUG [asyncio] Using selector: KqueueSelector
2026-09-19 16:55:20 DEBUG [eta.access] GET /api/errors → 200 (3ms)
2026-09-19 16:55:20 DEBUG [asyncio] Using selector: KqueueSelector
2026-09-19 16:55:20 DEBUG [eta.access] POST /api/errors/8/confirm → 200 (11ms)
2026-09-19 16:55:20 DEBUG [asyncio] Using selector: KqueueSelector
2026-09-19 16:55:20 DEBUG [eta.access] POST /api/errors/scan → 200 (7ms)
2026-09-19 16:55:20 DEBUG [asyncio] Using selector: KqueueSelector
2026-09-19 16:55:20 DEBUG [eta.access] GET /api/errors → 200 (2ms)
2026-09-19 16:55:20 DEBUG [asyncio] Using selector: KqueueSelector
2026-09-19 16:55:20 DEBUG [eta.access] POST /api/errors/9/confirm → 200 (5ms)
2026-09-19 16:55:20 DEBUG [asyncio] Using selector: KqueueSelector
2026-09-19 16:55:20 DEBUG [eta.access] POST /api/errors/scan → 200 (5ms)
2026-09-19 16:55:20 DEBUG [asyncio] Using selector: KqueueSelector
2026-09-19 16:55:20 DEBUG [eta.access] GET /api/errors → 200 (2ms)
2026-09-19 16:55:20 DEBUG [asyncio] Using selector: KqueueSelector
2026-09-19 16:55:20 DEBUG [eta.access] POST /api/errors/10/confirm → 200 (6ms)
2026-09-19 16:55:20 DEBUG [asyncio] Using selector: KqueueSelector
2026-09-19 16:55:20 DEBUG [eta.access] POST /api/errors/scan → 200 (5ms)
2026-09-19 16:55:20 DEBUG [asyncio] Using selector: KqueueSelector
2026-09-19 16:55:20 DEBUG [eta.access] GET /api/errors → 200 (4ms)
2026-09-19 16:55:20 DEBUG [asyncio] Using selector: KqueueSelector
2026-09-19 16:55:20 DEBUG [eta.access] POST /api/errors/11/confirm → 200 (25ms)
2026-09-19 16:55:20 DEBUG [asyncio] Using selector: KqueueSelector
2026-09-19 16:55:20 DEBUG [eta.access] POST /api/errors/scan → 200 (7ms)
2026-09-19 16:55:20 DEBUG [asyncio] Using selector: KqueueSelector
2026-09-19 16:55:20 DEBUG [eta.access] GET /api/errors → 200 (2ms)
2026-09-19 16:55:20 DEBUG [asyncio] Using selector: KqueueSelector
2026-09-19 16:55:20 DEBUG [eta.access] POST /api/errors/12/confirm → 200 (6ms)
2026-09-19 16:55:20 DEBUG [asyncio] Using selector: KqueueSelector
2026-09-19 16:55:20 DEBUG [eta.access] POST /api/errors/scan → 200 (6ms)
2026-09-19 16:55:20 DEBUG [asyncio] Using selector: KqueueSelector
2026-09-19 16:55:20 DEBUG [eta.access] GET /api/errors → 200 (3ms)
2026-09-19 16:55:20 DEBUG [asyncio] Using selector: KqueueSelector
2026-09-19 16:55:20 DEBUG [eta.access] POST /api/errors/13/confirm → 200 (6ms)
2026-09-19 16:55:20 DEBUG [asyncio] Using selector: KqueueSelector
2026-09-19 16:55:20 DEBUG [eta.access] POST /api/errors/scan → 200 (7ms)
2026-09-19 16:55:20 DEBUG [asyncio] Using selector: KqueueSelector
2026-09-19 16:55:20 DEBUG [eta.access] GET /api/errors → 200 (3ms)
2026-09-19 16:55:20 DEBUG [asyncio] Using selector: KqueueSelector
2026-09-19 16:55:20 DEBUG [eta.access] POST /api/errors/14/confirm → 200 (6ms)
2026-09-19 16:55:20 DEBUG [asyncio] Using selector: KqueueSelector
2026-09-19 16:55:20 DEBUG [eta.access] POST /api/practice/generate → 200 (4ms)
2026-09-19 16:55:20 DEBUG [asyncio] Using selector: KqueueSelector
2026-09-19 16:55:20 DEBUG [eta.access] POST /api/practice/1/approve → 200 (4ms)
2026-09-19 16:55:20 DEBUG [asyncio] Using selector: KqueueSelector
2026-09-19 16:55:20 DEBUG [eta.access] GET /api/decision-sheet → 200 (8ms)
2026-09-19 16:55:20 DEBUG [asyncio] Using selector: KqueueSelector
2026-09-19 16:55:20 DEBUG [eta.access] GET /api/trends/categories → 200 (3ms)
2026-09-19 16:55:20 DEBUG [asyncio] Using selector: KqueueSelector
2026-09-19 16:55:20 DEBUG [eta.access] GET /api/export/errors.csv → 200 (2ms)
2026-09-19 16:55:20 DEBUG [asyncio] Using selector: KqueueSelector
2026-09-19 16:55:20 DEBUG [eta.access] POST /api/errors/scan → 200 (4ms)
2026-09-19 16:55:20 DEBUG [asyncio] Using selector: KqueueSelector
2026-09-19 16:55:20 DEBUG [eta.access] POST /api/errors/scan → 400 (3ms)
2026-09-19 16:55:20 DEBUG [asyncio] Using selector: KqueueSelector
2026-09-19 16:55:20 DEBUG [eta.access] POST /api/errors/scan → 200 (4ms)
2026-09-19 16:55:20 DEBUG [asyncio] Using selector: KqueueSelector
2026-09-19 16:55:20 DEBUG [eta.access] POST /api/errors/1/confirm → 400 (3ms)
2026-09-19 16:55:20 DEBUG [asyncio] Using selector: KqueueSelector
2026-09-19 16:55:20 DEBUG [eta.access] POST /api/students/import → 200 (5ms)
2026-09-19 16:55:20 DEBUG [asyncio] Using selector: KqueueSelector
2026-09-19 16:55:20 DEBUG [eta.access] POST /api/errors/scan-batch → 200 (16ms)
2026-09-19 16:55:20 DEBUG [asyncio] Using selector: KqueueSelector
2026-09-19 16:55:20 DEBUG [eta.access] GET /api/errors → 200 (2ms)
2026-09-19 16:55:20 DEBUG [asyncio] Using selector: KqueueSelector
2026-09-19 16:55:20 DEBUG [eta.access] POST /api/students/import → 200 (4ms)
2026-09-19 16:55:20 DEBUG [asyncio] Using selector: KqueueSelector
2026-09-19 16:55:20 DEBUG [eta.access] POST /api/errors/scan-batch → 200 (12ms)
2026-09-19 16:55:20 DEBUG [eta.access] GET /api/dashboard → 200 (40ms)
2026-09-19 16:55:20 DEBUG [asyncio] Using selector: KqueueSelector
2026-09-19 16:55:20 DEBUG [eta.access] POST /api/students/import → 200 (4ms)
2026-09-19 16:55:20 DEBUG [asyncio] Using selector: KqueueSelector
2026-09-19 16:55:20 DEBUG [eta.access] POST /api/errors/scan-batch → 200 (10ms)
2026-09-19 16:55:20 DEBUG [asyncio] Using selector: KqueueSelector
2026-09-19 16:55:20 DEBUG [eta.access] POST /api/students/import → 200 (5ms)
2026-09-19 16:55:20 DEBUG [asyncio] Using selector: KqueueSelector
2026-09-19 16:55:20 DEBUG [eta.access] POST /api/errors/scan-photos → 200 (3ms)
2026-09-19 16:55:20 DEBUG [asyncio] Using selector: KqueueSelector
2026-09-19 16:55:20 DEBUG [eta.access] GET /api/errors → 200 (3ms)
2026-09-19 16:55:20 DEBUG [asyncio] Using selector: KqueueSelector
2026-09-19 16:55:20 DEBUG [eta.access] POST /api/errors/scan-photos-submit → 200 (18ms)
2026-09-19 16:55:20 DEBUG [asyncio] Using selector: KqueueSelector
2026-09-19 16:55:20 DEBUG [eta.access] GET /api/errors → 200 (6ms)
2026-09-19 16:55:20 DEBUG [asyncio] Using selector: KqueueSelector
2026-09-19 16:55:20 DEBUG [eta.access] POST /api/errors/scan-photos → 400 (2ms)
2026-09-19 16:55:20 DEBUG [asyncio] Using selector: KqueueSelector
2026-09-19 16:55:20 DEBUG [eta.access] POST /api/errors/scan-photos → 400 (2ms)
2026-09-19 16:55:20 DEBUG [asyncio] Using selector: KqueueSelector
2026-09-19 16:55:20 DEBUG [eta.access] POST /api/errors/scan-photos → 400 (1ms)
2026-09-19 16:55:20 DEBUG [asyncio] Using selector: KqueueSelector
2026-09-19 16:55:20 DEBUG [eta.access] POST /api/errors/scan → 200 (5ms)
2026-09-19 16:55:20 DEBUG [asyncio] Using selector: KqueueSelector
2026-09-19 16:55:20 DEBUG [eta.access] POST /api/errors/scan → 200 (3ms)
2026-09-19 16:55:20 DEBUG [asyncio] Using selector: KqueueSelector
2026-09-19 16:55:20 DEBUG [eta.access] GET /api/errors → 200 (3ms)
2026-09-19 16:55:20 DEBUG [asyncio] Using selector: KqueueSelector
2026-09-19 16:55:20 DEBUG [eta.access] POST /api/errors/confirm-bulk → 200 (4ms)
2026-09-19 16:55:20 DEBUG [asyncio] Using selector: KqueueSelector
2026-09-19 16:55:20 DEBUG [eta.access] GET /api/errors → 200 (3ms)
2026-09-19 16:55:20 DEBUG [asyncio] Using selector: KqueueSelector
2026-09-19 16:55:20 DEBUG [eta.access] POST /api/errors/confirm-bulk → 200 (4ms)
2026-09-19 16:55:20 DEBUG [asyncio] Using selector: KqueueSelector
2026-09-19 16:55:20 DEBUG [eta.access] GET /api/errors → 200 (2ms)
2026-09-19 16:55:20 DEBUG [asyncio] Using selector: KqueueSelector
2026-09-19 16:55:20 DEBUG [eta.access] POST /api/errors/confirm-bulk → 400 (4ms)
2026-09-19 16:55:20 DEBUG [asyncio] Using selector: KqueueSelector
2026-09-19 16:55:20 DEBUG [eta.access] POST /api/students → 200 (6ms)
2026-09-19 16:55:20 DEBUG [asyncio] Using selector: KqueueSelector
2026-09-19 16:55:20 DEBUG [eta.access] POST /api/students → 400 (2ms)
2026-09-19 16:55:20 DEBUG [asyncio] Using selector: KqueueSelector
2026-09-19 16:55:21 DEBUG [eta.access] POST /api/errors/scan → 200 (6ms)
2026-09-19 16:55:21 DEBUG [asyncio] Using selector: KqueueSelector
2026-09-19 16:55:21 DEBUG [eta.access] PUT /api/students/9101 → 200 (4ms)
2026-09-19 16:55:21 DEBUG [asyncio] Using selector: KqueueSelector
2026-09-19 16:55:21 DEBUG [eta.access] GET /api/errors → 200 (2ms)
2026-09-19 16:55:21 DEBUG [asyncio] Using selector: KqueueSelector
2026-09-19 16:55:21 DEBUG [eta.access] POST /api/students → 200 (5ms)
2026-09-19 16:55:21 DEBUG [asyncio] Using selector: KqueueSelector
2026-09-19 16:55:21 DEBUG [eta.access] PUT /api/students/9201 → 400 (3ms)
2026-09-19 16:55:21 DEBUG [asyncio] Using selector: KqueueSelector
2026-09-19 16:55:21 DEBUG [eta.access] DELETE /api/students/9201 → 200 (6ms)
2026-09-19 16:55:21 DEBUG [asyncio] Using selector: KqueueSelector
2026-09-19 16:55:21 DEBUG [eta.access] GET /api/errors → 200 (2ms)
2026-09-19 16:55:21 DEBUG [asyncio] Using selector: KqueueSelector
2026-09-19 16:55:21 DEBUG [eta.access] DELETE /api/students/9201 → 404 (2ms)
2026-09-19 16:55:21 DEBUG [asyncio] Using selector: KqueueSelector
2026-09-19 16:55:21 DEBUG [eta.access] POST /api/students → 200 (5ms)
2026-09-19 16:55:21 DEBUG [asyncio] Using selector: KqueueSelector
2026-09-19 16:55:21 DEBUG [eta.access] POST /api/errors/scan → 200 (6ms)
2026-09-19 16:55:21 DEBUG [asyncio] Using selector: KqueueSelector
2026-09-19 16:55:21 DEBUG [eta.access] DELETE /api/students/9102 → 200 (5ms)
2026-09-19 16:55:21 DEBUG [asyncio] Using selector: KqueueSelector
2026-09-19 16:55:21 DEBUG [eta.access] GET /api/errors → 200 (5ms)
2026-09-19 16:55:21 DEBUG [asyncio] Using selector: KqueueSelector
2026-09-19 16:55:21 DEBUG [eta.access] POST /api/classes → 200 (8ms)
2026-09-19 16:55:21 DEBUG [asyncio] Using selector: KqueueSelector
2026-09-19 16:55:21 DEBUG [eta.access] GET /api/classes → 200 (2ms)
2026-09-19 16:55:21 DEBUG [asyncio] Using selector: KqueueSelector
2026-09-19 16:55:21 DEBUG [eta.access] POST /api/classes → 400 (2ms)
2026-09-19 16:55:21 DEBUG [asyncio] Using selector: KqueueSelector
2026-09-19 16:55:21 DEBUG [eta.access] POST /api/classes → 400 (4ms)
2026-09-19 16:55:21 DEBUG [asyncio] Using selector: KqueueSelector
2026-09-19 16:55:21 DEBUG [eta.access] POST /api/students → 200 (3ms)
2026-09-19 16:55:21 DEBUG [asyncio] Using selector: KqueueSelector
2026-09-19 16:55:21 DEBUG [eta.access] POST /api/errors/scan → 200 (5ms)
2026-09-19 16:55:21 DEBUG [asyncio] Using selector: KqueueSelector
2026-09-19 16:55:21 DEBUG [eta.access] PUT /api/classes/九(1)班 → 200 (4ms)
2026-09-19 16:55:21 DEBUG [asyncio] Using selector: KqueueSelector
2026-09-19 16:55:21 DEBUG [eta.access] GET /api/classes → 200 (2ms)
2026-09-19 16:55:21 DEBUG [asyncio] Using selector: KqueueSelector
2026-09-19 16:55:21 DEBUG [eta.access] GET /api/students → 200 (3ms)
2026-09-19 16:55:21 DEBUG [asyncio] Using selector: KqueueSelector
2026-09-19 16:55:21 DEBUG [eta.access] GET /api/errors → 200 (2ms)
2026-09-19 16:55:21 DEBUG [asyncio] Using selector: KqueueSelector
2026-09-19 16:55:21 DEBUG [eta.access] DELETE /api/classes/九(2)班 → 200 (4ms)
2026-09-19 16:55:21 DEBUG [asyncio] Using selector: KqueueSelector
2026-09-19 16:55:21 DEBUG [eta.access] GET /api/students → 200 (1ms)
2026-09-19 16:55:21 DEBUG [asyncio] Using selector: KqueueSelector
2026-09-19 16:55:21 DEBUG [eta.access] GET /api/errors → 200 (2ms)
2026-09-19 16:55:21 DEBUG [asyncio] Using selector: KqueueSelector
2026-09-19 16:55:21 DEBUG [eta.access] POST /api/classes → 200 (6ms)
2026-09-19 16:55:21 DEBUG [asyncio] Using selector: KqueueSelector
2026-09-19 16:55:21 DEBUG [eta.access] POST /api/classes → 200 (5ms)
2026-09-19 16:55:21 DEBUG [asyncio] Using selector: KqueueSelector
2026-09-19 16:55:21 DEBUG [eta.access] POST /api/students → 200 (5ms)
2026-09-19 16:55:21 DEBUG [asyncio] Using selector: KqueueSelector
2026-09-19 16:55:21 DEBUG [eta.access] PUT /api/classes/九(3)班 → 400 (3ms)
2026-09-19 16:55:21 DEBUG [asyncio] Using selector: KqueueSelector
2026-09-19 16:55:21 DEBUG [eta.access] DELETE /api/classes/九(3)班 → 200 (3ms)
2026-09-19 16:55:21 DEBUG [asyncio] Using selector: KqueueSelector
2026-09-19 16:55:21 DEBUG [eta.access] DELETE /api/classes/九(1)班 → 200 (3ms)
2026-09-19 16:55:21 DEBUG [asyncio] Using selector: KqueueSelector
2026-09-19 16:55:21 DEBUG [eta.access] GET /api/classes → 200 (1ms)
2026-09-19 16:55:21 DEBUG [asyncio] Using selector: KqueueSelector
2026-09-19 16:55:21 DEBUG [eta.access] POST /api/classes → 200 (4ms)
2026-09-19 16:55:21 DEBUG [asyncio] Using selector: KqueueSelector
2026-09-19 16:55:21 DEBUG [eta.access] POST /api/students → 200 (7ms)
2026-09-19 16:55:21 DEBUG [asyncio] Using selector: KqueueSelector
2026-09-19 16:55:21 DEBUG [eta.access] POST /api/errors/scan → 200 (5ms)
2026-09-19 16:55:21 DEBUG [asyncio] Using selector: KqueueSelector
2026-09-19 16:55:21 DEBUG [eta.access] DELETE /api/classes/旧库班 → 200 (7ms)
2026-09-19 16:55:21 DEBUG [asyncio] Using selector: KqueueSelector
2026-09-19 16:55:21 DEBUG [eta.access] POST /api/errors/scan → 200 (60ms)
2026-09-19 16:55:21 DEBUG [asyncio] Using selector: KqueueSelector
2026-09-19 16:55:21 DEBUG [eta.access] POST /api/errors/1/confirm → 200 (5ms)
2026-09-19 16:55:21 DEBUG [asyncio] Using selector: KqueueSelector
2026-09-19 16:55:21 DEBUG [eta.access] POST /api/errors/scan → 200 (3ms)
2026-09-19 16:55:21 DEBUG [asyncio] Using selector: KqueueSelector
2026-09-19 16:55:21 DEBUG [eta.access] POST /api/errors/2/confirm → 200 (6ms)
2026-09-19 16:55:21 DEBUG [asyncio] Using selector: KqueueSelector
2026-09-19 16:55:21 DEBUG [eta.access] POST /api/errors/scan → 200 (5ms)
2026-09-19 16:55:21 DEBUG [asyncio] Using selector: KqueueSelector
2026-09-19 16:55:21 DEBUG [eta.access] POST /api/errors/3/confirm → 200 (5ms)
2026-09-19 16:55:21 DEBUG [asyncio] Using selector: KqueueSelector
2026-09-19 16:55:21 DEBUG [eta.access] POST /api/errors/scan → 200 (7ms)
2026-09-19 16:55:21 DEBUG [asyncio] Using selector: KqueueSelector
2026-09-19 16:55:21 DEBUG [eta.access] POST /api/errors/4/confirm → 200 (5ms)
2026-09-19 16:55:21 DEBUG [asyncio] Using selector: KqueueSelector
2026-09-19 16:55:21 DEBUG [eta.access] POST /api/decision-sheet/ai → 200 (8ms)
2026-09-19 16:55:21 DEBUG [asyncio] Using selector: KqueueSelector
2026-09-19 16:55:21 DEBUG [eta.access] POST /api/decision-sheet/ai → 400 (3ms)
2026-09-19 16:55:21 DEBUG [asyncio] Using selector: KqueueSelector
2026-09-19 16:55:21 DEBUG [eta.access] POST /api/practice/generate → 422 (2ms)
2026-09-19 16:55:21 DEBUG [asyncio] Using selector: KqueueSelector
2026-09-19 16:55:21 DEBUG [eta.access] POST /api/practice/generate → 422 (1ms)
2026-09-19 16:55:21 DEBUG [asyncio] Using selector: KqueueSelector
2026-09-19 16:55:21 DEBUG [eta.access] POST /api/practice/generate → 200 (4ms)
2026-09-19 16:55:21 DEBUG [asyncio] Using selector: KqueueSelector
2026-09-19 16:55:21 DEBUG [eta.access] POST /api/practice/generate → 200 (5ms)
2026-09-19 16:55:21 DEBUG [asyncio] Using selector: KqueueSelector
2026-09-19 16:55:21 DEBUG [eta.access] POST /api/practice/generate → 200 (5ms)
2026-09-19 16:55:21 DEBUG [asyncio] Using selector: KqueueSelector
2026-09-19 16:55:21 DEBUG [eta.access] POST /api/practice/generate → 400 (1ms)
2026-09-19 16:55:21 DEBUG [asyncio] Using selector: KqueueSelector
2026-09-19 16:55:21 DEBUG [eta.access] POST /api/practice/generate → 400 (2ms)
2026-09-19 16:55:21 DEBUG [asyncio] Using selector: KqueueSelector
2026-09-19 16:55:21 DEBUG [eta.access] POST /api/paper/generate → 400 (3ms)
2026-09-19 16:55:21 DEBUG [asyncio] Using selector: KqueueSelector
2026-09-19 16:55:21 DEBUG [eta.access] POST /api/errors/scan → 200 (5ms)
2026-09-19 16:55:21 DEBUG [asyncio] Using selector: KqueueSelector
2026-09-19 16:55:21 DEBUG [eta.access] POST /api/errors/1/confirm → 200 (4ms)
2026-09-19 16:55:21 DEBUG [asyncio] Using selector: KqueueSelector
2026-09-19 16:55:21 DEBUG [eta.access] POST /api/errors/scan → 200 (4ms)
2026-09-19 16:55:21 DEBUG [asyncio] Using selector: KqueueSelector
2026-09-19 16:55:21 DEBUG [eta.access] POST /api/errors/2/confirm → 200 (5ms)
2026-09-19 16:55:21 DEBUG [asyncio] Using selector: KqueueSelector
2026-09-19 16:55:21 DEBUG [eta.access] POST /api/paper/generate → 200 (4ms)
2026-09-19 16:55:21 DEBUG [asyncio] Using selector: KqueueSelector
2026-09-19 16:55:21 DEBUG [eta.access] POST /api/paper/generate → 200 (5ms)
2026-09-19 16:55:21 DEBUG [asyncio] Using selector: KqueueSelector
2026-09-19 16:55:21 DEBUG [eta.access] POST /api/paper/generate → 422 (2ms)
2026-09-19 16:55:21 DEBUG [asyncio] Using selector: KqueueSelector
2026-09-19 16:55:21 DEBUG [eta.access] POST /api/paper/generate → 422 (1ms)
2026-09-19 16:55:21 DEBUG [asyncio] Using selector: KqueueSelector
2026-09-19 16:55:21 DEBUG [eta.access] POST /api/paper/generate → 200 (4ms)
2026-09-19 16:55:21 DEBUG [asyncio] Using selector: KqueueSelector
2026-09-19 16:55:21 DEBUG [eta.access] GET /api/papers → 200 (3ms)
2026-09-19 16:55:21 DEBUG [asyncio] Using selector: KqueueSelector
2026-09-19 16:55:21 DEBUG [eta.access] POST /api/paper/1/approve → 200 (4ms)
2026-09-19 16:55:21 DEBUG [asyncio] Using selector: KqueueSelector
2026-09-19 16:55:21 DEBUG [eta.access] POST /api/paper/1/approve → 404 (2ms)
2026-09-19 16:55:21 DEBUG [asyncio] Using selector: KqueueSelector
2026-09-19 16:55:21 DEBUG [eta.access] GET /api/papers → 200 (3ms)
2026-09-19 16:55:21 DEBUG [asyncio] Using selector: KqueueSelector
2026-09-19 16:55:21 DEBUG [eta.access] POST /api/practice/generate → 200 (3ms)
2026-09-19 16:55:21 DEBUG [asyncio] Using selector: KqueueSelector
2026-09-19 16:55:21 DEBUG [eta.access] GET /api/practices/export → 400 (22ms)
2026-09-19 16:55:21 DEBUG [asyncio] Using selector: KqueueSelector
2026-09-19 16:55:21 DEBUG [eta.access] GET /api/practices/export → 200 (2ms)
2026-09-19 16:55:21 DEBUG [asyncio] Using selector: KqueueSelector
2026-09-19 16:55:21 DEBUG [eta.access] POST /api/practice/1/approve → 200 (3ms)
2026-09-19 16:55:21 DEBUG [asyncio] Using selector: KqueueSelector
2026-09-19 16:55:21 DEBUG [eta.access] GET /api/practices/export → 200 (3ms)
2026-09-19 16:55:21 DEBUG [asyncio] Using selector: KqueueSelector
2026-09-19 16:55:22 DEBUG [eta.access] GET /api/practices/export → 200 (237ms)
2026-09-19 16:55:22 DEBUG [asyncio] Using selector: KqueueSelector
2026-09-19 16:55:22 DEBUG [eta.access] POST /api/practice/generate → 200 (4ms)
2026-09-19 16:55:22 DEBUG [asyncio] Using selector: KqueueSelector
2026-09-19 16:55:22 DEBUG [eta.access] POST /api/practice/2/approve → 200 (4ms)
2026-09-19 16:55:22 DEBUG [asyncio] Using selector: KqueueSelector
2026-09-19 16:55:22 DEBUG [eta.access] GET /api/practices/export → 200 (2ms)
2026-09-19 16:55:22 DEBUG [asyncio] Using selector: KqueueSelector
2026-09-19 16:55:22 DEBUG [eta.access] GET /api/practices/export → 400 (1ms)
2026-09-19 16:55:22 DEBUG [asyncio] Using selector: KqueueSelector
2026-09-19 16:55:22 DEBUG [eta.access] POST /api/errors/scan → 200 (5ms)
2026-09-19 16:55:22 DEBUG [asyncio] Using selector: KqueueSelector
2026-09-19 16:55:22 DEBUG [eta.access] POST /api/errors/1/confirm → 200 (4ms)
2026-09-19 16:55:22 DEBUG [asyncio] Using selector: KqueueSelector
2026-09-19 16:55:22 DEBUG [eta.access] POST /api/errors/scan → 200 (4ms)
2026-09-19 16:55:22 DEBUG [asyncio] Using selector: KqueueSelector
2026-09-19 16:55:22 DEBUG [eta.access] POST /api/errors/2/confirm → 200 (4ms)
2026-09-19 16:55:22 DEBUG [asyncio] Using selector: KqueueSelector
2026-09-19 16:55:22 DEBUG [eta.access] POST /api/paper/generate → 200 (5ms)
2026-09-19 16:55:22 DEBUG [asyncio] Using selector: KqueueSelector
2026-09-19 16:55:22 DEBUG [eta.access] GET /api/papers/1/export → 400 (2ms)
2026-09-19 16:55:22 DEBUG [asyncio] Using selector: KqueueSelector
2026-09-19 16:55:22 DEBUG [eta.access] POST /api/paper/1/approve → 200 (2ms)
2026-09-19 16:55:22 DEBUG [asyncio] Using selector: KqueueSelector
2026-09-19 16:55:22 DEBUG [eta.access] GET /api/papers/1/export → 200 (2ms)
2026-09-19 16:55:22 DEBUG [asyncio] Using selector: KqueueSelector
2026-09-19 16:55:22 DEBUG [eta.access] GET /api/papers/1/export → 200 (85ms)
2026-09-19 16:55:22 DEBUG [eta.access] GET /api/errors/batches → 200 (33ms)
2026-09-19 16:55:22 DEBUG [asyncio] Using selector: KqueueSelector
2026-09-19 16:55:22 DEBUG [eta.access] GET /api/papers/999/export → 404 (3ms)
2026-09-19 16:55:22 DEBUG [asyncio] Using selector: KqueueSelector
2026-09-19 16:55:22 DEBUG [eta.access] POST /api/classes → 200 (6ms)
2026-09-19 16:55:22 DEBUG [asyncio] Using selector: KqueueSelector
2026-09-19 16:55:22 DEBUG [eta.access] POST /api/students → 200 (5ms)
2026-09-19 16:55:22 DEBUG [asyncio] Using selector: KqueueSelector
2026-09-19 16:55:22 DEBUG [eta.access] POST /api/errors/scan → 200 (6ms)
2026-09-19 16:55:22 DEBUG [asyncio] Using selector: KqueueSelector
2026-09-19 16:55:22 DEBUG [eta.access] POST /api/errors/1/confirm → 200 (6ms)
2026-09-19 16:55:22 DEBUG [asyncio] Using selector: KqueueSelector
2026-09-19 16:55:22 DEBUG [eta.access] POST /api/errors/scan → 200 (7ms)
2026-09-19 16:55:22 DEBUG [asyncio] Using selector: KqueueSelector
2026-09-19 16:55:22 DEBUG [eta.access] POST /api/errors/2/confirm → 200 (6ms)
2026-09-19 16:55:22 DEBUG [asyncio] Using selector: KqueueSelector
2026-09-19 16:55:22 DEBUG [eta.access] POST /api/errors/scan → 200 (9ms)
2026-09-19 16:55:22 DEBUG [asyncio] Using selector: KqueueSelector
2026-09-19 16:55:22 DEBUG [eta.access] POST /api/errors/3/confirm → 200 (8ms)
2026-09-19 16:55:22 DEBUG [asyncio] Using selector: KqueueSelector
2026-09-19 16:55:22 DEBUG [eta.access] POST /api/errors/scan → 200 (7ms)
2026-09-19 16:55:22 DEBUG [asyncio] Using selector: KqueueSelector
2026-09-19 16:55:22 DEBUG [eta.access] POST /api/errors/4/confirm → 200 (7ms)
2026-09-19 16:55:22 DEBUG [asyncio] Using selector: KqueueSelector
2026-09-19 16:55:22 DEBUG [eta.access] POST /api/errors/scan → 200 (6ms)
2026-09-19 16:55:22 DEBUG [asyncio] Using selector: KqueueSelector
2026-09-19 16:55:22 DEBUG [eta.access] POST /api/errors/5/confirm → 200 (5ms)
2026-09-19 16:55:22 DEBUG [asyncio] Using selector: KqueueSelector
2026-09-19 16:55:22 DEBUG [eta.access] GET /api/decision-sheet/export → 200 (8ms)
2026-09-19 16:55:22 DEBUG [asyncio] Using selector: KqueueSelector
2026-09-19 16:55:22 DEBUG [eta.access] GET /api/decision-sheet/export → 200 (87ms)
2026-09-19 16:55:22 DEBUG [asyncio] Using selector: KqueueSelector
2026-09-19 16:55:22 DEBUG [eta.access] POST /api/students/import → 200 (6ms)
2026-09-19 16:55:22 DEBUG [asyncio] Using selector: KqueueSelector
2026-09-19 16:55:22 DEBUG [eta.access] POST /api/errors/scan → 200 (7ms)
2026-09-19 16:55:22 DEBUG [asyncio] Using selector: KqueueSelector
2026-09-19 16:55:22 DEBUG [eta.access] POST /api/errors/1/confirm → 200 (5ms)
2026-09-19 16:55:22 DEBUG [asyncio] Using selector: KqueueSelector
2026-09-19 16:55:22 DEBUG [eta.access] POST /api/errors/scan → 200 (5ms)
2026-09-19 16:55:22 DEBUG [asyncio] Using selector: KqueueSelector
2026-09-19 16:55:22 DEBUG [eta.access] POST /api/errors/2/confirm → 200 (5ms)
2026-09-19 16:55:22 DEBUG [asyncio] Using selector: KqueueSelector
2026-09-19 16:55:22 INFO [eta.export] 导出学生综合信息：2 名学生（class=九(1)班）
2026-09-19 16:55:22 DEBUG [eta.access] GET /api/students/export.csv → 200 (5ms)
2026-09-19 16:55:23 DEBUG [asyncio] Using selector: KqueueSelector
2026-09-19 16:55:23 DEBUG [eta.access] GET /api/errors/batches → 200 (3ms)
2026-09-19 16:55:23 DEBUG [asyncio] Using selector: KqueueSelector
2026-09-19 16:55:23 DEBUG [eta.access] GET /api/errors/batches → 200 (2ms)
2026-09-19 16:55:23 DEBUG [asyncio] Using selector: KqueueSelector
2026-09-19 16:55:23 DEBUG [eta.access] GET /api/decision-sheet → 200 (9ms)
2026-09-19 16:55:23 DEBUG [asyncio] Using selector: KqueueSelector
2026-09-19 16:55:23 DEBUG [eta.access] GET /api/decision-sheet → 200 (7ms)
2026-09-19 16:55:23 DEBUG [asyncio] Using selector: KqueueSelector
2026-09-19 16:55:23 DEBUG [eta.access] GET /api/dashboard → 200 (5ms)
2026-09-19 16:55:23 DEBUG [asyncio] Using selector: KqueueSelector
2026-09-19 16:55:23 DEBUG [eta.access] GET /api/dashboard → 200 (8ms)
2026-09-19 16:55:23 DEBUG [asyncio] Using selector: KqueueSelector
2026-09-19 16:55:23 DEBUG [eta.access] GET /api/trends/categories → 200 (2ms)
2026-09-19 16:55:23 DEBUG [asyncio] Using selector: KqueueSelector
2026-09-19 16:55:23 DEBUG [eta.access] POST /api/errors/confirm-bulk → 200 (3ms)
2026-09-19 16:55:23 DEBUG [asyncio] Using selector: KqueueSelector
2026-09-19 16:55:23 DEBUG [eta.access] GET /api/dashboard → 200 (6ms)
2026-09-19 16:55:23 DEBUG [asyncio] Using selector: KqueueSelector
2026-09-19 16:55:23 DEBUG [eta.access] GET /api/decision-sheet/export → 200 (4ms)
2026-09-19 16:55:23 DEBUG [asyncio] Using selector: KqueueSelector
2026-09-19 16:55:23 DEBUG [eta.access] POST /api/check/dictation → 200 (11ms)
2026-09-19 16:55:23 DEBUG [asyncio] Using selector: KqueueSelector
2026-09-19 16:55:23 DEBUG [eta.access] GET /api/errors → 200 (2ms)
2026-09-19 16:55:23 DEBUG [asyncio] Using selector: KqueueSelector
2026-09-19 16:55:23 DEBUG [eta.access] GET /api/check/sessions → 200 (3ms)
2026-09-19 16:55:23 DEBUG [asyncio] Using selector: KqueueSelector
2026-09-19 16:55:23 DEBUG [eta.access] GET /api/check/sessions/1 → 200 (2ms)
2026-09-19 16:55:23 DEBUG [asyncio] Using selector: KqueueSelector
2026-09-19 16:55:23 DEBUG [eta.access] GET /api/practices → 200 (15ms)
2026-09-19 16:55:23 DEBUG [eta.access] POST /api/check/assignment → 200 (37ms)
2026-09-19 16:55:23 DEBUG [asyncio] Using selector: KqueueSelector
2026-09-19 16:55:23 DEBUG [eta.access] GET /api/errors → 200 (2ms)
2026-09-19 16:55:23 DEBUG [asyncio] Using selector: KqueueSelector
2026-09-19 16:55:23 DEBUG [eta.access] POST /api/check/assignment → 200 (11ms)
2026-09-19 16:55:23 DEBUG [asyncio] Using selector: KqueueSelector
2026-09-19 16:55:23 DEBUG [eta.access] GET /api/errors → 200 (3ms)
2026-09-19 16:55:23 DEBUG [asyncio] Using selector: KqueueSelector
2026-09-19 16:55:23 DEBUG [eta.access] POST /api/check/assignment → 200 (4ms)
2026-09-19 16:55:23 DEBUG [asyncio] Using selector: KqueueSelector
2026-09-19 16:55:23 DEBUG [eta.access] POST /api/check/assignment → 200 (8ms)
2026-09-19 16:55:23 DEBUG [asyncio] Using selector: KqueueSelector
2026-09-19 16:55:23 DEBUG [eta.access] POST /api/check/dictation → 400 (1ms)
2026-09-19 16:55:23 DEBUG [asyncio] Using selector: KqueueSelector
2026-09-19 16:55:23 DEBUG [eta.access] POST /api/check/assignment → 400 (3ms)
2026-09-19 16:55:23 DEBUG [asyncio] Using selector: KqueueSelector
2026-09-19 16:55:23 DEBUG [eta.access] GET /api/check/sessions/999999 → 404 (2ms)
2026-09-19 16:55:23 DEBUG [asyncio] Using selector: KqueueSelector
2026-09-19 16:55:23 DEBUG [eta.access] POST /api/check/dictation → 200 (7ms)
2026-09-19 16:55:23 DEBUG [asyncio] Using selector: KqueueSelector
2026-09-19 16:55:23 DEBUG [eta.access] PATCH /api/check/sessions/1 → 200 (4ms)
2026-09-19 16:55:23 DEBUG [asyncio] Using selector: KqueueSelector
2026-09-19 16:55:23 DEBUG [eta.access] GET /api/check/sessions → 200 (2ms)
2026-09-19 16:55:23 DEBUG [asyncio] Using selector: KqueueSelector
2026-09-19 16:55:23 DEBUG [eta.access] POST /api/students/import → 200 (4ms)
2026-09-19 16:55:23 DEBUG [asyncio] Using selector: KqueueSelector
2026-09-19 16:55:23 DEBUG [eta.access] POST /api/check/dictation → 200 (10ms)
2026-09-19 16:55:23 DEBUG [asyncio] Using selector: KqueueSelector
2026-09-19 16:55:23 DEBUG [eta.access] GET /api/check/sessions/1/export → 200 (3ms)
2026-09-19 16:55:23 DEBUG [asyncio] Using selector: KqueueSelector
2026-09-19 16:55:23 DEBUG [eta.access] GET /api/check/sessions/999999/export → 404 (1ms)
2026-09-19 16:55:23 DEBUG [asyncio] Using selector: KqueueSelector
2026-09-19 16:55:23 DEBUG [eta.access] POST /api/students/import → 200 (5ms)
2026-09-19 16:55:23 DEBUG [asyncio] Using selector: KqueueSelector
2026-09-19 16:55:23 DEBUG [eta.access] POST /api/check/dictation → 200 (9ms)
2026-09-19 16:55:23 DEBUG [asyncio] Using selector: KqueueSelector
2026-09-19 16:55:23 INFO [eta.api.check] 导出全部单生批改报告：2 名学生（session=1）
2026-09-19 16:55:23 DEBUG [eta.access] GET /api/check/sessions/1/export-all → 200 (5ms)
2026-09-19 16:55:23 DEBUG [asyncio] Using selector: KqueueSelector
2026-09-19 16:55:23 DEBUG [eta.access] GET /api/check/sessions/999999/export-all → 404 (3ms)
2026-09-19 16:55:23 DEBUG [eta.access] GET /api/papers → 200 (3ms)
2026-09-19 16:55:24 DEBUG [asyncio] Using selector: KqueueSelector
2026-09-19 16:55:24 DEBUG [eta.access] POST /api/students → 200 (4ms)
2026-09-19 16:55:24 DEBUG [asyncio] Using selector: KqueueSelector
2026-09-19 16:55:24 DEBUG [eta.access] POST /api/students → 200 (3ms)
2026-09-19 16:55:24 DEBUG [asyncio] Using selector: KqueueSelector
2026-09-19 16:55:24 DEBUG [eta.access] POST /api/students → 200 (4ms)
2026-09-19 16:55:24 DEBUG [asyncio] Using selector: KqueueSelector
2026-09-19 16:55:24 DEBUG [eta.access] POST /api/students → 200 (3ms)
2026-09-19 16:55:24 DEBUG [asyncio] Using selector: KqueueSelector
2026-09-19 16:55:24 DEBUG [eta.access] POST /api/students → 200 (7ms)
2026-09-19 16:55:24 DEBUG [asyncio] Using selector: KqueueSelector
2026-09-19 16:55:24 DEBUG [eta.access] POST /api/students → 200 (6ms)
2026-09-19 16:55:24 DEBUG [asyncio] Using selector: KqueueSelector
2026-09-19 16:55:24 DEBUG [eta.access] POST /api/students/S01/cleanup → 200 (6ms)
2026-09-19 16:55:24 DEBUG [asyncio] Using selector: KqueueSelector
2026-09-19 16:55:24 DEBUG [eta.access] GET /api/students/S01/profile → 200 (3ms)
2026-09-19 16:55:24 DEBUG [asyncio] Using selector: KqueueSelector
2026-09-19 16:55:24 DEBUG [eta.access] POST /api/students/S01/cleanup → 200 (4ms)
2026-09-19 16:55:24 DEBUG [asyncio] Using selector: KqueueSelector
2026-09-19 16:55:24 DEBUG [eta.access] GET /api/students/S01/profile → 200 (3ms)
2026-09-19 16:55:24 DEBUG [asyncio] Using selector: KqueueSelector
2026-09-19 16:55:24 DEBUG [eta.access] POST /api/students → 200 (7ms)
2026-09-19 16:55:24 DEBUG [asyncio] Using selector: KqueueSelector
2026-09-19 16:55:24 DEBUG [eta.access] POST /api/students → 200 (4ms)
2026-09-19 16:55:24 DEBUG [asyncio] Using selector: KqueueSelector
2026-09-19 16:55:24 DEBUG [eta.access] POST /api/students/S01/cleanup → 200 (6ms)
2026-09-19 16:55:24 DEBUG [asyncio] Using selector: KqueueSelector
2026-09-19 16:55:24 DEBUG [eta.access] POST /api/students → 200 (14ms)
2026-09-19 16:55:24 DEBUG [asyncio] Using selector: KqueueSelector
2026-09-19 16:55:24 DEBUG [eta.access] POST /api/students → 200 (4ms)
2026-09-19 16:55:24 DEBUG [asyncio] Using selector: KqueueSelector
2026-09-19 16:55:24 DEBUG [eta.access] POST /api/students/S01/cleanup → 200 (4ms)
2026-09-19 16:55:24 DEBUG [asyncio] Using selector: KqueueSelector
2026-09-19 16:55:24 DEBUG [eta.access] POST /api/students → 200 (5ms)
2026-09-19 16:55:24 DEBUG [asyncio] Using selector: KqueueSelector
2026-09-19 16:55:24 DEBUG [eta.access] POST /api/students → 200 (4ms)
2026-09-19 16:55:24 DEBUG [asyncio] Using selector: KqueueSelector
2026-09-19 16:55:24 DEBUG [eta.access] POST /api/students/S01/cleanup → 200 (6ms)
2026-09-19 16:55:24 DEBUG [asyncio] Using selector: KqueueSelector
2026-09-19 16:55:24 DEBUG [eta.access] POST /api/students → 200 (9ms)
2026-09-19 16:55:24 DEBUG [asyncio] Using selector: KqueueSelector
2026-09-19 16:55:24 DEBUG [eta.access] POST /api/students/P01/cleanup → 400 (2ms)
2026-09-19 16:55:24 DEBUG [asyncio] Using selector: KqueueSelector
2026-09-19 16:55:24 DEBUG [eta.access] POST /api/students/P01/cleanup → 400 (3ms)
2026-09-19 16:55:24 DEBUG [asyncio] Using selector: KqueueSelector
2026-09-19 16:55:24 DEBUG [eta.access] POST /api/students/NOPE/cleanup → 404 (3ms)
2026-09-19 16:55:24 DEBUG [asyncio] Using selector: KqueueSelector
2026-09-19 16:55:24 DEBUG [eta.access] POST /api/students → 200 (5ms)
2026-09-19 16:55:24 DEBUG [asyncio] Using selector: KqueueSelector
2026-09-19 16:55:24 DEBUG [eta.access] POST /api/students/V01/cleanup → 400 (2ms)
2026-09-19 16:55:25 WARNING [eta.ocr] dual 文档流 mineru 通道失败（降级继续）：MinerU 链路抖动
2026-09-19 16:55:25 WARNING [eta.ocr] dual 文档流 mineru 通道失败（降级继续）：down
2026-09-19 16:55:25 WARNING [eta.ocr] dual 文档流 paddleocr 通道失败（降级继续）：down
2026-09-19 16:55:25 DEBUG [asyncio] Using selector: KqueueSelector
2026-09-19 16:55:25 ERROR [eta.logs] 浏览器 [ERROR] 页面=#/scan 页面脚本错误
at boot
2026-09-19 16:55:25 DEBUG [eta.access] POST /api/logs/client → 200 (6ms)
2026-09-19 16:55:25 INFO [eta.ocr] MinerU batch=b1 创建，上传图片 (5 bytes)
2026-09-19 16:55:26 DEBUG [eta.access] GET /api/practices → 200 (2ms)
2026-09-19 16:55:26 WARNING [eta.trace] 运行留痕写入失败：[Errno 20] Not a directory: '/private/var/folders/sh/v4ws268d63928m_6n_jzds6m0000gn/T/pytest-of-zbloom/pytest-21/test_record_never_raises_on_io0/blocker/sub'
2026-09-19 16:55:26 DEBUG [asyncio] Using selector: KqueueSelector
2026-09-19 16:55:26 DEBUG [eta.access] POST /api/check/organize-upload → 200 (2ms)
2026-09-19 16:55:26 DEBUG [asyncio] Using selector: KqueueSelector
2026-09-19 16:55:26 DEBUG [eta.access] POST /api/check/organize-upload → 200 (2ms)
2026-09-19 16:55:26 DEBUG [asyncio] Using selector: KqueueSelector
2026-09-19 16:55:26 DEBUG [eta.access] POST /api/check/organize-upload → 400 (2ms)
2026-09-19 16:55:26 DEBUG [asyncio] Using selector: KqueueSelector
2026-09-19 16:55:26 DEBUG [eta.access] POST /api/students/import → 200 (3ms)
2026-09-19 16:55:26 DEBUG [asyncio] Using selector: KqueueSelector
2026-09-19 16:55:26 DEBUG [eta.access] POST /api/check/photo-parse → 200 (5ms)
2026-09-19 16:55:26 DEBUG [asyncio] Using selector: KqueueSelector
2026-09-19 16:55:26 DEBUG [eta.access] POST /api/check/photo-parse → 200 (3ms)
2026-09-19 16:55:26 DEBUG [eta.access] GET /api/errors/batches → 200 (31ms)
2026-09-19 16:55:26 DEBUG [asyncio] Using selector: KqueueSelector
2026-09-19 16:55:26 DEBUG [eta.access] POST /api/check/photo-parse → 200 (4ms)
2026-09-19 16:55:26 DEBUG [asyncio] Using selector: KqueueSelector
2026-09-19 16:55:26 WARNING [eta.services.photo_check] 批改读图失败（张三/bad.jpg）：识别失败
2026-09-19 16:55:26 DEBUG [eta.access] POST /api/check/photo-parse → 200 (3ms)
2026-09-19 16:55:26 DEBUG [asyncio] Using selector: KqueueSelector
2026-09-19 16:55:26 DEBUG [eta.access] POST /api/check/photo-parse → 422 (3ms)
2026-09-19 16:55:27 DEBUG [asyncio] Using selector: KqueueSelector
2026-09-19 16:55:27 DEBUG [eta.access] POST /api/students/import → 200 (3ms)
2026-09-19 16:55:27 DEBUG [asyncio] Using selector: KqueueSelector
2026-09-19 16:55:27 DEBUG [eta.access] POST /api/check/assignment → 200 (10ms)
2026-09-19 16:55:27 DEBUG [asyncio] Using selector: KqueueSelector
2026-09-19 16:55:27 DEBUG [eta.access] GET /api/errors → 200 (2ms)
2026-09-19 16:55:27 DEBUG [asyncio] Using selector: KqueueSelector
2026-09-19 16:55:27 DEBUG [eta.access] GET /api/check/sessions/1/files → 200 (3ms)
2026-09-19 16:55:27 DEBUG [asyncio] Using selector: KqueueSelector
2026-09-19 16:55:27 DEBUG [eta.access] GET /api/check/sessions → 200 (2ms)
2026-09-19 16:55:27 DEBUG [asyncio] Using selector: KqueueSelector
2026-09-19 16:55:27 DEBUG [eta.access] POST /api/check/assignment → 200 (10ms)
2026-09-19 16:55:27 DEBUG [asyncio] Using selector: KqueueSelector
2026-09-19 16:55:27 DEBUG [eta.access] GET /api/check/sessions/1 → 200 (4ms)
2026-09-19 16:55:27 DEBUG [asyncio] Using selector: KqueueSelector
2026-09-19 16:55:27 DEBUG [eta.access] POST /api/students/import → 200 (4ms)
2026-09-19 16:55:27 DEBUG [asyncio] Using selector: KqueueSelector
2026-09-19 16:55:27 DEBUG [eta.access] POST /api/check/assignment → 200 (8ms)
2026-09-19 16:55:27 DEBUG [asyncio] Using selector: KqueueSelector
2026-09-19 16:55:27 DEBUG [eta.access] POST /api/students/import → 200 (5ms)
2026-09-19 16:55:27 DEBUG [asyncio] Using selector: KqueueSelector
2026-09-19 16:55:27 DEBUG [eta.access] POST /api/check/assignment → 200 (8ms)
2026-09-19 16:55:27 DEBUG [asyncio] Using selector: KqueueSelector
2026-09-19 16:55:27 DEBUG [eta.access] GET /api/check/sessions → 200 (3ms)
2026-09-19 16:55:27 DEBUG [asyncio] Using selector: KqueueSelector
2026-09-19 16:55:27 DEBUG [eta.access] GET /api/check/sessions → 200 (3ms)
2026-09-19 16:55:27 DEBUG [asyncio] Using selector: KqueueSelector
2026-09-19 16:55:27 DEBUG [eta.access] POST /api/students/import → 200 (5ms)
2026-09-19 16:55:27 DEBUG [asyncio] Using selector: KqueueSelector
2026-09-19 16:55:27 DEBUG [eta.access] POST /api/check/assignment → 200 (10ms)
2026-09-19 16:55:27 DEBUG [asyncio] Using selector: KqueueSelector
2026-09-19 16:55:27 DEBUG [eta.access] GET /api/check/sessions/1/files → 200 (2ms)
2026-09-19 16:55:27 DEBUG [asyncio] Using selector: KqueueSelector
2026-09-19 16:55:27 DEBUG [eta.access] DELETE /api/check/sessions/1 → 200 (4ms)
2026-09-19 16:55:27 DEBUG [asyncio] Using selector: KqueueSelector
2026-09-19 16:55:27 DEBUG [eta.access] GET /api/check/sessions/1 → 404 (2ms)
2026-09-19 16:55:27 DEBUG [asyncio] Using selector: KqueueSelector
2026-09-19 16:55:27 DEBUG [eta.access] GET /api/check/sessions/1/files → 404 (3ms)
2026-09-19 16:55:27 DEBUG [asyncio] Using selector: KqueueSelector
2026-09-19 16:55:27 DEBUG [eta.access] GET /api/errors → 200 (3ms)
2026-09-19 16:55:27 DEBUG [asyncio] Using selector: KqueueSelector
2026-09-19 16:55:27 DEBUG [eta.access] POST /api/students/import → 200 (3ms)
2026-09-19 16:55:27 DEBUG [asyncio] Using selector: KqueueSelector
2026-09-19 16:55:27 DEBUG [eta.access] POST /api/check/assignment → 200 (8ms)
2026-09-19 16:55:27 DEBUG [asyncio] Using selector: KqueueSelector
2026-09-19 16:55:27 DEBUG [eta.access] DELETE /api/check/sessions/2 → 200 (3ms)
2026-09-19 16:55:27 DEBUG [asyncio] Using selector: KqueueSelector
2026-09-19 16:55:27 DEBUG [eta.access] GET /api/errors → 200 (2ms)
2026-09-19 16:55:27 DEBUG [asyncio] Using selector: KqueueSelector
2026-09-19 16:55:27 DEBUG [eta.access] DELETE /api/check/sessions/999999 → 404 (2ms)
2026-09-19 16:55:27 DEBUG [asyncio] Using selector: KqueueSelector
2026-09-19 16:55:27 DEBUG [eta.access] POST /api/students/import → 200 (7ms)
2026-09-19 16:55:27 DEBUG [asyncio] Using selector: KqueueSelector
2026-09-19 16:55:27 DEBUG [eta.access] POST /api/check/photo-parse → 200 (4ms)
2026-09-19 16:55:27 DEBUG [asyncio] Using selector: KqueueSelector
2026-09-19 16:55:27 DEBUG [eta.access] POST /api/check/photo-parse → 200 (4ms)
2026-09-19 16:55:27 DEBUG [asyncio] Using selector: KqueueSelector
2026-09-19 16:55:27 DEBUG [eta.access] POST /api/check/md-reparse → 200 (3ms)
2026-09-19 16:55:27 DEBUG [asyncio] Using selector: KqueueSelector
2026-09-19 16:55:27 DEBUG [eta.access] POST /api/check/md-reparse → 400 (1ms)
2026-09-19 16:55:27 DEBUG [asyncio] Using selector: KqueueSelector
2026-09-19 16:55:27 DEBUG [eta.access] POST /api/students/import → 200 (4ms)
2026-09-19 16:55:27 DEBUG [asyncio] Using selector: KqueueSelector
2026-09-19 16:55:27 DEBUG [eta.access] POST /api/check/assignment → 200 (3ms)
2026-09-19 16:55:27 DEBUG [asyncio] Using selector: KqueueSelector
2026-09-19 16:55:27 DEBUG [eta.access] POST /api/students/import → 200 (4ms)
2026-09-19 16:55:27 DEBUG [asyncio] Using selector: KqueueSelector
2026-09-19 16:55:27 DEBUG [eta.access] POST /api/check/assignment → 200 (4ms)
2026-09-19 16:55:27 DEBUG [asyncio] Using selector: KqueueSelector
2026-09-19 16:55:27 DEBUG [eta.access] GET /api/check/sessions → 200 (2ms)
2026-09-19 16:55:27 DEBUG [asyncio] Using selector: KqueueSelector
2026-09-19 16:55:27 DEBUG [eta.access] GET /api/check/sessions → 200 (2ms)
2026-09-19 16:55:27 DEBUG [asyncio] Using selector: KqueueSelector
2026-09-19 16:55:27 DEBUG [eta.access] GET /api/check/sessions → 200 (2ms)
2026-09-19 16:55:50 INFO [eta] 日志已就绪：目录 runtime/logs（按天轮转，保留 14 天，终端级别 INFO / 文件级别 DEBUG）
2026-09-19 16:55:50 DEBUG [asyncio] Using selector: KqueueSelector
2026-09-19 16:55:50 INFO [eta.main] ════════ 系统启动 ════════
2026-09-19 16:56:06 INFO [eta.llm] AI 调用完成 | 模型=deepseek-v4-pro 返回 161 字，耗时 2559ms
2026-09-19 16:56:06 DEBUG [eta.llm] llm.chat ok | model=deepseek-v4-pro chars=161 2562ms
2026-09-19 16:56:09 INFO [eta.llm] AI 调用完成 | 模型=deepseek-v4-pro 返回 191 字，耗时 2992ms
2026-09-19 16:56:09 DEBUG [eta.llm] llm.chat ok | model=deepseek-v4-pro chars=191 2992ms
2026-09-19 16:56:09 INFO [eta.api.check] 导出全部单生批改报告：2 名学生（session=1）
2026-09-19 16:56:09 DEBUG [eta.access] GET /api/check/sessions/1/export-all → 200 (5603ms)
2026-09-19 16:56:09 DEBUG [eta.access] GET /api/check/sessions/999/export-all → 404 (2ms)
2026-09-19 16:56:09 DEBUG [eta.access] GET /api/check/sessions/1/export → 404 (3ms)
2026-09-19 16:56:09 DEBUG [eta.access] GET /static/js/grading.js → 200 (16ms)
2026-09-19 16:56:22 INFO [eta.llm] AI 调用完成 | 模型=deepseek-v4-pro 返回 147 字，耗时 2281ms
2026-09-19 16:56:22 DEBUG [eta.llm] llm.chat ok | model=deepseek-v4-pro chars=147 2281ms
2026-09-19 16:56:22 INFO [eta.api.check] 导出单生批改报告：9601（session=1）
2026-09-19 16:56:22 DEBUG [eta.access] GET /api/check/sessions/1/export → 200 (2285ms)
2026-09-19 16:56:22 DEBUG [eta.access] GET /api/check/sessions/1 → 200 (6ms)
2026-09-19 16:56:22 INFO [eta.main] ════════ 系统停止 ════════
2026-09-19 16:58:17 INFO [eta] 日志已就绪：目录 runtime/logs（按天轮转，保留 14 天，终端级别 INFO / 文件级别 DEBUG）
2026-09-19 16:58:17 INFO [eta.providers.agent_chat] 智能体会话调用完成 | 返回 2 字，耗时 0ms
2026-09-19 16:58:17 INFO [eta.providers.agent_chat] 智能体会话调用完成 | 返回 2 字，耗时 0ms
2026-09-19 16:58:17 WARNING [eta.providers.agent_chat] 智能体会话请求失败，2s 后重试一次：connection reset
2026-09-19 16:58:19 WARNING [eta.services.photo_check] 多图联合解析失败，该批降级逐张解析：多图联合失败
2026-09-19 16:58:19 WARNING [eta.services.photo_check] Markdown 结构化失败：DeepSeek 超时
2026-09-19 16:58:20 WARNING [eta.services.photo_check] 智能体会话解析失败，降级 OCR 转录解析：invalid_api_key
2026-09-19 16:58:20 WARNING [eta.services.photo_check] 多图联合解析失败，该批降级逐张解析：多图联合失败（测试桩）
2026-09-19 16:58:20 DEBUG [asyncio] Using selector: KqueueSelector
2026-09-19 16:58:20 DEBUG [eta.access] GET /api/health → 200 (31ms)
2026-09-19 16:58:20 DEBUG [asyncio] Using selector: KqueueSelector
2026-09-19 16:58:20 DEBUG [eta.access] GET /api/ontology → 200 (2ms)
2026-09-19 16:58:20 DEBUG [asyncio] Using selector: KqueueSelector
2026-09-19 16:58:20 DEBUG [eta.access] POST /api/students/import → 200 (4ms)
2026-09-19 16:58:20 DEBUG [asyncio] Using selector: KqueueSelector
2026-09-19 16:58:20 DEBUG [eta.access] GET /api/students → 200 (2ms)
2026-09-19 16:58:20 DEBUG [asyncio] Using selector: KqueueSelector
2026-09-19 16:58:20 DEBUG [eta.access] POST /api/errors/scan → 200 (5ms)
2026-09-19 16:58:20 DEBUG [asyncio] Using selector: KqueueSelector
2026-09-19 16:58:20 DEBUG [eta.access] GET /api/errors → 200 (3ms)
2026-09-19 16:58:20 DEBUG [asyncio] Using selector: KqueueSelector
2026-09-19 16:58:20 DEBUG [eta.access] POST /api/errors/1/confirm → 200 (4ms)
2026-09-19 16:58:20 DEBUG [asyncio] Using selector: KqueueSelector
2026-09-19 16:58:20 DEBUG [eta.access] POST /api/errors/scan → 200 (6ms)
2026-09-19 16:58:20 DEBUG [asyncio] Using selector: KqueueSelector
2026-09-19 16:58:20 DEBUG [eta.access] POST /api/errors/2/confirm → 200 (5ms)
2026-09-19 16:58:20 DEBUG [asyncio] Using selector: KqueueSelector
2026-09-19 16:58:20 DEBUG [eta.access] POST /api/errors/scan → 200 (5ms)
2026-09-19 16:58:20 DEBUG [asyncio] Using selector: KqueueSelector
2026-09-19 16:58:20 DEBUG [eta.access] GET /api/errors → 200 (2ms)
2026-09-19 16:58:20 DEBUG [asyncio] Using selector: KqueueSelector
2026-09-19 16:58:20 DEBUG [eta.access] POST /api/errors/3/confirm → 200 (5ms)
2026-09-19 16:58:20 DEBUG [asyncio] Using selector: KqueueSelector
2026-09-19 16:58:20 DEBUG [eta.access] POST /api/errors/scan → 200 (5ms)
2026-09-19 16:58:20 DEBUG [asyncio] Using selector: KqueueSelector
2026-09-19 16:58:20 DEBUG [eta.access] GET /api/errors → 200 (2ms)
2026-09-19 16:58:20 DEBUG [asyncio] Using selector: KqueueSelector
2026-09-19 16:58:20 DEBUG [eta.access] POST /api/errors/4/confirm → 200 (5ms)
2026-09-19 16:58:20 DEBUG [asyncio] Using selector: KqueueSelector
2026-09-19 16:58:20 DEBUG [eta.access] POST /api/errors/scan → 200 (5ms)
2026-09-19 16:58:20 DEBUG [asyncio] Using selector: KqueueSelector
2026-09-19 16:58:20 DEBUG [eta.access] GET /api/errors → 200 (2ms)
2026-09-19 16:58:20 DEBUG [asyncio] Using selector: KqueueSelector
2026-09-19 16:58:20 DEBUG [eta.access] POST /api/errors/5/confirm → 200 (4ms)
2026-09-19 16:58:20 DEBUG [asyncio] Using selector: KqueueSelector
2026-09-19 16:58:20 DEBUG [eta.access] POST /api/errors/scan → 200 (5ms)
2026-09-19 16:58:20 DEBUG [asyncio] Using selector: KqueueSelector
2026-09-19 16:58:20 DEBUG [eta.access] GET /api/errors → 200 (2ms)
2026-09-19 16:58:20 DEBUG [asyncio] Using selector: KqueueSelector
2026-09-19 16:58:20 DEBUG [eta.access] POST /api/errors/6/confirm → 200 (5ms)
2026-09-19 16:58:20 DEBUG [asyncio] Using selector: KqueueSelector
2026-09-19 16:58:20 DEBUG [eta.access] POST /api/errors/scan → 200 (5ms)
2026-09-19 16:58:20 DEBUG [asyncio] Using selector: KqueueSelector
2026-09-19 16:58:20 DEBUG [eta.access] GET /api/errors → 200 (2ms)
2026-09-19 16:58:20 DEBUG [asyncio] Using selector: KqueueSelector
2026-09-19 16:58:20 DEBUG [eta.access] POST /api/errors/7/confirm → 200 (5ms)
2026-09-19 16:58:20 DEBUG [asyncio] Using selector: KqueueSelector
2026-09-19 16:58:20 DEBUG [eta.access] POST /api/errors/scan → 200 (5ms)
2026-09-19 16:58:20 DEBUG [asyncio] Using selector: KqueueSelector
2026-09-19 16:58:20 DEBUG [eta.access] GET /api/errors → 200 (2ms)
2026-09-19 16:58:20 DEBUG [asyncio] Using selector: KqueueSelector
2026-09-19 16:58:20 DEBUG [eta.access] POST /api/errors/8/confirm → 200 (6ms)
2026-09-19 16:58:20 DEBUG [asyncio] Using selector: KqueueSelector
2026-09-19 16:58:20 DEBUG [eta.access] POST /api/errors/scan → 200 (5ms)
2026-09-19 16:58:20 DEBUG [asyncio] Using selector: KqueueSelector
2026-09-19 16:58:20 DEBUG [eta.access] GET /api/errors → 200 (2ms)
2026-09-19 16:58:20 DEBUG [asyncio] Using selector: KqueueSelector
2026-09-19 16:58:20 DEBUG [eta.access] POST /api/errors/9/confirm → 200 (5ms)
2026-09-19 16:58:20 DEBUG [asyncio] Using selector: KqueueSelector
2026-09-19 16:58:20 DEBUG [eta.access] POST /api/errors/scan → 200 (5ms)
2026-09-19 16:58:20 DEBUG [asyncio] Using selector: KqueueSelector
2026-09-19 16:58:20 DEBUG [eta.access] GET /api/errors → 200 (2ms)
2026-09-19 16:58:20 DEBUG [asyncio] Using selector: KqueueSelector
2026-09-19 16:58:20 DEBUG [eta.access] POST /api/errors/10/confirm → 200 (4ms)
2026-09-19 16:58:20 DEBUG [asyncio] Using selector: KqueueSelector
2026-09-19 16:58:20 DEBUG [eta.access] POST /api/errors/scan → 200 (5ms)
2026-09-19 16:58:20 DEBUG [asyncio] Using selector: KqueueSelector
2026-09-19 16:58:20 DEBUG [eta.access] GET /api/errors → 200 (2ms)
2026-09-19 16:58:20 DEBUG [asyncio] Using selector: KqueueSelector
2026-09-19 16:58:20 DEBUG [eta.access] POST /api/errors/11/confirm → 200 (4ms)
2026-09-19 16:58:20 DEBUG [asyncio] Using selector: KqueueSelector
2026-09-19 16:58:20 DEBUG [eta.access] POST /api/errors/scan → 200 (5ms)
2026-09-19 16:58:20 DEBUG [asyncio] Using selector: KqueueSelector
2026-09-19 16:58:20 DEBUG [eta.access] GET /api/errors → 200 (2ms)
2026-09-19 16:58:20 DEBUG [asyncio] Using selector: KqueueSelector
2026-09-19 16:58:20 DEBUG [eta.access] POST /api/errors/12/confirm → 200 (4ms)
2026-09-19 16:58:20 DEBUG [asyncio] Using selector: KqueueSelector
2026-09-19 16:58:20 DEBUG [eta.access] POST /api/errors/scan → 200 (5ms)
2026-09-19 16:58:20 DEBUG [asyncio] Using selector: KqueueSelector
2026-09-19 16:58:20 DEBUG [eta.access] GET /api/errors → 200 (2ms)
2026-09-19 16:58:20 DEBUG [asyncio] Using selector: KqueueSelector
2026-09-19 16:58:20 DEBUG [eta.access] POST /api/errors/13/confirm → 200 (5ms)
2026-09-19 16:58:20 DEBUG [asyncio] Using selector: KqueueSelector
2026-09-19 16:58:20 DEBUG [eta.access] POST /api/errors/scan → 200 (5ms)
2026-09-19 16:58:20 DEBUG [asyncio] Using selector: KqueueSelector
2026-09-19 16:58:20 DEBUG [eta.access] GET /api/errors → 200 (2ms)
2026-09-19 16:58:20 DEBUG [asyncio] Using selector: KqueueSelector
2026-09-19 16:58:20 DEBUG [eta.access] POST /api/errors/14/confirm → 200 (4ms)
2026-09-19 16:58:20 DEBUG [asyncio] Using selector: KqueueSelector
2026-09-19 16:58:20 DEBUG [eta.access] POST /api/practice/generate → 200 (4ms)
2026-09-19 16:58:20 DEBUG [asyncio] Using selector: KqueueSelector
2026-09-19 16:58:20 DEBUG [eta.access] POST /api/practice/1/approve → 200 (3ms)
2026-09-19 16:58:20 DEBUG [asyncio] Using selector: KqueueSelector
2026-09-19 16:58:20 DEBUG [eta.access] GET /api/decision-sheet → 200 (7ms)
2026-09-19 16:58:20 DEBUG [asyncio] Using selector: KqueueSelector
2026-09-19 16:58:20 DEBUG [eta.access] GET /api/trends/categories → 200 (3ms)
2026-09-19 16:58:20 DEBUG [asyncio] Using selector: KqueueSelector
2026-09-19 16:58:20 DEBUG [eta.access] GET /api/export/errors.csv → 200 (2ms)
2026-09-19 16:58:20 DEBUG [asyncio] Using selector: KqueueSelector
2026-09-19 16:58:20 DEBUG [eta.access] POST /api/errors/scan → 200 (4ms)
2026-09-19 16:58:20 DEBUG [asyncio] Using selector: KqueueSelector
2026-09-19 16:58:20 DEBUG [eta.access] POST /api/errors/scan → 400 (2ms)
2026-09-19 16:58:20 DEBUG [asyncio] Using selector: KqueueSelector
2026-09-19 16:58:20 DEBUG [eta.access] POST /api/errors/scan → 200 (4ms)
2026-09-19 16:58:20 DEBUG [asyncio] Using selector: KqueueSelector
2026-09-19 16:58:20 DEBUG [eta.access] POST /api/errors/1/confirm → 400 (3ms)
2026-09-19 16:58:20 DEBUG [asyncio] Using selector: KqueueSelector
2026-09-19 16:58:20 DEBUG [eta.access] POST /api/students/import → 200 (3ms)
2026-09-19 16:58:20 DEBUG [asyncio] Using selector: KqueueSelector
2026-09-19 16:58:20 DEBUG [eta.access] POST /api/errors/scan-batch → 200 (13ms)
2026-09-19 16:58:20 DEBUG [asyncio] Using selector: KqueueSelector
2026-09-19 16:58:20 DEBUG [eta.access] GET /api/errors → 200 (2ms)
2026-09-19 16:58:20 DEBUG [asyncio] Using selector: KqueueSelector
2026-09-19 16:58:20 DEBUG [eta.access] POST /api/students/import → 200 (4ms)
2026-09-19 16:58:20 DEBUG [asyncio] Using selector: KqueueSelector
2026-09-19 16:58:20 DEBUG [eta.access] POST /api/errors/scan-batch → 200 (10ms)
2026-09-19 16:58:20 DEBUG [asyncio] Using selector: KqueueSelector
2026-09-19 16:58:20 DEBUG [eta.access] POST /api/students/import → 200 (4ms)
2026-09-19 16:58:20 DEBUG [asyncio] Using selector: KqueueSelector
2026-09-19 16:58:20 DEBUG [eta.access] POST /api/errors/scan-batch → 200 (8ms)
2026-09-19 16:58:20 DEBUG [asyncio] Using selector: KqueueSelector
2026-09-19 16:58:20 DEBUG [eta.access] POST /api/students/import → 200 (4ms)
2026-09-19 16:58:20 DEBUG [asyncio] Using selector: KqueueSelector
2026-09-19 16:58:20 DEBUG [eta.access] POST /api/errors/scan-photos → 200 (3ms)
2026-09-19 16:58:20 DEBUG [asyncio] Using selector: KqueueSelector
2026-09-19 16:58:20 DEBUG [eta.access] GET /api/errors → 200 (2ms)
2026-09-19 16:58:20 DEBUG [asyncio] Using selector: KqueueSelector
2026-09-19 16:58:20 DEBUG [eta.access] POST /api/errors/scan-photos-submit → 200 (11ms)
2026-09-19 16:58:20 DEBUG [asyncio] Using selector: KqueueSelector
2026-09-19 16:58:20 DEBUG [eta.access] GET /api/errors → 200 (3ms)
2026-09-19 16:58:20 DEBUG [asyncio] Using selector: KqueueSelector
2026-09-19 16:58:20 DEBUG [eta.access] POST /api/errors/scan-photos → 400 (2ms)
2026-09-19 16:58:20 DEBUG [asyncio] Using selector: KqueueSelector
2026-09-19 16:58:20 DEBUG [eta.access] POST /api/errors/scan-photos → 400 (2ms)
2026-09-19 16:58:20 DEBUG [asyncio] Using selector: KqueueSelector
2026-09-19 16:58:20 DEBUG [eta.access] POST /api/errors/scan-photos → 400 (1ms)
2026-09-19 16:58:20 DEBUG [asyncio] Using selector: KqueueSelector
2026-09-19 16:58:20 DEBUG [eta.access] POST /api/errors/scan → 200 (5ms)
2026-09-19 16:58:20 DEBUG [asyncio] Using selector: KqueueSelector
2026-09-19 16:58:20 DEBUG [eta.access] POST /api/errors/scan → 200 (4ms)
2026-09-19 16:58:20 DEBUG [asyncio] Using selector: KqueueSelector
2026-09-19 16:58:20 DEBUG [eta.access] GET /api/errors → 200 (2ms)
2026-09-19 16:58:20 DEBUG [asyncio] Using selector: KqueueSelector
2026-09-19 16:58:20 DEBUG [eta.access] POST /api/errors/confirm-bulk → 200 (3ms)
2026-09-19 16:58:20 DEBUG [asyncio] Using selector: KqueueSelector
2026-09-19 16:58:20 DEBUG [eta.access] GET /api/errors → 200 (3ms)
2026-09-19 16:58:20 DEBUG [asyncio] Using selector: KqueueSelector
2026-09-19 16:58:20 DEBUG [eta.access] POST /api/errors/confirm-bulk → 200 (3ms)
2026-09-19 16:58:20 DEBUG [asyncio] Using selector: KqueueSelector
2026-09-19 16:58:20 DEBUG [eta.access] GET /api/errors → 200 (2ms)
2026-09-19 16:58:20 DEBUG [asyncio] Using selector: KqueueSelector
2026-09-19 16:58:20 DEBUG [eta.access] POST /api/errors/confirm-bulk → 400 (2ms)
2026-09-19 16:58:21 DEBUG [asyncio] Using selector: KqueueSelector
2026-09-19 16:58:21 DEBUG [eta.access] POST /api/students → 200 (4ms)
2026-09-19 16:58:21 DEBUG [asyncio] Using selector: KqueueSelector
2026-09-19 16:58:21 DEBUG [eta.access] POST /api/students → 400 (2ms)
2026-09-19 16:58:21 DEBUG [asyncio] Using selector: KqueueSelector
2026-09-19 16:58:21 DEBUG [eta.access] POST /api/errors/scan → 200 (5ms)
2026-09-19 16:58:21 DEBUG [asyncio] Using selector: KqueueSelector
2026-09-19 16:58:21 DEBUG [eta.access] PUT /api/students/9101 → 200 (4ms)
2026-09-19 16:58:21 DEBUG [asyncio] Using selector: KqueueSelector
2026-09-19 16:58:21 DEBUG [eta.access] GET /api/errors → 200 (2ms)
2026-09-19 16:58:21 DEBUG [asyncio] Using selector: KqueueSelector
2026-09-19 16:58:21 DEBUG [eta.access] POST /api/students → 200 (3ms)
2026-09-19 16:58:21 DEBUG [asyncio] Using selector: KqueueSelector
2026-09-19 16:58:21 DEBUG [eta.access] PUT /api/students/9201 → 400 (3ms)
2026-09-19 16:58:21 DEBUG [asyncio] Using selector: KqueueSelector
2026-09-19 16:58:21 DEBUG [eta.access] DELETE /api/students/9201 → 200 (4ms)
2026-09-19 16:58:21 DEBUG [asyncio] Using selector: KqueueSelector
2026-09-19 16:58:21 DEBUG [eta.access] GET /api/errors → 200 (2ms)
2026-09-19 16:58:21 DEBUG [asyncio] Using selector: KqueueSelector
2026-09-19 16:58:21 DEBUG [eta.access] DELETE /api/students/9201 → 404 (2ms)
2026-09-19 16:58:21 DEBUG [asyncio] Using selector: KqueueSelector
2026-09-19 16:58:21 DEBUG [eta.access] POST /api/students → 200 (4ms)
2026-09-19 16:58:21 DEBUG [asyncio] Using selector: KqueueSelector
2026-09-19 16:58:21 DEBUG [eta.access] POST /api/errors/scan → 200 (5ms)
2026-09-19 16:58:21 DEBUG [asyncio] Using selector: KqueueSelector
2026-09-19 16:58:21 DEBUG [eta.access] DELETE /api/students/9102 → 200 (3ms)
2026-09-19 16:58:21 DEBUG [asyncio] Using selector: KqueueSelector
2026-09-19 16:58:21 DEBUG [eta.access] GET /api/errors → 200 (2ms)
2026-09-19 16:58:21 DEBUG [asyncio] Using selector: KqueueSelector
2026-09-19 16:58:21 DEBUG [eta.access] POST /api/classes → 200 (5ms)
2026-09-19 16:58:21 DEBUG [asyncio] Using selector: KqueueSelector
2026-09-19 16:58:21 DEBUG [eta.access] GET /api/classes → 200 (2ms)
2026-09-19 16:58:21 DEBUG [asyncio] Using selector: KqueueSelector
2026-09-19 16:58:21 DEBUG [eta.access] POST /api/classes → 400 (2ms)
2026-09-19 16:58:21 DEBUG [asyncio] Using selector: KqueueSelector
2026-09-19 16:58:21 DEBUG [eta.access] POST /api/classes → 400 (2ms)
2026-09-19 16:58:21 DEBUG [asyncio] Using selector: KqueueSelector
2026-09-19 16:58:21 DEBUG [eta.access] POST /api/students → 200 (3ms)
2026-09-19 16:58:21 DEBUG [asyncio] Using selector: KqueueSelector
2026-09-19 16:58:21 DEBUG [eta.access] POST /api/errors/scan → 200 (4ms)
2026-09-19 16:58:21 DEBUG [asyncio] Using selector: KqueueSelector
2026-09-19 16:58:21 DEBUG [eta.access] PUT /api/classes/九(1)班 → 200 (5ms)
2026-09-19 16:58:21 DEBUG [asyncio] Using selector: KqueueSelector
2026-09-19 16:58:21 DEBUG [eta.access] GET /api/classes → 200 (1ms)
2026-09-19 16:58:21 DEBUG [asyncio] Using selector: KqueueSelector
2026-09-19 16:58:21 DEBUG [eta.access] GET /api/students → 200 (1ms)
2026-09-19 16:58:21 DEBUG [asyncio] Using selector: KqueueSelector
2026-09-19 16:58:21 DEBUG [eta.access] GET /api/errors → 200 (2ms)
2026-09-19 16:58:21 DEBUG [asyncio] Using selector: KqueueSelector
2026-09-19 16:58:21 DEBUG [eta.access] DELETE /api/classes/九(2)班 → 200 (4ms)
2026-09-19 16:58:21 DEBUG [asyncio] Using selector: KqueueSelector
2026-09-19 16:58:21 DEBUG [eta.access] GET /api/students → 200 (2ms)
2026-09-19 16:58:21 DEBUG [asyncio] Using selector: KqueueSelector
2026-09-19 16:58:21 DEBUG [eta.access] GET /api/errors → 200 (2ms)
2026-09-19 16:58:21 DEBUG [asyncio] Using selector: KqueueSelector
2026-09-19 16:58:21 DEBUG [eta.access] POST /api/classes → 200 (4ms)
2026-09-19 16:58:21 DEBUG [asyncio] Using selector: KqueueSelector
2026-09-19 16:58:21 DEBUG [eta.access] POST /api/classes → 200 (3ms)
2026-09-19 16:58:21 DEBUG [asyncio] Using selector: KqueueSelector
2026-09-19 16:58:21 DEBUG [eta.access] POST /api/students → 200 (4ms)
2026-09-19 16:58:21 DEBUG [asyncio] Using selector: KqueueSelector
2026-09-19 16:58:21 DEBUG [eta.access] PUT /api/classes/九(3)班 → 400 (3ms)
2026-09-19 16:58:21 DEBUG [asyncio] Using selector: KqueueSelector
2026-09-19 16:58:21 DEBUG [eta.access] DELETE /api/classes/九(3)班 → 200 (3ms)
2026-09-19 16:58:21 DEBUG [asyncio] Using selector: KqueueSelector
2026-09-19 16:58:21 DEBUG [eta.access] DELETE /api/classes/九(1)班 → 200 (3ms)
2026-09-19 16:58:21 DEBUG [asyncio] Using selector: KqueueSelector
2026-09-19 16:58:21 DEBUG [eta.access] GET /api/classes → 200 (2ms)
2026-09-19 16:58:21 DEBUG [asyncio] Using selector: KqueueSelector
2026-09-19 16:58:21 DEBUG [eta.access] POST /api/classes → 200 (4ms)
2026-09-19 16:58:21 DEBUG [asyncio] Using selector: KqueueSelector
2026-09-19 16:58:21 DEBUG [eta.access] POST /api/students → 200 (4ms)
2026-09-19 16:58:21 DEBUG [asyncio] Using selector: KqueueSelector
2026-09-19 16:58:21 DEBUG [eta.access] POST /api/errors/scan → 200 (5ms)
2026-09-19 16:58:21 DEBUG [asyncio] Using selector: KqueueSelector
2026-09-19 16:58:21 DEBUG [eta.access] DELETE /api/classes/旧库班 → 200 (3ms)
2026-09-19 16:58:21 DEBUG [asyncio] Using selector: KqueueSelector
2026-09-19 16:58:21 DEBUG [eta.access] POST /api/errors/scan → 200 (5ms)
2026-09-19 16:58:21 DEBUG [asyncio] Using selector: KqueueSelector
2026-09-19 16:58:21 DEBUG [eta.access] POST /api/errors/1/confirm → 200 (4ms)
2026-09-19 16:58:21 DEBUG [asyncio] Using selector: KqueueSelector
2026-09-19 16:58:21 DEBUG [eta.access] POST /api/errors/scan → 200 (4ms)
2026-09-19 16:58:21 DEBUG [asyncio] Using selector: KqueueSelector
2026-09-19 16:58:21 DEBUG [eta.access] POST /api/errors/2/confirm → 200 (5ms)
2026-09-19 16:58:21 DEBUG [asyncio] Using selector: KqueueSelector
2026-09-19 16:58:21 DEBUG [eta.access] POST /api/errors/scan → 200 (4ms)
2026-09-19 16:58:21 DEBUG [asyncio] Using selector: KqueueSelector
2026-09-19 16:58:21 DEBUG [eta.access] POST /api/errors/3/confirm → 200 (4ms)
2026-09-19 16:58:21 DEBUG [asyncio] Using selector: KqueueSelector
2026-09-19 16:58:21 DEBUG [eta.access] POST /api/errors/scan → 200 (4ms)
2026-09-19 16:58:21 DEBUG [asyncio] Using selector: KqueueSelector
2026-09-19 16:58:21 DEBUG [eta.access] POST /api/errors/4/confirm → 200 (5ms)
2026-09-19 16:58:21 DEBUG [asyncio] Using selector: KqueueSelector
2026-09-19 16:58:21 DEBUG [eta.access] POST /api/decision-sheet/ai → 200 (6ms)
2026-09-19 16:58:21 DEBUG [asyncio] Using selector: KqueueSelector
2026-09-19 16:58:21 DEBUG [eta.access] POST /api/decision-sheet/ai → 400 (3ms)
2026-09-19 16:58:21 DEBUG [asyncio] Using selector: KqueueSelector
2026-09-19 16:58:21 DEBUG [eta.access] POST /api/practice/generate → 422 (1ms)
2026-09-19 16:58:21 DEBUG [asyncio] Using selector: KqueueSelector
2026-09-19 16:58:21 DEBUG [eta.access] POST /api/practice/generate → 422 (1ms)
2026-09-19 16:58:21 DEBUG [asyncio] Using selector: KqueueSelector
2026-09-19 16:58:21 DEBUG [eta.access] POST /api/practice/generate → 200 (4ms)
2026-09-19 16:58:21 DEBUG [asyncio] Using selector: KqueueSelector
2026-09-19 16:58:21 DEBUG [eta.access] POST /api/practice/generate → 200 (5ms)
2026-09-19 16:58:21 DEBUG [asyncio] Using selector: KqueueSelector
2026-09-19 16:58:21 DEBUG [eta.access] POST /api/practice/generate → 200 (4ms)
2026-09-19 16:58:21 DEBUG [asyncio] Using selector: KqueueSelector
2026-09-19 16:58:21 DEBUG [eta.access] POST /api/practice/generate → 400 (1ms)
2026-09-19 16:58:21 DEBUG [asyncio] Using selector: KqueueSelector
2026-09-19 16:58:21 DEBUG [eta.access] POST /api/practice/generate → 400 (2ms)
2026-09-19 16:58:21 DEBUG [asyncio] Using selector: KqueueSelector
2026-09-19 16:58:21 DEBUG [eta.access] POST /api/paper/generate → 400 (2ms)
2026-09-19 16:58:21 DEBUG [asyncio] Using selector: KqueueSelector
2026-09-19 16:58:21 DEBUG [eta.access] POST /api/errors/scan → 200 (4ms)
2026-09-19 16:58:21 DEBUG [asyncio] Using selector: KqueueSelector
2026-09-19 16:58:21 DEBUG [eta.access] POST /api/errors/1/confirm → 200 (4ms)
2026-09-19 16:58:21 DEBUG [asyncio] Using selector: KqueueSelector
2026-09-19 16:58:21 DEBUG [eta.access] POST /api/errors/scan → 200 (4ms)
2026-09-19 16:58:21 DEBUG [asyncio] Using selector: KqueueSelector
2026-09-19 16:58:21 DEBUG [eta.access] POST /api/errors/2/confirm → 200 (5ms)
2026-09-19 16:58:21 DEBUG [asyncio] Using selector: KqueueSelector
2026-09-19 16:58:21 DEBUG [eta.access] POST /api/paper/generate → 200 (4ms)
2026-09-19 16:58:21 DEBUG [asyncio] Using selector: KqueueSelector
2026-09-19 16:58:21 DEBUG [eta.access] POST /api/paper/generate → 200 (4ms)
2026-09-19 16:58:21 DEBUG [asyncio] Using selector: KqueueSelector
2026-09-19 16:58:21 DEBUG [eta.access] POST /api/paper/generate → 422 (2ms)
2026-09-19 16:58:21 DEBUG [asyncio] Using selector: KqueueSelector
2026-09-19 16:58:21 DEBUG [eta.access] POST /api/paper/generate → 422 (1ms)
2026-09-19 16:58:21 DEBUG [asyncio] Using selector: KqueueSelector
2026-09-19 16:58:21 DEBUG [eta.access] POST /api/paper/generate → 200 (4ms)
2026-09-19 16:58:21 DEBUG [asyncio] Using selector: KqueueSelector
2026-09-19 16:58:21 DEBUG [eta.access] GET /api/papers → 200 (3ms)
2026-09-19 16:58:21 DEBUG [asyncio] Using selector: KqueueSelector
2026-09-19 16:58:21 DEBUG [eta.access] POST /api/paper/1/approve → 200 (3ms)
2026-09-19 16:58:21 DEBUG [asyncio] Using selector: KqueueSelector
2026-09-19 16:58:21 DEBUG [eta.access] POST /api/paper/1/approve → 404 (2ms)
2026-09-19 16:58:21 DEBUG [asyncio] Using selector: KqueueSelector
2026-09-19 16:58:21 DEBUG [eta.access] GET /api/papers → 200 (2ms)
2026-09-19 16:58:21 DEBUG [asyncio] Using selector: KqueueSelector
2026-09-19 16:58:21 DEBUG [eta.access] POST /api/practice/generate → 200 (3ms)
2026-09-19 16:58:21 DEBUG [asyncio] Using selector: KqueueSelector
2026-09-19 16:58:21 DEBUG [eta.access] GET /api/practices/export → 400 (18ms)
2026-09-19 16:58:21 DEBUG [asyncio] Using selector: KqueueSelector
2026-09-19 16:58:21 DEBUG [eta.access] GET /api/practices/export → 200 (2ms)
2026-09-19 16:58:21 DEBUG [asyncio] Using selector: KqueueSelector
2026-09-19 16:58:21 DEBUG [eta.access] POST /api/practice/1/approve → 200 (2ms)
2026-09-19 16:58:21 DEBUG [asyncio] Using selector: KqueueSelector
2026-09-19 16:58:21 DEBUG [eta.access] GET /api/practices/export → 200 (2ms)
2026-09-19 16:58:21 DEBUG [asyncio] Using selector: KqueueSelector
2026-09-19 16:58:21 DEBUG [eta.access] GET /api/practices/export → 200 (183ms)
2026-09-19 16:58:21 DEBUG [asyncio] Using selector: KqueueSelector
2026-09-19 16:58:21 DEBUG [eta.access] POST /api/practice/generate → 200 (4ms)
2026-09-19 16:58:21 DEBUG [asyncio] Using selector: KqueueSelector
2026-09-19 16:58:21 DEBUG [eta.access] POST /api/practice/2/approve → 200 (3ms)
2026-09-19 16:58:21 DEBUG [asyncio] Using selector: KqueueSelector
2026-09-19 16:58:21 DEBUG [eta.access] GET /api/practices/export → 200 (3ms)
2026-09-19 16:58:21 DEBUG [asyncio] Using selector: KqueueSelector
2026-09-19 16:58:21 DEBUG [eta.access] GET /api/practices/export → 400 (1ms)
2026-09-19 16:58:21 DEBUG [asyncio] Using selector: KqueueSelector
2026-09-19 16:58:21 DEBUG [eta.access] POST /api/errors/scan → 200 (4ms)
2026-09-19 16:58:21 DEBUG [asyncio] Using selector: KqueueSelector
2026-09-19 16:58:21 DEBUG [eta.access] POST /api/errors/1/confirm → 200 (4ms)
2026-09-19 16:58:21 DEBUG [asyncio] Using selector: KqueueSelector
2026-09-19 16:58:21 DEBUG [eta.access] POST /api/errors/scan → 200 (4ms)
2026-09-19 16:58:21 DEBUG [asyncio] Using selector: KqueueSelector
2026-09-19 16:58:21 DEBUG [eta.access] POST /api/errors/2/confirm → 200 (5ms)
2026-09-19 16:58:21 DEBUG [asyncio] Using selector: KqueueSelector
2026-09-19 16:58:21 DEBUG [eta.access] POST /api/paper/generate → 200 (4ms)
2026-09-19 16:58:21 DEBUG [asyncio] Using selector: KqueueSelector
2026-09-19 16:58:21 DEBUG [eta.access] GET /api/papers/1/export → 400 (2ms)
2026-09-19 16:58:21 DEBUG [asyncio] Using selector: KqueueSelector
2026-09-19 16:58:21 DEBUG [eta.access] POST /api/paper/1/approve → 200 (2ms)
2026-09-19 16:58:21 DEBUG [asyncio] Using selector: KqueueSelector
2026-09-19 16:58:21 DEBUG [eta.access] GET /api/papers/1/export → 200 (2ms)
2026-09-19 16:58:21 DEBUG [asyncio] Using selector: KqueueSelector
2026-09-19 16:58:22 DEBUG [eta.access] GET /api/papers/1/export → 200 (36ms)
2026-09-19 16:58:22 DEBUG [asyncio] Using selector: KqueueSelector
2026-09-19 16:58:22 DEBUG [eta.access] GET /api/papers/999/export → 404 (2ms)
2026-09-19 16:58:22 DEBUG [asyncio] Using selector: KqueueSelector
2026-09-19 16:58:22 DEBUG [eta.access] POST /api/classes → 200 (5ms)
2026-09-19 16:58:22 DEBUG [asyncio] Using selector: KqueueSelector
2026-09-19 16:58:22 DEBUG [eta.access] POST /api/students → 200 (3ms)
2026-09-19 16:58:22 DEBUG [asyncio] Using selector: KqueueSelector
2026-09-19 16:58:22 DEBUG [eta.access] POST /api/errors/scan → 200 (5ms)
2026-09-19 16:58:22 DEBUG [asyncio] Using selector: KqueueSelector
2026-09-19 16:58:22 DEBUG [eta.access] POST /api/errors/1/confirm → 200 (5ms)
2026-09-19 16:58:22 DEBUG [asyncio] Using selector: KqueueSelector
2026-09-19 16:58:22 DEBUG [eta.access] POST /api/errors/scan → 200 (5ms)
2026-09-19 16:58:22 DEBUG [asyncio] Using selector: KqueueSelector
2026-09-19 16:58:22 DEBUG [eta.access] POST /api/errors/2/confirm → 200 (4ms)
2026-09-19 16:58:22 DEBUG [asyncio] Using selector: KqueueSelector
2026-09-19 16:58:22 DEBUG [eta.access] POST /api/errors/scan → 200 (6ms)
2026-09-19 16:58:22 DEBUG [asyncio] Using selector: KqueueSelector
2026-09-19 16:58:22 DEBUG [eta.access] POST /api/errors/3/confirm → 200 (4ms)
2026-09-19 16:58:22 DEBUG [asyncio] Using selector: KqueueSelector
2026-09-19 16:58:22 DEBUG [eta.access] POST /api/errors/scan → 200 (5ms)
2026-09-19 16:58:22 DEBUG [asyncio] Using selector: KqueueSelector
2026-09-19 16:58:22 DEBUG [eta.access] POST /api/errors/4/confirm → 200 (5ms)
2026-09-19 16:58:22 DEBUG [asyncio] Using selector: KqueueSelector
2026-09-19 16:58:22 DEBUG [eta.access] POST /api/errors/scan → 200 (5ms)
2026-09-19 16:58:22 DEBUG [asyncio] Using selector: KqueueSelector
2026-09-19 16:58:22 DEBUG [eta.access] POST /api/errors/5/confirm → 200 (4ms)
2026-09-19 16:58:22 DEBUG [asyncio] Using selector: KqueueSelector
2026-09-19 16:58:22 DEBUG [eta.access] GET /api/decision-sheet/export → 200 (5ms)
2026-09-19 16:58:22 DEBUG [asyncio] Using selector: KqueueSelector
2026-09-19 16:58:22 DEBUG [eta.access] GET /api/decision-sheet/export → 200 (54ms)
2026-09-19 16:58:22 DEBUG [asyncio] Using selector: KqueueSelector
2026-09-19 16:58:22 DEBUG [eta.access] POST /api/students/import → 200 (4ms)
2026-09-19 16:58:22 DEBUG [asyncio] Using selector: KqueueSelector
2026-09-19 16:58:22 DEBUG [eta.access] POST /api/errors/scan → 200 (6ms)
2026-09-19 16:58:22 DEBUG [asyncio] Using selector: KqueueSelector
2026-09-19 16:58:22 DEBUG [eta.access] POST /api/errors/1/confirm → 200 (4ms)
2026-09-19 16:58:22 DEBUG [asyncio] Using selector: KqueueSelector
2026-09-19 16:58:22 DEBUG [eta.access] POST /api/errors/scan → 200 (5ms)
2026-09-19 16:58:22 DEBUG [asyncio] Using selector: KqueueSelector
2026-09-19 16:58:22 DEBUG [eta.access] POST /api/errors/2/confirm → 200 (5ms)
2026-09-19 16:58:22 DEBUG [asyncio] Using selector: KqueueSelector
2026-09-19 16:58:22 INFO [eta.export] 导出学生综合信息：2 名学生（class=九(1)班）
2026-09-19 16:58:22 DEBUG [eta.access] GET /api/students/export.csv → 200 (5ms)
2026-09-19 16:58:22 DEBUG [asyncio] Using selector: KqueueSelector
2026-09-19 16:58:22 DEBUG [eta.access] GET /api/errors/batches → 200 (2ms)
2026-09-19 16:58:22 DEBUG [asyncio] Using selector: KqueueSelector
2026-09-19 16:58:22 DEBUG [eta.access] GET /api/errors/batches → 200 (2ms)
2026-09-19 16:58:22 DEBUG [asyncio] Using selector: KqueueSelector
2026-09-19 16:58:22 DEBUG [eta.access] GET /api/decision-sheet → 200 (6ms)
2026-09-19 16:58:22 DEBUG [asyncio] Using selector: KqueueSelector
2026-09-19 16:58:22 DEBUG [eta.access] GET /api/decision-sheet → 200 (6ms)
2026-09-19 16:58:22 DEBUG [asyncio] Using selector: KqueueSelector
2026-09-19 16:58:22 DEBUG [eta.access] GET /api/dashboard → 200 (5ms)
2026-09-19 16:58:22 DEBUG [asyncio] Using selector: KqueueSelector
2026-09-19 16:58:22 DEBUG [eta.access] GET /api/dashboard → 200 (6ms)
2026-09-19 16:58:22 DEBUG [asyncio] Using selector: KqueueSelector
2026-09-19 16:58:22 DEBUG [eta.access] GET /api/trends/categories → 200 (3ms)
2026-09-19 16:58:22 DEBUG [asyncio] Using selector: KqueueSelector
2026-09-19 16:58:22 DEBUG [eta.access] POST /api/errors/confirm-bulk → 200 (3ms)
2026-09-19 16:58:22 DEBUG [asyncio] Using selector: KqueueSelector
2026-09-19 16:58:22 DEBUG [eta.access] GET /api/dashboard → 200 (6ms)
2026-09-19 16:58:22 DEBUG [asyncio] Using selector: KqueueSelector
2026-09-19 16:58:22 DEBUG [eta.access] GET /api/decision-sheet/export → 200 (3ms)
2026-09-19 16:58:22 DEBUG [asyncio] Using selector: KqueueSelector
2026-09-19 16:58:22 DEBUG [eta.access] POST /api/check/dictation → 200 (12ms)
2026-09-19 16:58:22 DEBUG [asyncio] Using selector: KqueueSelector
2026-09-19 16:58:22 DEBUG [eta.access] GET /api/errors → 200 (2ms)
2026-09-19 16:58:22 DEBUG [asyncio] Using selector: KqueueSelector
2026-09-19 16:58:22 DEBUG [eta.access] GET /api/check/sessions → 200 (2ms)
2026-09-19 16:58:22 DEBUG [asyncio] Using selector: KqueueSelector
2026-09-19 16:58:22 DEBUG [eta.access] GET /api/check/sessions/1 → 200 (2ms)
2026-09-19 16:58:22 DEBUG [asyncio] Using selector: KqueueSelector
2026-09-19 16:58:22 DEBUG [eta.access] POST /api/check/assignment → 200 (13ms)
2026-09-19 16:58:22 DEBUG [asyncio] Using selector: KqueueSelector
2026-09-19 16:58:22 DEBUG [eta.access] GET /api/errors → 200 (2ms)
2026-09-19 16:58:22 DEBUG [asyncio] Using selector: KqueueSelector
2026-09-19 16:58:22 DEBUG [eta.access] POST /api/check/assignment → 200 (10ms)
2026-09-19 16:58:22 DEBUG [asyncio] Using selector: KqueueSelector
2026-09-19 16:58:22 DEBUG [eta.access] GET /api/errors → 200 (3ms)
2026-09-19 16:58:23 DEBUG [asyncio] Using selector: KqueueSelector
2026-09-19 16:58:23 DEBUG [eta.access] POST /api/check/assignment → 200 (4ms)
2026-09-19 16:58:23 DEBUG [asyncio] Using selector: KqueueSelector
2026-09-19 16:58:23 DEBUG [eta.access] POST /api/check/assignment → 200 (8ms)
2026-09-19 16:58:23 DEBUG [asyncio] Using selector: KqueueSelector
2026-09-19 16:58:23 DEBUG [eta.access] POST /api/check/dictation → 400 (1ms)
2026-09-19 16:58:23 DEBUG [asyncio] Using selector: KqueueSelector
2026-09-19 16:58:23 DEBUG [eta.access] POST /api/check/assignment → 400 (2ms)
2026-09-19 16:58:23 DEBUG [asyncio] Using selector: KqueueSelector
2026-09-19 16:58:23 DEBUG [eta.access] GET /api/check/sessions/999999 → 404 (2ms)
2026-09-19 16:58:23 DEBUG [asyncio] Using selector: KqueueSelector
2026-09-19 16:58:23 DEBUG [eta.access] POST /api/check/dictation → 200 (4ms)
2026-09-19 16:58:23 DEBUG [asyncio] Using selector: KqueueSelector
2026-09-19 16:58:23 DEBUG [eta.access] PATCH /api/check/sessions/1 → 200 (4ms)
2026-09-19 16:58:23 DEBUG [asyncio] Using selector: KqueueSelector
2026-09-19 16:58:23 DEBUG [eta.access] GET /api/check/sessions → 200 (2ms)
2026-09-19 16:58:23 DEBUG [asyncio] Using selector: KqueueSelector
2026-09-19 16:58:23 DEBUG [eta.access] POST /api/students/import → 200 (3ms)
2026-09-19 16:58:23 DEBUG [asyncio] Using selector: KqueueSelector
2026-09-19 16:58:23 DEBUG [eta.access] POST /api/check/dictation → 200 (8ms)
2026-09-19 16:58:23 DEBUG [asyncio] Using selector: KqueueSelector
2026-09-19 16:58:23 DEBUG [eta.access] GET /api/check/sessions/1/export → 200 (3ms)
2026-09-19 16:58:23 DEBUG [asyncio] Using selector: KqueueSelector
2026-09-19 16:58:23 DEBUG [eta.access] GET /api/check/sessions/999999/export → 404 (2ms)
2026-09-19 16:58:23 DEBUG [asyncio] Using selector: KqueueSelector
2026-09-19 16:58:23 DEBUG [eta.access] POST /api/students/import → 200 (5ms)
2026-09-19 16:58:23 DEBUG [asyncio] Using selector: KqueueSelector
2026-09-19 16:58:23 DEBUG [eta.access] POST /api/check/dictation → 200 (8ms)
2026-09-19 16:58:23 DEBUG [asyncio] Using selector: KqueueSelector
2026-09-19 16:58:23 INFO [eta.api.check] 导出全部单生批改报告：2 名学生（session=1）
2026-09-19 16:58:23 DEBUG [eta.access] GET /api/check/sessions/1/export-all → 200 (3ms)
2026-09-19 16:58:23 DEBUG [asyncio] Using selector: KqueueSelector
2026-09-19 16:58:23 DEBUG [eta.access] GET /api/check/sessions/999999/export-all → 404 (2ms)
2026-09-19 16:58:23 DEBUG [asyncio] Using selector: KqueueSelector
2026-09-19 16:58:23 DEBUG [eta.access] POST /api/students → 200 (3ms)
2026-09-19 16:58:23 DEBUG [asyncio] Using selector: KqueueSelector
2026-09-19 16:58:23 DEBUG [eta.access] POST /api/students → 200 (4ms)
2026-09-19 16:58:23 DEBUG [asyncio] Using selector: KqueueSelector
2026-09-19 16:58:23 DEBUG [eta.access] POST /api/students → 200 (3ms)
2026-09-19 16:58:23 DEBUG [asyncio] Using selector: KqueueSelector
2026-09-19 16:58:23 DEBUG [eta.access] POST /api/students → 200 (3ms)
2026-09-19 16:58:23 DEBUG [asyncio] Using selector: KqueueSelector
2026-09-19 16:58:23 DEBUG [eta.access] POST /api/students → 200 (4ms)
2026-09-19 16:58:23 DEBUG [asyncio] Using selector: KqueueSelector
2026-09-19 16:58:23 DEBUG [eta.access] POST /api/students → 200 (3ms)
2026-09-19 16:58:23 DEBUG [asyncio] Using selector: KqueueSelector
2026-09-19 16:58:23 DEBUG [eta.access] POST /api/students/S01/cleanup → 200 (4ms)
2026-09-19 16:58:23 DEBUG [asyncio] Using selector: KqueueSelector
2026-09-19 16:58:23 DEBUG [eta.access] GET /api/students/S01/profile → 200 (3ms)
2026-09-19 16:58:23 DEBUG [asyncio] Using selector: KqueueSelector
2026-09-19 16:58:23 DEBUG [eta.access] POST /api/students/S01/cleanup → 200 (4ms)
2026-09-19 16:58:23 DEBUG [asyncio] Using selector: KqueueSelector
2026-09-19 16:58:23 DEBUG [eta.access] GET /api/students/S01/profile → 200 (2ms)
2026-09-19 16:58:23 DEBUG [asyncio] Using selector: KqueueSelector
2026-09-19 16:58:23 DEBUG [eta.access] POST /api/students → 200 (4ms)
2026-09-19 16:58:23 DEBUG [asyncio] Using selector: KqueueSelector
2026-09-19 16:58:23 DEBUG [eta.access] POST /api/students → 200 (4ms)
2026-09-19 16:58:23 DEBUG [asyncio] Using selector: KqueueSelector
2026-09-19 16:58:23 DEBUG [eta.access] POST /api/students/S01/cleanup → 200 (2ms)
2026-09-19 16:58:23 DEBUG [asyncio] Using selector: KqueueSelector
2026-09-19 16:58:23 DEBUG [eta.access] POST /api/students → 200 (4ms)
2026-09-19 16:58:23 DEBUG [asyncio] Using selector: KqueueSelector
2026-09-19 16:58:23 DEBUG [eta.access] POST /api/students → 200 (3ms)
2026-09-19 16:58:23 DEBUG [asyncio] Using selector: KqueueSelector
2026-09-19 16:58:23 DEBUG [eta.access] POST /api/students/S01/cleanup → 200 (4ms)
2026-09-19 16:58:23 DEBUG [asyncio] Using selector: KqueueSelector
2026-09-19 16:58:23 DEBUG [eta.access] POST /api/students → 200 (5ms)
2026-09-19 16:58:23 DEBUG [asyncio] Using selector: KqueueSelector
2026-09-19 16:58:23 DEBUG [eta.access] POST /api/students → 200 (3ms)
2026-09-19 16:58:23 DEBUG [asyncio] Using selector: KqueueSelector
2026-09-19 16:58:23 DEBUG [eta.access] POST /api/students/S01/cleanup → 200 (4ms)
2026-09-19 16:58:23 DEBUG [asyncio] Using selector: KqueueSelector
2026-09-19 16:58:23 DEBUG [eta.access] POST /api/students → 200 (5ms)
2026-09-19 16:58:23 DEBUG [asyncio] Using selector: KqueueSelector
2026-09-19 16:58:23 DEBUG [eta.access] POST /api/students/P01/cleanup → 400 (2ms)
2026-09-19 16:58:23 DEBUG [asyncio] Using selector: KqueueSelector
2026-09-19 16:58:23 DEBUG [eta.access] POST /api/students/P01/cleanup → 400 (2ms)
2026-09-19 16:58:23 DEBUG [asyncio] Using selector: KqueueSelector
2026-09-19 16:58:23 DEBUG [eta.access] POST /api/students/NOPE/cleanup → 404 (2ms)
2026-09-19 16:58:23 DEBUG [asyncio] Using selector: KqueueSelector
2026-09-19 16:58:23 DEBUG [eta.access] POST /api/students → 200 (4ms)
2026-09-19 16:58:23 DEBUG [asyncio] Using selector: KqueueSelector
2026-09-19 16:58:23 DEBUG [eta.access] POST /api/students/V01/cleanup → 400 (2ms)
2026-09-19 16:58:23 WARNING [eta.ocr] dual 文档流 mineru 通道失败（降级继续）：MinerU 链路抖动
2026-09-19 16:58:23 WARNING [eta.ocr] dual 文档流 mineru 通道失败（降级继续）：down
2026-09-19 16:58:23 WARNING [eta.ocr] dual 文档流 paddleocr 通道失败（降级继续）：down
2026-09-19 16:58:24 DEBUG [asyncio] Using selector: KqueueSelector
2026-09-19 16:58:24 ERROR [eta.logs] 浏览器 [ERROR] 页面=#/scan 页面脚本错误
at boot
2026-09-19 16:58:24 DEBUG [eta.access] POST /api/logs/client → 200 (4ms)
2026-09-19 16:58:24 INFO [eta.ocr] MinerU batch=b1 创建，上传图片 (5 bytes)
2026-09-19 16:58:25 WARNING [eta.trace] 运行留痕写入失败：[Errno 20] Not a directory: '/private/var/folders/sh/v4ws268d63928m_6n_jzds6m0000gn/T/pytest-of-zbloom/pytest-22/test_record_never_raises_on_io0/blocker/sub'
2026-09-19 16:58:25 DEBUG [asyncio] Using selector: KqueueSelector
2026-09-19 16:58:25 DEBUG [eta.access] POST /api/check/organize-upload → 200 (2ms)
2026-09-19 16:58:25 DEBUG [asyncio] Using selector: KqueueSelector
2026-09-19 16:58:25 DEBUG [eta.access] POST /api/check/organize-upload → 200 (2ms)
2026-09-19 16:58:25 DEBUG [asyncio] Using selector: KqueueSelector
2026-09-19 16:58:25 DEBUG [eta.access] POST /api/check/organize-upload → 400 (2ms)
2026-09-19 16:58:25 DEBUG [asyncio] Using selector: KqueueSelector
2026-09-19 16:58:25 DEBUG [eta.access] POST /api/students/import → 200 (4ms)
2026-09-19 16:58:25 DEBUG [asyncio] Using selector: KqueueSelector
2026-09-19 16:58:25 DEBUG [eta.access] POST /api/check/photo-parse → 200 (5ms)
2026-09-19 16:58:25 DEBUG [asyncio] Using selector: KqueueSelector
2026-09-19 16:58:25 DEBUG [eta.access] POST /api/check/photo-parse → 200 (3ms)
2026-09-19 16:58:25 DEBUG [asyncio] Using selector: KqueueSelector
2026-09-19 16:58:25 DEBUG [eta.access] POST /api/check/photo-parse → 200 (3ms)
2026-09-19 16:58:25 DEBUG [asyncio] Using selector: KqueueSelector
2026-09-19 16:58:25 WARNING [eta.services.photo_check] 批改读图失败（张三/bad.jpg）：识别失败
2026-09-19 16:58:25 DEBUG [eta.access] POST /api/check/photo-parse → 200 (3ms)
2026-09-19 16:58:25 DEBUG [asyncio] Using selector: KqueueSelector
2026-09-19 16:58:25 DEBUG [eta.access] POST /api/check/photo-parse → 422 (2ms)
2026-09-19 16:58:25 DEBUG [asyncio] Using selector: KqueueSelector
2026-09-19 16:58:25 DEBUG [eta.access] POST /api/students/import → 200 (4ms)
2026-09-19 16:58:25 DEBUG [asyncio] Using selector: KqueueSelector
2026-09-19 16:58:25 DEBUG [eta.access] POST /api/check/assignment → 200 (10ms)
2026-09-19 16:58:25 DEBUG [asyncio] Using selector: KqueueSelector
2026-09-19 16:58:25 DEBUG [eta.access] GET /api/errors → 200 (2ms)
2026-09-19 16:58:25 DEBUG [asyncio] Using selector: KqueueSelector
2026-09-19 16:58:25 DEBUG [eta.access] GET /api/check/sessions/1/files → 200 (2ms)
2026-09-19 16:58:25 DEBUG [asyncio] Using selector: KqueueSelector
2026-09-19 16:58:25 DEBUG [eta.access] GET /api/check/sessions → 200 (2ms)
2026-09-19 16:58:25 DEBUG [asyncio] Using selector: KqueueSelector
2026-09-19 16:58:25 DEBUG [eta.access] POST /api/check/assignment → 200 (8ms)
2026-09-19 16:58:25 DEBUG [asyncio] Using selector: KqueueSelector
2026-09-19 16:58:25 DEBUG [eta.access] GET /api/check/sessions/1 → 200 (3ms)
2026-09-19 16:58:25 DEBUG [asyncio] Using selector: KqueueSelector
2026-09-19 16:58:25 DEBUG [eta.access] POST /api/students/import → 200 (4ms)
2026-09-19 16:58:25 DEBUG [asyncio] Using selector: KqueueSelector
2026-09-19 16:58:25 DEBUG [eta.access] POST /api/check/assignment → 200 (8ms)
2026-09-19 16:58:25 DEBUG [asyncio] Using selector: KqueueSelector
2026-09-19 16:58:25 DEBUG [eta.access] POST /api/students/import → 200 (4ms)
2026-09-19 16:58:25 DEBUG [asyncio] Using selector: KqueueSelector
2026-09-19 16:58:25 DEBUG [eta.access] POST /api/check/assignment → 200 (8ms)
2026-09-19 16:58:25 DEBUG [asyncio] Using selector: KqueueSelector
2026-09-19 16:58:25 DEBUG [eta.access] GET /api/check/sessions → 200 (3ms)
2026-09-19 16:58:25 DEBUG [asyncio] Using selector: KqueueSelector
2026-09-19 16:58:25 DEBUG [eta.access] GET /api/check/sessions → 200 (2ms)
2026-09-19 16:58:25 DEBUG [asyncio] Using selector: KqueueSelector
2026-09-19 16:58:25 DEBUG [eta.access] POST /api/students/import → 200 (4ms)
2026-09-19 16:58:25 DEBUG [asyncio] Using selector: KqueueSelector
2026-09-19 16:58:25 DEBUG [eta.access] POST /api/check/assignment → 200 (8ms)
2026-09-19 16:58:25 DEBUG [asyncio] Using selector: KqueueSelector
2026-09-19 16:58:25 DEBUG [eta.access] GET /api/check/sessions/1/files → 200 (2ms)
2026-09-19 16:58:25 DEBUG [asyncio] Using selector: KqueueSelector
2026-09-19 16:58:25 DEBUG [eta.access] DELETE /api/check/sessions/1 → 200 (3ms)
2026-09-19 16:58:25 DEBUG [asyncio] Using selector: KqueueSelector
2026-09-19 16:58:25 DEBUG [eta.access] GET /api/check/sessions/1 → 404 (1ms)
2026-09-19 16:58:25 DEBUG [asyncio] Using selector: KqueueSelector
2026-09-19 16:58:25 DEBUG [eta.access] GET /api/check/sessions/1/files → 404 (2ms)
2026-09-19 16:58:25 DEBUG [asyncio] Using selector: KqueueSelector
2026-09-19 16:58:25 DEBUG [eta.access] GET /api/errors → 200 (2ms)
2026-09-19 16:58:25 DEBUG [asyncio] Using selector: KqueueSelector
2026-09-19 16:58:25 DEBUG [eta.access] POST /api/students/import → 200 (3ms)
2026-09-19 16:58:25 DEBUG [asyncio] Using selector: KqueueSelector
2026-09-19 16:58:25 DEBUG [eta.access] POST /api/check/assignment → 200 (8ms)
2026-09-19 16:58:25 DEBUG [asyncio] Using selector: KqueueSelector
2026-09-19 16:58:25 DEBUG [eta.access] DELETE /api/check/sessions/2 → 200 (3ms)
2026-09-19 16:58:25 DEBUG [asyncio] Using selector: KqueueSelector
2026-09-19 16:58:25 DEBUG [eta.access] GET /api/errors → 200 (2ms)
2026-09-19 16:58:25 DEBUG [asyncio] Using selector: KqueueSelector
2026-09-19 16:58:25 DEBUG [eta.access] DELETE /api/check/sessions/999999 → 404 (2ms)
2026-09-19 16:58:25 DEBUG [asyncio] Using selector: KqueueSelector
2026-09-19 16:58:25 DEBUG [eta.access] POST /api/students/import → 200 (5ms)
2026-09-19 16:58:25 DEBUG [asyncio] Using selector: KqueueSelector
2026-09-19 16:58:25 DEBUG [eta.access] POST /api/check/photo-parse → 200 (3ms)
2026-09-19 16:58:25 DEBUG [asyncio] Using selector: KqueueSelector
2026-09-19 16:58:25 DEBUG [eta.access] POST /api/check/photo-parse → 200 (2ms)
2026-09-19 16:58:25 DEBUG [asyncio] Using selector: KqueueSelector
2026-09-19 16:58:25 DEBUG [eta.access] POST /api/check/md-reparse → 200 (3ms)
2026-09-19 16:58:25 DEBUG [asyncio] Using selector: KqueueSelector
2026-09-19 16:58:25 DEBUG [eta.access] POST /api/check/md-reparse → 400 (2ms)
2026-09-19 16:58:25 DEBUG [asyncio] Using selector: KqueueSelector
2026-09-19 16:58:25 DEBUG [eta.access] POST /api/students/import → 200 (5ms)
2026-09-19 16:58:25 DEBUG [asyncio] Using selector: KqueueSelector
2026-09-19 16:58:25 DEBUG [eta.access] POST /api/check/assignment → 200 (4ms)
2026-09-19 16:58:25 DEBUG [asyncio] Using selector: KqueueSelector
2026-09-19 16:58:25 DEBUG [eta.access] POST /api/students/import → 200 (4ms)
2026-09-19 16:58:25 DEBUG [asyncio] Using selector: KqueueSelector
2026-09-19 16:58:25 DEBUG [eta.access] POST /api/check/assignment → 200 (5ms)
2026-09-19 16:58:25 DEBUG [asyncio] Using selector: KqueueSelector
2026-09-19 16:58:25 DEBUG [eta.access] GET /api/check/sessions → 200 (2ms)
2026-09-19 16:58:25 DEBUG [asyncio] Using selector: KqueueSelector
2026-09-19 16:58:25 DEBUG [eta.access] GET /api/check/sessions → 200 (2ms)
2026-09-19 16:58:25 DEBUG [asyncio] Using selector: KqueueSelector
2026-09-19 16:58:25 DEBUG [eta.access] GET /api/check/sessions → 200 (2ms)
2026-09-19 17:00:01 DEBUG [eta.access] GET /api/errors → 200 (3ms)
2026-09-19 17:00:03 DEBUG [eta.access] GET /api/errors → 200 (4ms)
2026-09-19 17:00:04 DEBUG [eta.access] GET /api/errors → 200 (2ms)
2026-09-19 17:00:06 DEBUG [eta.access] GET /api/errors → 200 (2ms)
2026-09-19 17:00:21 DEBUG [eta.access] GET /api/errors → 200 (3ms)
2026-09-19 17:00:22 DEBUG [eta.access] GET /api/errors → 200 (2ms)
2026-09-19 17:00:24 DEBUG [eta.access] GET /api/errors → 200 (2ms)
2026-09-19 17:00:24 DEBUG [eta.access] GET /api/errors → 200 (2ms)
2026-09-19 17:00:24 DEBUG [eta.access] GET /api/errors → 200 (2ms)
2026-09-19 17:00:27 DEBUG [eta.access] GET /api/errors/batches → 200 (6ms)
2026-09-19 17:00:27 DEBUG [eta.access] GET /api/errors → 200 (30ms)
2026-09-19 17:00:32 DEBUG [eta.access] GET /api/errors/batches → 200 (24ms)
2026-09-19 17:00:32 DEBUG [eta.access] GET /api/errors → 200 (22ms)
2026-09-19 17:00:37 DEBUG [eta.access] GET /api/errors/batches → 200 (15ms)
2026-09-19 17:00:37 DEBUG [eta.access] GET /api/errors → 200 (2ms)
2026-09-19 17:00:38 DEBUG [eta.access] GET /api/errors → 200 (2ms)
2026-09-19 17:00:41 DEBUG [eta.access] GET /api/errors/batches → 200 (2ms)
2026-09-19 17:00:42 DEBUG [eta.access] GET /api/students → 200 (34ms)
2026-09-19 17:00:43 DEBUG [eta.access] GET /api/errors/batches → 200 (3ms)
2026-09-19 17:01:12 DEBUG [eta.access] GET /api/students → 200 (3ms)
2026-09-19 17:01:12 DEBUG [eta.access] GET /api/check/sessions → 200 (3ms)
2026-09-19 17:08:31 DEBUG [eta.access] GET /api/errors/batches → 200 (20ms)
2026-09-19 17:08:33 DEBUG [eta.access] GET /api/practices → 200 (11ms)
2026-09-19 17:08:35 DEBUG [eta.access] GET /api/students/92101/profile → 200 (16ms)
2026-09-19 17:12:07 INFO [eta.main] ════════ 系统停止 ════════
2026-09-19 17:12:19 INFO [eta] 日志已就绪：目录 runtime/logs（按天轮转，保留 14 天，终端级别 INFO / 文件级别 DEBUG）
2026-09-19 17:12:20 DEBUG [asyncio] Using selector: KqueueSelector
2026-09-19 17:12:20 DEBUG [eta.access] GET /api/health → 200 (47ms)
2026-09-19 17:12:20 DEBUG [asyncio] Using selector: KqueueSelector
2026-09-19 17:12:20 DEBUG [eta.access] GET /api/ontology → 200 (4ms)
2026-09-19 17:12:20 DEBUG [asyncio] Using selector: KqueueSelector
2026-09-19 17:12:20 DEBUG [eta.access] POST /api/students/import → 200 (5ms)
2026-09-19 17:12:20 DEBUG [asyncio] Using selector: KqueueSelector
2026-09-19 17:12:20 DEBUG [eta.access] GET /api/students → 200 (2ms)
2026-09-19 17:12:20 DEBUG [asyncio] Using selector: KqueueSelector
2026-09-19 17:12:20 DEBUG [eta.access] POST /api/errors/scan → 200 (7ms)
2026-09-19 17:12:20 DEBUG [asyncio] Using selector: KqueueSelector
2026-09-19 17:12:20 DEBUG [eta.access] GET /api/errors → 200 (4ms)
2026-09-19 17:12:20 DEBUG [asyncio] Using selector: KqueueSelector
2026-09-19 17:12:20 DEBUG [eta.access] POST /api/errors/1/confirm → 200 (6ms)
2026-09-19 17:12:20 DEBUG [asyncio] Using selector: KqueueSelector
2026-09-19 17:12:20 DEBUG [eta.access] POST /api/errors/scan → 200 (7ms)
2026-09-19 17:12:20 DEBUG [asyncio] Using selector: KqueueSelector
2026-09-19 17:12:20 DEBUG [eta.access] POST /api/errors/2/confirm → 200 (6ms)
2026-09-19 17:12:20 DEBUG [asyncio] Using selector: KqueueSelector
2026-09-19 17:12:20 DEBUG [eta.access] POST /api/errors/scan → 200 (7ms)
2026-09-19 17:12:20 DEBUG [asyncio] Using selector: KqueueSelector
2026-09-19 17:12:20 DEBUG [eta.access] GET /api/errors → 200 (3ms)
2026-09-19 17:12:20 DEBUG [asyncio] Using selector: KqueueSelector
2026-09-19 17:12:20 DEBUG [eta.access] POST /api/errors/3/confirm → 200 (5ms)
2026-09-19 17:12:20 DEBUG [asyncio] Using selector: KqueueSelector
2026-09-19 17:12:20 DEBUG [eta.access] POST /api/errors/scan → 200 (8ms)
2026-09-19 17:12:20 DEBUG [asyncio] Using selector: KqueueSelector
2026-09-19 17:12:20 DEBUG [eta.access] GET /api/errors → 200 (3ms)
2026-09-19 17:12:20 DEBUG [asyncio] Using selector: KqueueSelector
2026-09-19 17:12:20 DEBUG [eta.access] POST /api/errors/4/confirm → 200 (7ms)
2026-09-19 17:12:20 DEBUG [asyncio] Using selector: KqueueSelector
2026-09-19 17:12:20 DEBUG [eta.access] POST /api/errors/scan → 200 (8ms)
2026-09-19 17:12:20 DEBUG [asyncio] Using selector: KqueueSelector
2026-09-19 17:12:20 DEBUG [eta.access] GET /api/errors → 200 (4ms)
2026-09-19 17:12:20 DEBUG [asyncio] Using selector: KqueueSelector
2026-09-19 17:12:20 DEBUG [eta.access] POST /api/errors/5/confirm → 200 (5ms)
2026-09-19 17:12:20 DEBUG [asyncio] Using selector: KqueueSelector
2026-09-19 17:12:20 DEBUG [eta.access] POST /api/errors/scan → 200 (8ms)
2026-09-19 17:12:20 DEBUG [asyncio] Using selector: KqueueSelector
2026-09-19 17:12:20 DEBUG [eta.access] GET /api/errors → 200 (3ms)
2026-09-19 17:12:20 DEBUG [asyncio] Using selector: KqueueSelector
2026-09-19 17:12:20 DEBUG [eta.access] POST /api/errors/6/confirm → 200 (5ms)
2026-09-19 17:12:20 DEBUG [asyncio] Using selector: KqueueSelector
2026-09-19 17:12:20 DEBUG [eta.access] POST /api/errors/scan → 200 (9ms)
2026-09-19 17:12:20 DEBUG [asyncio] Using selector: KqueueSelector
2026-09-19 17:12:20 DEBUG [eta.access] GET /api/errors → 200 (3ms)
2026-09-19 17:12:20 DEBUG [asyncio] Using selector: KqueueSelector
2026-09-19 17:12:20 DEBUG [eta.access] POST /api/errors/7/confirm → 200 (8ms)
2026-09-19 17:12:20 DEBUG [asyncio] Using selector: KqueueSelector
2026-09-19 17:12:20 DEBUG [eta.access] POST /api/errors/scan → 200 (8ms)
2026-09-19 17:12:20 DEBUG [asyncio] Using selector: KqueueSelector
2026-09-19 17:12:20 DEBUG [eta.access] GET /api/errors → 200 (3ms)
2026-09-19 17:12:20 DEBUG [asyncio] Using selector: KqueueSelector
2026-09-19 17:12:20 DEBUG [eta.access] POST /api/errors/8/confirm → 200 (7ms)
2026-09-19 17:12:20 DEBUG [asyncio] Using selector: KqueueSelector
2026-09-19 17:12:20 DEBUG [eta.access] POST /api/errors/scan → 200 (10ms)
2026-09-19 17:12:20 DEBUG [asyncio] Using selector: KqueueSelector
2026-09-19 17:12:20 DEBUG [eta.access] GET /api/errors → 200 (3ms)
2026-09-19 17:12:20 DEBUG [asyncio] Using selector: KqueueSelector
2026-09-19 17:12:20 DEBUG [eta.access] POST /api/errors/9/confirm → 200 (7ms)
2026-09-19 17:12:20 DEBUG [asyncio] Using selector: KqueueSelector
2026-09-19 17:12:20 DEBUG [eta.access] POST /api/errors/scan → 200 (10ms)
2026-09-19 17:12:20 DEBUG [asyncio] Using selector: KqueueSelector
2026-09-19 17:12:20 DEBUG [eta.access] GET /api/errors → 200 (3ms)
2026-09-19 17:12:20 DEBUG [asyncio] Using selector: KqueueSelector
2026-09-19 17:12:20 DEBUG [eta.access] POST /api/errors/10/confirm → 200 (9ms)
2026-09-19 17:12:20 DEBUG [asyncio] Using selector: KqueueSelector
2026-09-19 17:12:20 DEBUG [eta.access] POST /api/errors/scan → 200 (9ms)
2026-09-19 17:12:20 DEBUG [asyncio] Using selector: KqueueSelector
2026-09-19 17:12:20 DEBUG [eta.access] GET /api/errors → 200 (3ms)
2026-09-19 17:12:20 DEBUG [asyncio] Using selector: KqueueSelector
2026-09-19 17:12:20 DEBUG [eta.access] POST /api/errors/11/confirm → 200 (6ms)
2026-09-19 17:12:20 DEBUG [asyncio] Using selector: KqueueSelector
2026-09-19 17:12:20 DEBUG [eta.access] POST /api/errors/scan → 200 (9ms)
2026-09-19 17:12:20 DEBUG [asyncio] Using selector: KqueueSelector
2026-09-19 17:12:20 DEBUG [eta.access] GET /api/errors → 200 (3ms)
2026-09-19 17:12:20 DEBUG [asyncio] Using selector: KqueueSelector
2026-09-19 17:12:20 DEBUG [eta.access] POST /api/errors/12/confirm → 200 (6ms)
2026-09-19 17:12:20 DEBUG [asyncio] Using selector: KqueueSelector
2026-09-19 17:12:20 DEBUG [eta.access] POST /api/errors/scan → 200 (8ms)
2026-09-19 17:12:20 DEBUG [asyncio] Using selector: KqueueSelector
2026-09-19 17:12:20 DEBUG [eta.access] GET /api/errors → 200 (3ms)
2026-09-19 17:12:20 DEBUG [asyncio] Using selector: KqueueSelector
2026-09-19 17:12:20 DEBUG [eta.access] POST /api/errors/13/confirm → 200 (5ms)
2026-09-19 17:12:20 DEBUG [asyncio] Using selector: KqueueSelector
2026-09-19 17:12:20 DEBUG [eta.access] POST /api/errors/scan → 200 (9ms)
2026-09-19 17:12:20 DEBUG [asyncio] Using selector: KqueueSelector
2026-09-19 17:12:20 DEBUG [eta.access] GET /api/errors → 200 (3ms)
2026-09-19 17:12:20 DEBUG [asyncio] Using selector: KqueueSelector
2026-09-19 17:12:20 DEBUG [eta.access] POST /api/errors/14/confirm → 200 (6ms)
2026-09-19 17:12:20 DEBUG [asyncio] Using selector: KqueueSelector
2026-09-19 17:12:20 DEBUG [eta.access] POST /api/practice/generate → 200 (6ms)
2026-09-19 17:12:20 DEBUG [asyncio] Using selector: KqueueSelector
2026-09-19 17:12:20 DEBUG [eta.access] POST /api/practice/1/approve → 200 (3ms)
2026-09-19 17:12:20 DEBUG [asyncio] Using selector: KqueueSelector
2026-09-19 17:12:20 DEBUG [eta.access] GET /api/decision-sheet → 200 (10ms)
2026-09-19 17:12:20 DEBUG [asyncio] Using selector: KqueueSelector
2026-09-19 17:12:20 DEBUG [eta.access] GET /api/trends/categories → 200 (6ms)
2026-09-19 17:12:20 DEBUG [asyncio] Using selector: KqueueSelector
2026-09-19 17:12:20 DEBUG [eta.access] GET /api/export/errors.csv → 200 (7ms)
2026-09-19 17:12:20 DEBUG [asyncio] Using selector: KqueueSelector
2026-09-19 17:12:20 DEBUG [eta.access] POST /api/errors/scan → 200 (5ms)
2026-09-19 17:12:20 DEBUG [asyncio] Using selector: KqueueSelector
2026-09-19 17:12:20 DEBUG [eta.access] POST /api/errors/scan → 400 (28ms)
2026-09-19 17:12:20 DEBUG [asyncio] Using selector: KqueueSelector
2026-09-19 17:12:20 DEBUG [eta.access] POST /api/errors/scan → 200 (5ms)
2026-09-19 17:12:20 DEBUG [asyncio] Using selector: KqueueSelector
2026-09-19 17:12:20 DEBUG [eta.access] POST /api/errors/1/confirm → 400 (4ms)
2026-09-19 17:12:20 DEBUG [asyncio] Using selector: KqueueSelector
2026-09-19 17:12:20 DEBUG [eta.access] POST /api/students/import → 200 (6ms)
2026-09-19 17:12:20 DEBUG [asyncio] Using selector: KqueueSelector
2026-09-19 17:12:20 DEBUG [eta.access] POST /api/errors/scan-batch → 200 (20ms)
2026-09-19 17:12:20 DEBUG [asyncio] Using selector: KqueueSelector
2026-09-19 17:12:20 DEBUG [eta.access] GET /api/errors → 200 (3ms)
2026-09-19 17:12:20 DEBUG [asyncio] Using selector: KqueueSelector
2026-09-19 17:12:20 DEBUG [eta.access] POST /api/students/import → 200 (5ms)
2026-09-19 17:12:20 DEBUG [asyncio] Using selector: KqueueSelector
2026-09-19 17:12:20 DEBUG [eta.access] POST /api/errors/scan-batch → 200 (14ms)
2026-09-19 17:12:20 DEBUG [asyncio] Using selector: KqueueSelector
2026-09-19 17:12:20 DEBUG [eta.access] POST /api/students/import → 200 (5ms)
2026-09-19 17:12:20 DEBUG [asyncio] Using selector: KqueueSelector
2026-09-19 17:12:21 DEBUG [eta.access] POST /api/errors/scan-batch → 200 (10ms)
2026-09-19 17:12:21 DEBUG [asyncio] Using selector: KqueueSelector
2026-09-19 17:12:21 DEBUG [eta.access] POST /api/students/import → 200 (5ms)
2026-09-19 17:12:21 DEBUG [asyncio] Using selector: KqueueSelector
2026-09-19 17:12:21 DEBUG [eta.access] POST /api/errors/scan-photos → 200 (3ms)
2026-09-19 17:12:21 DEBUG [asyncio] Using selector: KqueueSelector
2026-09-19 17:12:21 DEBUG [eta.access] GET /api/errors → 200 (2ms)
2026-09-19 17:12:21 DEBUG [asyncio] Using selector: KqueueSelector
2026-09-19 17:12:21 DEBUG [eta.access] POST /api/errors/scan-photos-submit → 200 (14ms)
2026-09-19 17:12:21 DEBUG [asyncio] Using selector: KqueueSelector
2026-09-19 17:12:21 DEBUG [eta.access] GET /api/errors → 200 (4ms)
2026-09-19 17:12:21 DEBUG [asyncio] Using selector: KqueueSelector
2026-09-19 17:12:21 DEBUG [eta.access] POST /api/errors/scan-photos → 400 (2ms)
2026-09-19 17:12:21 DEBUG [asyncio] Using selector: KqueueSelector
2026-09-19 17:12:21 DEBUG [eta.access] POST /api/errors/scan-photos → 400 (2ms)
2026-09-19 17:12:21 DEBUG [asyncio] Using selector: KqueueSelector
2026-09-19 17:12:21 DEBUG [eta.access] POST /api/errors/scan-photos → 400 (3ms)
2026-09-19 17:12:21 DEBUG [asyncio] Using selector: KqueueSelector
2026-09-19 17:12:21 DEBUG [eta.access] POST /api/errors/scan → 200 (6ms)
2026-09-19 17:12:21 DEBUG [asyncio] Using selector: KqueueSelector
2026-09-19 17:12:21 DEBUG [eta.access] POST /api/errors/scan → 200 (7ms)
2026-09-19 17:12:21 DEBUG [asyncio] Using selector: KqueueSelector
2026-09-19 17:12:21 DEBUG [eta.access] GET /api/errors → 200 (4ms)
2026-09-19 17:12:21 DEBUG [asyncio] Using selector: KqueueSelector
2026-09-19 17:12:21 DEBUG [eta.access] POST /api/errors/confirm-bulk → 200 (5ms)
2026-09-19 17:12:21 DEBUG [asyncio] Using selector: KqueueSelector
2026-09-19 17:12:21 DEBUG [eta.access] GET /api/errors → 200 (3ms)
2026-09-19 17:12:21 DEBUG [asyncio] Using selector: KqueueSelector
2026-09-19 17:12:21 DEBUG [eta.access] POST /api/errors/confirm-bulk → 200 (4ms)
2026-09-19 17:12:21 DEBUG [asyncio] Using selector: KqueueSelector
2026-09-19 17:12:21 DEBUG [eta.access] GET /api/errors → 200 (2ms)
2026-09-19 17:12:21 DEBUG [asyncio] Using selector: KqueueSelector
2026-09-19 17:12:21 DEBUG [eta.access] POST /api/errors/confirm-bulk → 400 (2ms)
2026-09-19 17:12:21 DEBUG [asyncio] Using selector: KqueueSelector
2026-09-19 17:12:21 DEBUG [eta.access] POST /api/students → 200 (4ms)
2026-09-19 17:12:21 DEBUG [asyncio] Using selector: KqueueSelector
2026-09-19 17:12:21 DEBUG [eta.access] POST /api/students → 400 (3ms)
2026-09-19 17:12:21 DEBUG [asyncio] Using selector: KqueueSelector
2026-09-19 17:12:21 DEBUG [eta.access] POST /api/errors/scan → 200 (6ms)
2026-09-19 17:12:21 DEBUG [asyncio] Using selector: KqueueSelector
2026-09-19 17:12:21 DEBUG [eta.access] PUT /api/students/9101 → 200 (5ms)
2026-09-19 17:12:21 DEBUG [asyncio] Using selector: KqueueSelector
2026-09-19 17:12:21 DEBUG [eta.access] GET /api/errors → 200 (3ms)
2026-09-19 17:12:21 DEBUG [asyncio] Using selector: KqueueSelector
2026-09-19 17:12:21 DEBUG [eta.access] POST /api/students → 200 (4ms)
2026-09-19 17:12:21 DEBUG [asyncio] Using selector: KqueueSelector
2026-09-19 17:12:21 DEBUG [eta.access] PUT /api/students/9201 → 400 (2ms)
2026-09-19 17:12:21 DEBUG [asyncio] Using selector: KqueueSelector
2026-09-19 17:12:21 DEBUG [eta.access] DELETE /api/students/9201 → 200 (4ms)
2026-09-19 17:12:21 DEBUG [asyncio] Using selector: KqueueSelector
2026-09-19 17:12:21 DEBUG [eta.access] GET /api/errors → 200 (3ms)
2026-09-19 17:12:21 DEBUG [asyncio] Using selector: KqueueSelector
2026-09-19 17:12:21 DEBUG [eta.access] DELETE /api/students/9201 → 404 (2ms)
2026-09-19 17:12:21 DEBUG [asyncio] Using selector: KqueueSelector
2026-09-19 17:12:21 DEBUG [eta.access] POST /api/students → 200 (4ms)
2026-09-19 17:12:21 DEBUG [asyncio] Using selector: KqueueSelector
2026-09-19 17:12:21 DEBUG [eta.access] POST /api/errors/scan → 200 (7ms)
2026-09-19 17:12:21 DEBUG [asyncio] Using selector: KqueueSelector
2026-09-19 17:12:21 DEBUG [eta.access] DELETE /api/students/9102 → 200 (4ms)
2026-09-19 17:12:21 DEBUG [asyncio] Using selector: KqueueSelector
2026-09-19 17:12:21 DEBUG [eta.access] GET /api/errors → 200 (3ms)
2026-09-19 17:12:21 DEBUG [asyncio] Using selector: KqueueSelector
2026-09-19 17:12:21 DEBUG [eta.access] POST /api/classes → 200 (5ms)
2026-09-19 17:12:21 DEBUG [asyncio] Using selector: KqueueSelector
2026-09-19 17:12:21 DEBUG [eta.access] GET /api/classes → 200 (2ms)
2026-09-19 17:12:21 DEBUG [asyncio] Using selector: KqueueSelector
2026-09-19 17:12:21 DEBUG [eta.access] POST /api/classes → 400 (2ms)
2026-09-19 17:12:21 DEBUG [asyncio] Using selector: KqueueSelector
2026-09-19 17:12:21 DEBUG [eta.access] POST /api/classes → 400 (2ms)
2026-09-19 17:12:21 DEBUG [asyncio] Using selector: KqueueSelector
2026-09-19 17:12:21 DEBUG [eta.access] POST /api/students → 200 (4ms)
2026-09-19 17:12:21 DEBUG [asyncio] Using selector: KqueueSelector
2026-09-19 17:12:21 DEBUG [eta.access] POST /api/errors/scan → 200 (3ms)
2026-09-19 17:12:21 DEBUG [asyncio] Using selector: KqueueSelector
2026-09-19 17:12:21 DEBUG [eta.access] PUT /api/classes/九(1)班 → 200 (5ms)
2026-09-19 17:12:21 DEBUG [asyncio] Using selector: KqueueSelector
2026-09-19 17:12:21 DEBUG [eta.access] GET /api/classes → 200 (1ms)
2026-09-19 17:12:21 DEBUG [asyncio] Using selector: KqueueSelector
2026-09-19 17:12:21 DEBUG [eta.access] GET /api/students → 200 (1ms)
2026-09-19 17:12:21 DEBUG [asyncio] Using selector: KqueueSelector
2026-09-19 17:12:21 DEBUG [eta.access] GET /api/errors → 200 (2ms)
2026-09-19 17:12:21 DEBUG [asyncio] Using selector: KqueueSelector
2026-09-19 17:12:21 DEBUG [eta.access] DELETE /api/classes/九(2)班 → 200 (4ms)
2026-09-19 17:12:21 DEBUG [asyncio] Using selector: KqueueSelector
2026-09-19 17:12:21 DEBUG [eta.access] GET /api/students → 200 (1ms)
2026-09-19 17:12:21 DEBUG [asyncio] Using selector: KqueueSelector
2026-09-19 17:12:21 DEBUG [eta.access] GET /api/errors → 200 (2ms)
2026-09-19 17:12:21 DEBUG [asyncio] Using selector: KqueueSelector
2026-09-19 17:12:21 DEBUG [eta.access] POST /api/classes → 200 (4ms)
2026-09-19 17:12:21 DEBUG [asyncio] Using selector: KqueueSelector
2026-09-19 17:12:21 DEBUG [eta.access] POST /api/classes → 200 (3ms)
2026-09-19 17:12:21 DEBUG [asyncio] Using selector: KqueueSelector
2026-09-19 17:12:21 DEBUG [eta.access] POST /api/students → 200 (4ms)
2026-09-19 17:12:21 DEBUG [asyncio] Using selector: KqueueSelector
2026-09-19 17:12:21 DEBUG [eta.access] PUT /api/classes/九(3)班 → 400 (3ms)
2026-09-19 17:12:21 DEBUG [asyncio] Using selector: KqueueSelector
2026-09-19 17:12:21 DEBUG [eta.access] DELETE /api/classes/九(3)班 → 200 (3ms)
2026-09-19 17:12:21 DEBUG [asyncio] Using selector: KqueueSelector
2026-09-19 17:12:21 DEBUG [eta.access] DELETE /api/classes/九(1)班 → 200 (4ms)
2026-09-19 17:12:21 DEBUG [asyncio] Using selector: KqueueSelector
2026-09-19 17:12:21 DEBUG [eta.access] GET /api/classes → 200 (2ms)
2026-09-19 17:12:21 DEBUG [asyncio] Using selector: KqueueSelector
2026-09-19 17:12:21 DEBUG [eta.access] POST /api/classes → 200 (5ms)
2026-09-19 17:12:21 DEBUG [asyncio] Using selector: KqueueSelector
2026-09-19 17:12:21 DEBUG [eta.access] POST /api/students → 200 (5ms)
2026-09-19 17:12:21 DEBUG [asyncio] Using selector: KqueueSelector
2026-09-19 17:12:21 DEBUG [eta.access] POST /api/errors/scan → 200 (6ms)
2026-09-19 17:12:21 DEBUG [asyncio] Using selector: KqueueSelector
2026-09-19 17:12:21 DEBUG [eta.access] DELETE /api/classes/旧库班 → 200 (4ms)
2026-09-19 17:12:21 DEBUG [asyncio] Using selector: KqueueSelector
2026-09-19 17:12:21 DEBUG [eta.access] POST /api/errors/scan → 200 (5ms)
2026-09-19 17:12:21 DEBUG [asyncio] Using selector: KqueueSelector
2026-09-19 17:12:21 DEBUG [eta.access] POST /api/errors/1/confirm → 200 (4ms)
2026-09-19 17:12:21 DEBUG [asyncio] Using selector: KqueueSelector
2026-09-19 17:12:21 DEBUG [eta.access] POST /api/errors/scan → 200 (4ms)
2026-09-19 17:12:21 DEBUG [asyncio] Using selector: KqueueSelector
2026-09-19 17:12:21 DEBUG [eta.access] POST /api/errors/2/confirm → 200 (4ms)
2026-09-19 17:12:21 DEBUG [asyncio] Using selector: KqueueSelector
2026-09-19 17:12:21 DEBUG [eta.access] POST /api/errors/scan → 200 (4ms)
2026-09-19 17:12:21 DEBUG [asyncio] Using selector: KqueueSelector
2026-09-19 17:12:21 DEBUG [eta.access] POST /api/errors/3/confirm → 200 (5ms)
2026-09-19 17:12:21 DEBUG [asyncio] Using selector: KqueueSelector
2026-09-19 17:12:21 DEBUG [eta.access] POST /api/errors/scan → 200 (4ms)
2026-09-19 17:12:21 DEBUG [asyncio] Using selector: KqueueSelector
2026-09-19 17:12:21 DEBUG [eta.access] POST /api/errors/4/confirm → 200 (4ms)
2026-09-19 17:12:21 DEBUG [asyncio] Using selector: KqueueSelector
2026-09-19 17:12:21 DEBUG [eta.access] POST /api/decision-sheet/ai → 200 (6ms)
2026-09-19 17:12:21 DEBUG [asyncio] Using selector: KqueueSelector
2026-09-19 17:12:21 DEBUG [eta.access] POST /api/decision-sheet/ai → 400 (3ms)
2026-09-19 17:12:21 DEBUG [asyncio] Using selector: KqueueSelector
2026-09-19 17:12:21 DEBUG [eta.access] POST /api/practice/generate → 422 (1ms)
2026-09-19 17:12:21 DEBUG [asyncio] Using selector: KqueueSelector
2026-09-19 17:12:21 DEBUG [eta.access] POST /api/practice/generate → 422 (1ms)
2026-09-19 17:12:21 DEBUG [asyncio] Using selector: KqueueSelector
2026-09-19 17:12:21 DEBUG [eta.access] POST /api/practice/generate → 200 (4ms)
2026-09-19 17:12:21 DEBUG [asyncio] Using selector: KqueueSelector
2026-09-19 17:12:21 DEBUG [eta.access] POST /api/practice/generate → 200 (7ms)
2026-09-19 17:12:21 DEBUG [asyncio] Using selector: KqueueSelector
2026-09-19 17:12:21 DEBUG [eta.access] POST /api/practice/generate → 200 (7ms)
2026-09-19 17:12:21 DEBUG [asyncio] Using selector: KqueueSelector
2026-09-19 17:12:21 DEBUG [eta.access] POST /api/practice/generate → 400 (2ms)
2026-09-19 17:12:21 DEBUG [asyncio] Using selector: KqueueSelector
2026-09-19 17:12:21 DEBUG [eta.access] POST /api/practice/generate → 400 (2ms)
2026-09-19 17:12:21 DEBUG [asyncio] Using selector: KqueueSelector
2026-09-19 17:12:21 DEBUG [eta.access] POST /api/paper/generate → 400 (2ms)
2026-09-19 17:12:21 DEBUG [asyncio] Using selector: KqueueSelector
2026-09-19 17:12:21 DEBUG [eta.access] POST /api/errors/scan → 200 (4ms)
2026-09-19 17:12:21 DEBUG [asyncio] Using selector: KqueueSelector
2026-09-19 17:12:21 DEBUG [eta.access] POST /api/errors/1/confirm → 200 (4ms)
2026-09-19 17:12:21 DEBUG [asyncio] Using selector: KqueueSelector
2026-09-19 17:12:21 DEBUG [eta.access] POST /api/errors/scan → 200 (5ms)
2026-09-19 17:12:21 DEBUG [asyncio] Using selector: KqueueSelector
2026-09-19 17:12:21 DEBUG [eta.access] POST /api/errors/2/confirm → 200 (4ms)
2026-09-19 17:12:21 DEBUG [asyncio] Using selector: KqueueSelector
2026-09-19 17:12:21 DEBUG [eta.access] POST /api/paper/generate → 200 (5ms)
2026-09-19 17:12:21 DEBUG [asyncio] Using selector: KqueueSelector
2026-09-19 17:12:21 DEBUG [eta.access] POST /api/paper/generate → 200 (5ms)
2026-09-19 17:12:21 DEBUG [asyncio] Using selector: KqueueSelector
2026-09-19 17:12:21 DEBUG [eta.access] POST /api/paper/generate → 422 (2ms)
2026-09-19 17:12:21 DEBUG [asyncio] Using selector: KqueueSelector
2026-09-19 17:12:21 DEBUG [eta.access] POST /api/paper/generate → 422 (1ms)
2026-09-19 17:12:21 DEBUG [asyncio] Using selector: KqueueSelector
2026-09-19 17:12:21 DEBUG [eta.access] POST /api/paper/generate → 200 (5ms)
2026-09-19 17:12:21 DEBUG [asyncio] Using selector: KqueueSelector
2026-09-19 17:12:21 DEBUG [eta.access] GET /api/papers → 200 (2ms)
2026-09-19 17:12:21 DEBUG [asyncio] Using selector: KqueueSelector
2026-09-19 17:12:21 DEBUG [eta.access] POST /api/paper/1/approve → 200 (4ms)
2026-09-19 17:12:21 DEBUG [asyncio] Using selector: KqueueSelector
2026-09-19 17:12:21 DEBUG [eta.access] POST /api/paper/1/approve → 404 (2ms)
2026-09-19 17:12:21 DEBUG [asyncio] Using selector: KqueueSelector
2026-09-19 17:12:21 DEBUG [eta.access] GET /api/papers → 200 (2ms)
2026-09-19 17:12:21 DEBUG [asyncio] Using selector: KqueueSelector
2026-09-19 17:12:21 DEBUG [eta.access] POST /api/errors/scan → 200 (4ms)
2026-09-19 17:12:21 DEBUG [asyncio] Using selector: KqueueSelector
2026-09-19 17:12:21 DEBUG [eta.access] POST /api/errors/1/confirm → 200 (4ms)
2026-09-19 17:12:21 DEBUG [asyncio] Using selector: KqueueSelector
2026-09-19 17:12:21 DEBUG [eta.access] POST /api/errors/scan → 200 (5ms)
2026-09-19 17:12:21 DEBUG [asyncio] Using selector: KqueueSelector
2026-09-19 17:12:21 DEBUG [eta.access] POST /api/errors/2/confirm → 200 (4ms)
2026-09-19 17:12:21 DEBUG [asyncio] Using selector: KqueueSelector
2026-09-19 17:12:21 DEBUG [eta.access] POST /api/practice/generate → 200 (5ms)
2026-09-19 17:12:21 DEBUG [asyncio] Using selector: KqueueSelector
2026-09-19 17:12:21 DEBUG [eta.access] POST /api/practice/generate → 200 (5ms)
2026-09-19 17:12:21 DEBUG [asyncio] Using selector: KqueueSelector
2026-09-19 17:12:21 DEBUG [eta.access] POST /api/paper/generate → 200 (4ms)
2026-09-19 17:12:21 DEBUG [asyncio] Using selector: KqueueSelector
2026-09-19 17:12:21 DEBUG [eta.access] POST /api/paper/generate → 400 (3ms)
2026-09-19 17:12:21 DEBUG [asyncio] Using selector: KqueueSelector
2026-09-19 17:12:21 DEBUG [eta.access] POST /api/practice/generate → 200 (4ms)
2026-09-19 17:12:21 DEBUG [asyncio] Using selector: KqueueSelector
2026-09-19 17:12:21 DEBUG [eta.access] POST /api/paper/generate → 200 (5ms)
2026-09-19 17:12:21 DEBUG [asyncio] Using selector: KqueueSelector
2026-09-19 17:12:21 DEBUG [eta.access] POST /api/practice/generate → 200 (6ms)
2026-09-19 17:12:21 DEBUG [asyncio] Using selector: KqueueSelector
2026-09-19 17:12:22 DEBUG [eta.access] GET /api/practices/export → 400 (22ms)
2026-09-19 17:12:22 DEBUG [asyncio] Using selector: KqueueSelector
2026-09-19 17:12:22 DEBUG [eta.access] GET /api/practices/export → 200 (2ms)
2026-09-19 17:12:22 DEBUG [asyncio] Using selector: KqueueSelector
2026-09-19 17:12:22 DEBUG [eta.access] POST /api/practice/1/approve → 200 (3ms)
2026-09-19 17:12:22 DEBUG [asyncio] Using selector: KqueueSelector
2026-09-19 17:12:22 DEBUG [eta.access] GET /api/practices/export → 200 (2ms)
2026-09-19 17:12:22 DEBUG [asyncio] Using selector: KqueueSelector
2026-09-19 17:12:22 DEBUG [eta.access] GET /api/practices/export → 200 (155ms)
2026-09-19 17:12:22 DEBUG [asyncio] Using selector: KqueueSelector
2026-09-19 17:12:22 DEBUG [eta.access] POST /api/practice/generate → 200 (5ms)
2026-09-19 17:12:22 DEBUG [asyncio] Using selector: KqueueSelector
2026-09-19 17:12:22 DEBUG [eta.access] POST /api/practice/2/approve → 200 (11ms)
2026-09-19 17:12:22 DEBUG [asyncio] Using selector: KqueueSelector
2026-09-19 17:12:22 DEBUG [eta.access] GET /api/practices/export → 200 (2ms)
2026-09-19 17:12:22 DEBUG [asyncio] Using selector: KqueueSelector
2026-09-19 17:12:22 DEBUG [eta.access] GET /api/practices/export → 400 (2ms)
2026-09-19 17:12:22 DEBUG [asyncio] Using selector: KqueueSelector
2026-09-19 17:12:22 DEBUG [eta.access] POST /api/errors/scan → 200 (5ms)
2026-09-19 17:12:22 DEBUG [asyncio] Using selector: KqueueSelector
2026-09-19 17:12:22 DEBUG [eta.access] POST /api/errors/1/confirm → 200 (4ms)
2026-09-19 17:12:22 DEBUG [asyncio] Using selector: KqueueSelector
2026-09-19 17:12:22 DEBUG [eta.access] POST /api/errors/scan → 200 (3ms)
2026-09-19 17:12:22 DEBUG [asyncio] Using selector: KqueueSelector
2026-09-19 17:12:22 DEBUG [eta.access] POST /api/errors/2/confirm → 200 (6ms)
2026-09-19 17:12:22 DEBUG [asyncio] Using selector: KqueueSelector
2026-09-19 17:12:22 DEBUG [eta.access] POST /api/paper/generate → 200 (4ms)
2026-09-19 17:12:22 DEBUG [asyncio] Using selector: KqueueSelector
2026-09-19 17:12:22 DEBUG [eta.access] GET /api/papers/1/export → 400 (2ms)
2026-09-19 17:12:22 DEBUG [asyncio] Using selector: KqueueSelector
2026-09-19 17:12:22 DEBUG [eta.access] POST /api/paper/1/approve → 200 (3ms)
2026-09-19 17:12:22 DEBUG [asyncio] Using selector: KqueueSelector
2026-09-19 17:12:22 DEBUG [eta.access] GET /api/papers/1/export → 200 (2ms)
2026-09-19 17:12:22 DEBUG [asyncio] Using selector: KqueueSelector
2026-09-19 17:12:22 DEBUG [eta.access] GET /api/papers/1/export → 200 (39ms)
2026-09-19 17:12:22 DEBUG [asyncio] Using selector: KqueueSelector
2026-09-19 17:12:22 DEBUG [eta.access] GET /api/papers/999/export → 404 (2ms)
2026-09-19 17:12:22 DEBUG [asyncio] Using selector: KqueueSelector
2026-09-19 17:12:22 DEBUG [eta.access] POST /api/classes → 200 (5ms)
2026-09-19 17:12:22 DEBUG [asyncio] Using selector: KqueueSelector
2026-09-19 17:12:22 DEBUG [eta.access] POST /api/students → 200 (3ms)
2026-09-19 17:12:22 DEBUG [asyncio] Using selector: KqueueSelector
2026-09-19 17:12:22 DEBUG [eta.access] POST /api/errors/scan → 200 (7ms)
2026-09-19 17:12:22 DEBUG [asyncio] Using selector: KqueueSelector
2026-09-19 17:12:22 DEBUG [eta.access] POST /api/errors/1/confirm → 200 (5ms)
2026-09-19 17:12:22 DEBUG [asyncio] Using selector: KqueueSelector
2026-09-19 17:12:22 DEBUG [eta.access] POST /api/errors/scan → 200 (6ms)
2026-09-19 17:12:22 DEBUG [asyncio] Using selector: KqueueSelector
2026-09-19 17:12:22 DEBUG [eta.access] POST /api/errors/2/confirm → 200 (4ms)
2026-09-19 17:12:22 DEBUG [asyncio] Using selector: KqueueSelector
2026-09-19 17:12:22 DEBUG [eta.access] POST /api/errors/scan → 200 (7ms)
2026-09-19 17:12:22 DEBUG [asyncio] Using selector: KqueueSelector
2026-09-19 17:12:22 DEBUG [eta.access] POST /api/errors/3/confirm → 200 (4ms)
2026-09-19 17:12:22 DEBUG [asyncio] Using selector: KqueueSelector
2026-09-19 17:12:22 DEBUG [eta.access] POST /api/errors/scan → 200 (6ms)
2026-09-19 17:12:22 DEBUG [asyncio] Using selector: KqueueSelector
2026-09-19 17:12:22 DEBUG [eta.access] POST /api/errors/4/confirm → 200 (5ms)
2026-09-19 17:12:22 DEBUG [asyncio] Using selector: KqueueSelector
2026-09-19 17:12:22 DEBUG [eta.access] POST /api/errors/scan → 200 (6ms)
2026-09-19 17:12:22 DEBUG [asyncio] Using selector: KqueueSelector
2026-09-19 17:12:22 DEBUG [eta.access] POST /api/errors/5/confirm → 200 (4ms)
2026-09-19 17:12:22 DEBUG [asyncio] Using selector: KqueueSelector
2026-09-19 17:12:22 DEBUG [eta.access] GET /api/decision-sheet/export → 200 (7ms)
2026-09-19 17:12:22 DEBUG [asyncio] Using selector: KqueueSelector
2026-09-19 17:12:22 DEBUG [eta.access] GET /api/decision-sheet/export → 200 (51ms)
2026-09-19 17:12:22 DEBUG [asyncio] Using selector: KqueueSelector
2026-09-19 17:12:22 DEBUG [eta.access] POST /api/students/import → 200 (4ms)
2026-09-19 17:12:22 DEBUG [asyncio] Using selector: KqueueSelector
2026-09-19 17:12:22 DEBUG [eta.access] POST /api/errors/scan → 200 (5ms)
2026-09-19 17:12:22 DEBUG [asyncio] Using selector: KqueueSelector
2026-09-19 17:12:22 DEBUG [eta.access] POST /api/errors/1/confirm → 200 (6ms)
2026-09-19 17:12:22 DEBUG [asyncio] Using selector: KqueueSelector
2026-09-19 17:12:22 DEBUG [eta.access] POST /api/errors/scan → 200 (9ms)
2026-09-19 17:12:22 DEBUG [asyncio] Using selector: KqueueSelector
2026-09-19 17:12:22 DEBUG [eta.access] POST /api/errors/2/confirm → 200 (19ms)
2026-09-19 17:12:22 DEBUG [asyncio] Using selector: KqueueSelector
2026-09-19 17:12:22 INFO [eta.export] 导出学生综合信息：2 名学生（class=九(1)班）
2026-09-19 17:12:22 DEBUG [eta.access] GET /api/students/export.csv → 200 (7ms)
2026-09-19 17:12:28 INFO [eta] 日志已就绪：目录 runtime/logs（按天轮转，保留 14 天，终端级别 INFO / 文件级别 DEBUG）
2026-09-19 17:12:28 INFO [eta.providers.agent_chat] 智能体会话调用完成 | 返回 2 字，耗时 0ms
2026-09-19 17:12:28 INFO [eta.providers.agent_chat] 智能体会话调用完成 | 返回 2 字，耗时 0ms
2026-09-19 17:12:28 WARNING [eta.providers.agent_chat] 智能体会话请求失败，2s 后重试一次：connection reset
2026-09-19 17:12:31 WARNING [eta.services.photo_check] 多图联合解析失败，该批降级逐张解析：多图联合失败
2026-09-19 17:12:31 WARNING [eta.services.photo_check] Markdown 结构化失败：DeepSeek 超时
2026-09-19 17:12:31 WARNING [eta.services.photo_check] 智能体会话解析失败，降级 OCR 转录解析：invalid_api_key
2026-09-19 17:12:31 WARNING [eta.services.photo_check] 多图联合解析失败，该批降级逐张解析：多图联合失败（测试桩）
2026-09-19 17:12:31 DEBUG [asyncio] Using selector: KqueueSelector
2026-09-19 17:12:31 DEBUG [eta.access] GET /api/health → 200 (33ms)
2026-09-19 17:12:31 DEBUG [asyncio] Using selector: KqueueSelector
2026-09-19 17:12:31 DEBUG [eta.access] GET /api/ontology → 200 (2ms)
2026-09-19 17:12:31 DEBUG [asyncio] Using selector: KqueueSelector
2026-09-19 17:12:31 DEBUG [eta.access] POST /api/students/import → 200 (4ms)
2026-09-19 17:12:31 DEBUG [asyncio] Using selector: KqueueSelector
2026-09-19 17:12:31 DEBUG [eta.access] GET /api/students → 200 (3ms)
2026-09-19 17:12:31 DEBUG [asyncio] Using selector: KqueueSelector
2026-09-19 17:12:31 DEBUG [eta.access] POST /api/errors/scan → 200 (6ms)
2026-09-19 17:12:31 DEBUG [asyncio] Using selector: KqueueSelector
2026-09-19 17:12:31 DEBUG [eta.access] GET /api/errors → 200 (2ms)
2026-09-19 17:12:31 DEBUG [asyncio] Using selector: KqueueSelector
2026-09-19 17:12:31 DEBUG [eta.access] POST /api/errors/1/confirm → 200 (5ms)
2026-09-19 17:12:31 DEBUG [asyncio] Using selector: KqueueSelector
2026-09-19 17:12:31 DEBUG [eta.access] POST /api/errors/scan → 200 (5ms)
2026-09-19 17:12:31 DEBUG [asyncio] Using selector: KqueueSelector
2026-09-19 17:12:31 DEBUG [eta.access] POST /api/errors/2/confirm → 200 (7ms)
2026-09-19 17:12:31 DEBUG [asyncio] Using selector: KqueueSelector
2026-09-19 17:12:31 DEBUG [eta.access] POST /api/errors/scan → 200 (6ms)
2026-09-19 17:12:31 DEBUG [asyncio] Using selector: KqueueSelector
2026-09-19 17:12:31 DEBUG [eta.access] GET /api/errors → 200 (4ms)
2026-09-19 17:12:31 DEBUG [asyncio] Using selector: KqueueSelector
2026-09-19 17:12:31 DEBUG [eta.access] POST /api/errors/3/confirm → 200 (4ms)
2026-09-19 17:12:31 DEBUG [asyncio] Using selector: KqueueSelector
2026-09-19 17:12:31 DEBUG [eta.access] POST /api/errors/scan → 200 (8ms)
2026-09-19 17:12:31 DEBUG [asyncio] Using selector: KqueueSelector
2026-09-19 17:12:31 DEBUG [eta.access] GET /api/errors → 200 (3ms)
2026-09-19 17:12:31 DEBUG [asyncio] Using selector: KqueueSelector
2026-09-19 17:12:31 DEBUG [eta.access] POST /api/errors/4/confirm → 200 (5ms)
2026-09-19 17:12:31 DEBUG [asyncio] Using selector: KqueueSelector
2026-09-19 17:12:31 DEBUG [eta.access] POST /api/errors/scan → 200 (7ms)
2026-09-19 17:12:31 DEBUG [asyncio] Using selector: KqueueSelector
2026-09-19 17:12:31 DEBUG [eta.access] GET /api/errors → 200 (2ms)
2026-09-19 17:12:31 DEBUG [asyncio] Using selector: KqueueSelector
2026-09-19 17:12:31 DEBUG [eta.access] POST /api/errors/5/confirm → 200 (4ms)
2026-09-19 17:12:31 DEBUG [asyncio] Using selector: KqueueSelector
2026-09-19 17:12:31 DEBUG [eta.access] POST /api/errors/scan → 200 (5ms)
2026-09-19 17:12:31 DEBUG [asyncio] Using selector: KqueueSelector
2026-09-19 17:12:31 DEBUG [eta.access] GET /api/errors → 200 (2ms)
2026-09-19 17:12:31 DEBUG [asyncio] Using selector: KqueueSelector
2026-09-19 17:12:31 DEBUG [eta.access] POST /api/errors/6/confirm → 200 (4ms)
2026-09-19 17:12:31 DEBUG [asyncio] Using selector: KqueueSelector
2026-09-19 17:12:31 DEBUG [eta.access] POST /api/errors/scan → 200 (7ms)
2026-09-19 17:12:31 DEBUG [asyncio] Using selector: KqueueSelector
2026-09-19 17:12:31 DEBUG [eta.access] GET /api/errors → 200 (2ms)
2026-09-19 17:12:31 DEBUG [asyncio] Using selector: KqueueSelector
2026-09-19 17:12:31 DEBUG [eta.access] POST /api/errors/7/confirm → 200 (4ms)
2026-09-19 17:12:31 DEBUG [asyncio] Using selector: KqueueSelector
2026-09-19 17:12:31 DEBUG [eta.access] POST /api/errors/scan → 200 (5ms)
2026-09-19 17:12:31 DEBUG [asyncio] Using selector: KqueueSelector
2026-09-19 17:12:31 DEBUG [eta.access] GET /api/errors → 200 (2ms)
2026-09-19 17:12:31 DEBUG [asyncio] Using selector: KqueueSelector
2026-09-19 17:12:31 DEBUG [eta.access] POST /api/errors/8/confirm → 200 (5ms)
2026-09-19 17:12:31 DEBUG [asyncio] Using selector: KqueueSelector
2026-09-19 17:12:31 DEBUG [eta.access] POST /api/errors/scan → 200 (5ms)
2026-09-19 17:12:31 DEBUG [asyncio] Using selector: KqueueSelector
2026-09-19 17:12:31 DEBUG [eta.access] GET /api/errors → 200 (2ms)
2026-09-19 17:12:31 DEBUG [asyncio] Using selector: KqueueSelector
2026-09-19 17:12:31 DEBUG [eta.access] POST /api/errors/9/confirm → 200 (4ms)
2026-09-19 17:12:31 DEBUG [asyncio] Using selector: KqueueSelector
2026-09-19 17:12:31 DEBUG [eta.access] POST /api/errors/scan → 200 (5ms)
2026-09-19 17:12:31 DEBUG [asyncio] Using selector: KqueueSelector
2026-09-19 17:12:31 DEBUG [eta.access] GET /api/errors → 200 (2ms)
2026-09-19 17:12:31 DEBUG [asyncio] Using selector: KqueueSelector
2026-09-19 17:12:31 DEBUG [eta.access] POST /api/errors/10/confirm → 200 (4ms)
2026-09-19 17:12:31 DEBUG [asyncio] Using selector: KqueueSelector
2026-09-19 17:12:31 DEBUG [eta.access] POST /api/errors/scan → 200 (6ms)
2026-09-19 17:12:31 DEBUG [asyncio] Using selector: KqueueSelector
2026-09-19 17:12:31 DEBUG [eta.access] GET /api/errors → 200 (2ms)
2026-09-19 17:12:31 DEBUG [asyncio] Using selector: KqueueSelector
2026-09-19 17:12:31 DEBUG [eta.access] POST /api/errors/11/confirm → 200 (4ms)
2026-09-19 17:12:31 DEBUG [asyncio] Using selector: KqueueSelector
2026-09-19 17:12:31 DEBUG [eta.access] POST /api/errors/scan → 200 (8ms)
2026-09-19 17:12:31 DEBUG [asyncio] Using selector: KqueueSelector
2026-09-19 17:12:31 DEBUG [eta.access] GET /api/errors → 200 (2ms)
2026-09-19 17:12:31 DEBUG [asyncio] Using selector: KqueueSelector
2026-09-19 17:12:31 DEBUG [eta.access] POST /api/errors/12/confirm → 200 (5ms)
2026-09-19 17:12:31 DEBUG [asyncio] Using selector: KqueueSelector
2026-09-19 17:12:31 DEBUG [eta.access] POST /api/errors/scan → 200 (6ms)
2026-09-19 17:12:31 DEBUG [asyncio] Using selector: KqueueSelector
2026-09-19 17:12:31 DEBUG [eta.access] GET /api/errors → 200 (2ms)
2026-09-19 17:12:31 DEBUG [asyncio] Using selector: KqueueSelector
2026-09-19 17:12:31 DEBUG [eta.access] POST /api/errors/13/confirm → 200 (5ms)
2026-09-19 17:12:31 DEBUG [asyncio] Using selector: KqueueSelector
2026-09-19 17:12:31 DEBUG [eta.access] POST /api/errors/scan → 200 (11ms)
2026-09-19 17:12:31 DEBUG [asyncio] Using selector: KqueueSelector
2026-09-19 17:12:31 DEBUG [eta.access] GET /api/errors → 200 (4ms)
2026-09-19 17:12:31 DEBUG [asyncio] Using selector: KqueueSelector
2026-09-19 17:12:31 DEBUG [eta.access] POST /api/errors/14/confirm → 200 (7ms)
2026-09-19 17:12:31 DEBUG [asyncio] Using selector: KqueueSelector
2026-09-19 17:12:31 DEBUG [eta.access] POST /api/practice/generate → 200 (9ms)
2026-09-19 17:12:31 DEBUG [asyncio] Using selector: KqueueSelector
2026-09-19 17:12:31 DEBUG [eta.access] POST /api/practice/1/approve → 200 (3ms)
2026-09-19 17:12:31 DEBUG [asyncio] Using selector: KqueueSelector
2026-09-19 17:12:31 DEBUG [eta.access] GET /api/decision-sheet → 200 (12ms)
2026-09-19 17:12:31 DEBUG [asyncio] Using selector: KqueueSelector
2026-09-19 17:12:31 DEBUG [eta.access] GET /api/trends/categories → 200 (5ms)
2026-09-19 17:12:31 DEBUG [asyncio] Using selector: KqueueSelector
2026-09-19 17:12:31 DEBUG [eta.access] GET /api/export/errors.csv → 200 (4ms)
2026-09-19 17:12:32 DEBUG [asyncio] Using selector: KqueueSelector
2026-09-19 17:12:32 DEBUG [eta.access] POST /api/errors/scan → 200 (5ms)
2026-09-19 17:12:32 DEBUG [asyncio] Using selector: KqueueSelector
2026-09-19 17:12:32 DEBUG [eta.access] POST /api/errors/scan → 400 (3ms)
2026-09-19 17:12:32 DEBUG [asyncio] Using selector: KqueueSelector
2026-09-19 17:12:32 DEBUG [eta.access] POST /api/errors/scan → 200 (7ms)
2026-09-19 17:12:32 DEBUG [asyncio] Using selector: KqueueSelector
2026-09-19 17:12:32 DEBUG [eta.access] POST /api/errors/1/confirm → 400 (3ms)
2026-09-19 17:12:32 DEBUG [asyncio] Using selector: KqueueSelector
2026-09-19 17:12:32 DEBUG [eta.access] POST /api/students/import → 200 (6ms)
2026-09-19 17:12:32 DEBUG [asyncio] Using selector: KqueueSelector
2026-09-19 17:12:32 DEBUG [eta.access] POST /api/errors/scan-batch → 200 (21ms)
2026-09-19 17:12:32 DEBUG [asyncio] Using selector: KqueueSelector
2026-09-19 17:12:32 DEBUG [eta.access] GET /api/errors → 200 (2ms)
2026-09-19 17:12:32 DEBUG [asyncio] Using selector: KqueueSelector
2026-09-19 17:12:32 DEBUG [eta.access] POST /api/students/import → 200 (7ms)
2026-09-19 17:12:32 DEBUG [asyncio] Using selector: KqueueSelector
2026-09-19 17:12:32 DEBUG [eta.access] POST /api/errors/scan-batch → 200 (54ms)
2026-09-19 17:12:32 DEBUG [asyncio] Using selector: KqueueSelector
2026-09-19 17:12:32 DEBUG [eta.access] POST /api/students/import → 200 (4ms)
2026-09-19 17:12:32 DEBUG [asyncio] Using selector: KqueueSelector
2026-09-19 17:12:32 DEBUG [eta.access] POST /api/errors/scan-batch → 200 (10ms)
2026-09-19 17:12:32 DEBUG [asyncio] Using selector: KqueueSelector
2026-09-19 17:12:32 DEBUG [eta.access] POST /api/students/import → 200 (7ms)
2026-09-19 17:12:32 DEBUG [asyncio] Using selector: KqueueSelector
2026-09-19 17:12:32 DEBUG [eta.access] POST /api/errors/scan-photos → 200 (3ms)
2026-09-19 17:12:32 DEBUG [asyncio] Using selector: KqueueSelector
2026-09-19 17:12:32 DEBUG [eta.access] GET /api/errors → 200 (3ms)
2026-09-19 17:12:32 DEBUG [asyncio] Using selector: KqueueSelector
2026-09-19 17:12:32 DEBUG [eta.access] POST /api/errors/scan-photos-submit → 200 (15ms)
2026-09-19 17:12:32 DEBUG [asyncio] Using selector: KqueueSelector
2026-09-19 17:12:32 DEBUG [eta.access] GET /api/errors → 200 (3ms)
2026-09-19 17:12:32 DEBUG [asyncio] Using selector: KqueueSelector
2026-09-19 17:12:32 DEBUG [eta.access] POST /api/errors/scan-photos → 400 (2ms)
2026-09-19 17:12:32 DEBUG [asyncio] Using selector: KqueueSelector
2026-09-19 17:12:32 DEBUG [eta.access] POST /api/errors/scan-photos → 400 (2ms)
2026-09-19 17:12:32 DEBUG [asyncio] Using selector: KqueueSelector
2026-09-19 17:12:32 DEBUG [eta.access] POST /api/errors/scan-photos → 400 (1ms)
2026-09-19 17:12:32 DEBUG [asyncio] Using selector: KqueueSelector
2026-09-19 17:12:32 DEBUG [eta.access] POST /api/errors/scan → 200 (4ms)
2026-09-19 17:12:32 DEBUG [asyncio] Using selector: KqueueSelector
2026-09-19 17:12:32 DEBUG [eta.access] POST /api/errors/scan → 200 (5ms)
2026-09-19 17:12:32 DEBUG [asyncio] Using selector: KqueueSelector
2026-09-19 17:12:32 DEBUG [eta.access] GET /api/errors → 200 (2ms)
2026-09-19 17:12:32 DEBUG [asyncio] Using selector: KqueueSelector
2026-09-19 17:12:32 DEBUG [eta.access] POST /api/errors/confirm-bulk → 200 (3ms)
2026-09-19 17:12:32 DEBUG [asyncio] Using selector: KqueueSelector
2026-09-19 17:12:32 DEBUG [eta.access] GET /api/errors → 200 (4ms)
2026-09-19 17:12:32 DEBUG [asyncio] Using selector: KqueueSelector
2026-09-19 17:12:32 DEBUG [eta.access] POST /api/errors/confirm-bulk → 200 (3ms)
2026-09-19 17:12:32 DEBUG [asyncio] Using selector: KqueueSelector
2026-09-19 17:12:32 DEBUG [eta.access] GET /api/errors → 200 (2ms)
2026-09-19 17:12:32 DEBUG [asyncio] Using selector: KqueueSelector
2026-09-19 17:12:32 DEBUG [eta.access] POST /api/errors/confirm-bulk → 400 (2ms)
2026-09-19 17:12:32 DEBUG [asyncio] Using selector: KqueueSelector
2026-09-19 17:12:32 DEBUG [eta.access] POST /api/students → 200 (4ms)
2026-09-19 17:12:32 DEBUG [asyncio] Using selector: KqueueSelector
2026-09-19 17:12:32 DEBUG [eta.access] POST /api/students → 400 (2ms)
2026-09-19 17:12:32 DEBUG [asyncio] Using selector: KqueueSelector
2026-09-19 17:12:32 DEBUG [eta.access] POST /api/errors/scan → 200 (5ms)
2026-09-19 17:12:32 DEBUG [asyncio] Using selector: KqueueSelector
2026-09-19 17:12:32 DEBUG [eta.access] PUT /api/students/9101 → 200 (4ms)
2026-09-19 17:12:32 DEBUG [asyncio] Using selector: KqueueSelector
2026-09-19 17:12:32 DEBUG [eta.access] GET /api/errors → 200 (2ms)
2026-09-19 17:12:32 DEBUG [asyncio] Using selector: KqueueSelector
2026-09-19 17:12:32 DEBUG [eta.access] POST /api/students → 200 (4ms)
2026-09-19 17:12:32 DEBUG [asyncio] Using selector: KqueueSelector
2026-09-19 17:12:32 DEBUG [eta.access] PUT /api/students/9201 → 400 (5ms)
2026-09-19 17:12:32 DEBUG [asyncio] Using selector: KqueueSelector
2026-09-19 17:12:32 DEBUG [eta.access] DELETE /api/students/9201 → 200 (5ms)
2026-09-19 17:12:32 DEBUG [asyncio] Using selector: KqueueSelector
2026-09-19 17:12:32 DEBUG [eta.access] GET /api/errors → 200 (2ms)
2026-09-19 17:12:32 DEBUG [asyncio] Using selector: KqueueSelector
2026-09-19 17:12:32 DEBUG [eta.access] DELETE /api/students/9201 → 404 (1ms)
2026-09-19 17:12:32 DEBUG [asyncio] Using selector: KqueueSelector
2026-09-19 17:12:32 DEBUG [eta.access] POST /api/students → 200 (4ms)
2026-09-19 17:12:32 DEBUG [asyncio] Using selector: KqueueSelector
2026-09-19 17:12:32 DEBUG [eta.access] POST /api/errors/scan → 200 (6ms)
2026-09-19 17:12:32 DEBUG [asyncio] Using selector: KqueueSelector
2026-09-19 17:12:32 DEBUG [eta.access] DELETE /api/students/9102 → 200 (4ms)
2026-09-19 17:12:32 DEBUG [asyncio] Using selector: KqueueSelector
2026-09-19 17:12:32 DEBUG [eta.access] GET /api/errors → 200 (2ms)
2026-09-19 17:12:32 DEBUG [asyncio] Using selector: KqueueSelector
2026-09-19 17:12:32 DEBUG [eta.access] POST /api/classes → 200 (5ms)
2026-09-19 17:12:32 DEBUG [asyncio] Using selector: KqueueSelector
2026-09-19 17:12:32 DEBUG [eta.access] GET /api/classes → 200 (2ms)
2026-09-19 17:12:32 DEBUG [asyncio] Using selector: KqueueSelector
2026-09-19 17:12:32 DEBUG [eta.access] POST /api/classes → 400 (2ms)
2026-09-19 17:12:32 DEBUG [asyncio] Using selector: KqueueSelector
2026-09-19 17:12:32 DEBUG [eta.access] POST /api/classes → 400 (2ms)
2026-09-19 17:12:32 DEBUG [asyncio] Using selector: KqueueSelector
2026-09-19 17:12:32 DEBUG [eta.access] POST /api/students → 200 (4ms)
2026-09-19 17:12:32 DEBUG [asyncio] Using selector: KqueueSelector
2026-09-19 17:12:32 DEBUG [eta.access] POST /api/errors/scan → 200 (4ms)
2026-09-19 17:12:32 DEBUG [asyncio] Using selector: KqueueSelector
2026-09-19 17:12:32 DEBUG [eta.access] PUT /api/classes/九(1)班 → 200 (5ms)
2026-09-19 17:12:32 DEBUG [asyncio] Using selector: KqueueSelector
2026-09-19 17:12:32 DEBUG [eta.access] GET /api/classes → 200 (1ms)
2026-09-19 17:12:32 DEBUG [asyncio] Using selector: KqueueSelector
2026-09-19 17:12:32 DEBUG [eta.access] GET /api/students → 200 (2ms)
2026-09-19 17:12:32 DEBUG [asyncio] Using selector: KqueueSelector
2026-09-19 17:12:32 DEBUG [eta.access] GET /api/errors → 200 (2ms)
2026-09-19 17:12:32 DEBUG [asyncio] Using selector: KqueueSelector
2026-09-19 17:12:32 DEBUG [eta.access] DELETE /api/classes/九(2)班 → 200 (5ms)
2026-09-19 17:12:32 DEBUG [asyncio] Using selector: KqueueSelector
2026-09-19 17:12:32 DEBUG [eta.access] GET /api/students → 200 (2ms)
2026-09-19 17:12:32 DEBUG [asyncio] Using selector: KqueueSelector
2026-09-19 17:12:32 DEBUG [eta.access] GET /api/errors → 200 (2ms)
2026-09-19 17:12:32 DEBUG [asyncio] Using selector: KqueueSelector
2026-09-19 17:12:32 DEBUG [eta.access] POST /api/classes → 200 (5ms)
2026-09-19 17:12:32 DEBUG [asyncio] Using selector: KqueueSelector
2026-09-19 17:12:32 DEBUG [eta.access] POST /api/classes → 200 (3ms)
2026-09-19 17:12:32 DEBUG [asyncio] Using selector: KqueueSelector
2026-09-19 17:12:32 DEBUG [eta.access] POST /api/students → 200 (3ms)
2026-09-19 17:12:32 DEBUG [asyncio] Using selector: KqueueSelector
2026-09-19 17:12:32 DEBUG [eta.access] PUT /api/classes/九(3)班 → 400 (3ms)
2026-09-19 17:12:32 DEBUG [asyncio] Using selector: KqueueSelector
2026-09-19 17:12:32 DEBUG [eta.access] DELETE /api/classes/九(3)班 → 200 (3ms)
2026-09-19 17:12:32 DEBUG [asyncio] Using selector: KqueueSelector
2026-09-19 17:12:32 DEBUG [eta.access] DELETE /api/classes/九(1)班 → 200 (3ms)
2026-09-19 17:12:32 DEBUG [asyncio] Using selector: KqueueSelector
2026-09-19 17:12:32 DEBUG [eta.access] GET /api/classes → 200 (1ms)
2026-09-19 17:12:32 DEBUG [asyncio] Using selector: KqueueSelector
2026-09-19 17:12:32 DEBUG [eta.access] POST /api/classes → 200 (3ms)
2026-09-19 17:12:32 DEBUG [asyncio] Using selector: KqueueSelector
2026-09-19 17:12:32 DEBUG [eta.access] POST /api/students → 200 (5ms)
2026-09-19 17:12:32 DEBUG [asyncio] Using selector: KqueueSelector
2026-09-19 17:12:32 DEBUG [eta.access] POST /api/errors/scan → 200 (5ms)
2026-09-19 17:12:32 DEBUG [asyncio] Using selector: KqueueSelector
2026-09-19 17:12:32 DEBUG [eta.access] DELETE /api/classes/旧库班 → 200 (4ms)
2026-09-19 17:12:32 DEBUG [asyncio] Using selector: KqueueSelector
2026-09-19 17:12:32 DEBUG [eta.access] POST /api/errors/scan → 200 (6ms)
2026-09-19 17:12:32 DEBUG [asyncio] Using selector: KqueueSelector
2026-09-19 17:12:32 DEBUG [eta.access] POST /api/errors/1/confirm → 200 (5ms)
2026-09-19 17:12:32 DEBUG [asyncio] Using selector: KqueueSelector
2026-09-19 17:12:32 DEBUG [eta.access] POST /api/errors/scan → 200 (5ms)
2026-09-19 17:12:32 DEBUG [asyncio] Using selector: KqueueSelector
2026-09-19 17:12:32 DEBUG [eta.access] POST /api/errors/2/confirm → 200 (5ms)
2026-09-19 17:12:32 DEBUG [asyncio] Using selector: KqueueSelector
2026-09-19 17:12:32 DEBUG [eta.access] POST /api/errors/scan → 200 (5ms)
2026-09-19 17:12:32 DEBUG [asyncio] Using selector: KqueueSelector
2026-09-19 17:12:32 DEBUG [eta.access] POST /api/errors/3/confirm → 200 (4ms)
2026-09-19 17:12:32 DEBUG [asyncio] Using selector: KqueueSelector
2026-09-19 17:12:32 DEBUG [eta.access] POST /api/errors/scan → 200 (5ms)
2026-09-19 17:12:32 DEBUG [asyncio] Using selector: KqueueSelector
2026-09-19 17:12:32 DEBUG [eta.access] POST /api/errors/4/confirm → 200 (4ms)
2026-09-19 17:12:32 DEBUG [asyncio] Using selector: KqueueSelector
2026-09-19 17:12:32 DEBUG [eta.access] POST /api/decision-sheet/ai → 200 (6ms)
2026-09-19 17:12:32 DEBUG [asyncio] Using selector: KqueueSelector
2026-09-19 17:12:32 DEBUG [eta.access] POST /api/decision-sheet/ai → 400 (3ms)
2026-09-19 17:12:32 DEBUG [asyncio] Using selector: KqueueSelector
2026-09-19 17:12:32 DEBUG [eta.access] POST /api/practice/generate → 422 (1ms)
2026-09-19 17:12:32 DEBUG [asyncio] Using selector: KqueueSelector
2026-09-19 17:12:32 DEBUG [eta.access] POST /api/practice/generate → 422 (1ms)
2026-09-19 17:12:32 DEBUG [asyncio] Using selector: KqueueSelector
2026-09-19 17:12:33 DEBUG [eta.access] POST /api/practice/generate → 200 (5ms)
2026-09-19 17:12:33 DEBUG [asyncio] Using selector: KqueueSelector
2026-09-19 17:12:33 DEBUG [eta.access] POST /api/practice/generate → 200 (6ms)
2026-09-19 17:12:33 DEBUG [asyncio] Using selector: KqueueSelector
2026-09-19 17:12:33 DEBUG [eta.access] POST /api/practice/generate → 200 (5ms)
2026-09-19 17:12:33 DEBUG [asyncio] Using selector: KqueueSelector
2026-09-19 17:12:33 DEBUG [eta.access] POST /api/practice/generate → 400 (1ms)
2026-09-19 17:12:33 DEBUG [asyncio] Using selector: KqueueSelector
2026-09-19 17:12:33 DEBUG [eta.access] POST /api/practice/generate → 400 (3ms)
2026-09-19 17:12:33 DEBUG [asyncio] Using selector: KqueueSelector
2026-09-19 17:12:33 DEBUG [eta.access] POST /api/paper/generate → 400 (2ms)
2026-09-19 17:12:33 DEBUG [asyncio] Using selector: KqueueSelector
2026-09-19 17:12:33 DEBUG [eta.access] POST /api/errors/scan → 200 (4ms)
2026-09-19 17:12:33 DEBUG [asyncio] Using selector: KqueueSelector
2026-09-19 17:12:33 DEBUG [eta.access] POST /api/errors/1/confirm → 200 (3ms)
2026-09-19 17:12:33 DEBUG [asyncio] Using selector: KqueueSelector
2026-09-19 17:12:33 DEBUG [eta.access] POST /api/errors/scan → 200 (4ms)
2026-09-19 17:12:33 DEBUG [asyncio] Using selector: KqueueSelector
2026-09-19 17:12:33 DEBUG [eta.access] POST /api/errors/2/confirm → 200 (5ms)
2026-09-19 17:12:33 DEBUG [asyncio] Using selector: KqueueSelector
2026-09-19 17:12:33 DEBUG [eta.access] POST /api/paper/generate → 200 (5ms)
2026-09-19 17:12:33 DEBUG [asyncio] Using selector: KqueueSelector
2026-09-19 17:12:33 DEBUG [eta.access] POST /api/paper/generate → 200 (4ms)
2026-09-19 17:12:33 DEBUG [asyncio] Using selector: KqueueSelector
2026-09-19 17:12:33 DEBUG [eta.access] POST /api/paper/generate → 422 (2ms)
2026-09-19 17:12:33 DEBUG [asyncio] Using selector: KqueueSelector
2026-09-19 17:12:33 DEBUG [eta.access] POST /api/paper/generate → 422 (1ms)
2026-09-19 17:12:33 DEBUG [asyncio] Using selector: KqueueSelector
2026-09-19 17:12:33 DEBUG [eta.access] POST /api/paper/generate → 200 (3ms)
2026-09-19 17:12:33 DEBUG [asyncio] Using selector: KqueueSelector
2026-09-19 17:12:33 DEBUG [eta.access] GET /api/papers → 200 (3ms)
2026-09-19 17:12:33 DEBUG [asyncio] Using selector: KqueueSelector
2026-09-19 17:12:33 DEBUG [eta.access] POST /api/paper/1/approve → 200 (4ms)
2026-09-19 17:12:33 DEBUG [asyncio] Using selector: KqueueSelector
2026-09-19 17:12:33 DEBUG [eta.access] POST /api/paper/1/approve → 404 (1ms)
2026-09-19 17:12:33 DEBUG [asyncio] Using selector: KqueueSelector
2026-09-19 17:12:33 DEBUG [eta.access] GET /api/papers → 200 (3ms)
2026-09-19 17:12:33 DEBUG [asyncio] Using selector: KqueueSelector
2026-09-19 17:12:33 DEBUG [eta.access] POST /api/errors/scan → 200 (5ms)
2026-09-19 17:12:33 DEBUG [asyncio] Using selector: KqueueSelector
2026-09-19 17:12:33 DEBUG [eta.access] POST /api/errors/1/confirm → 200 (6ms)
2026-09-19 17:12:33 DEBUG [asyncio] Using selector: KqueueSelector
2026-09-19 17:12:33 DEBUG [eta.access] POST /api/errors/scan → 200 (4ms)
2026-09-19 17:12:33 DEBUG [asyncio] Using selector: KqueueSelector
2026-09-19 17:12:33 DEBUG [eta.access] POST /api/errors/2/confirm → 200 (4ms)
2026-09-19 17:12:33 DEBUG [asyncio] Using selector: KqueueSelector
2026-09-19 17:12:33 DEBUG [eta.access] POST /api/practice/generate → 200 (7ms)
2026-09-19 17:12:33 DEBUG [asyncio] Using selector: KqueueSelector
2026-09-19 17:12:33 DEBUG [eta.access] POST /api/practice/generate → 200 (7ms)
2026-09-19 17:12:33 DEBUG [asyncio] Using selector: KqueueSelector
2026-09-19 17:12:33 DEBUG [eta.access] POST /api/paper/generate → 200 (4ms)
2026-09-19 17:12:33 DEBUG [asyncio] Using selector: KqueueSelector
2026-09-19 17:12:33 DEBUG [eta.access] POST /api/paper/generate → 400 (3ms)
2026-09-19 17:12:33 DEBUG [asyncio] Using selector: KqueueSelector
2026-09-19 17:12:33 DEBUG [eta.access] POST /api/practice/generate → 200 (4ms)
2026-09-19 17:12:33 DEBUG [asyncio] Using selector: KqueueSelector
2026-09-19 17:12:33 DEBUG [eta.access] POST /api/paper/generate → 200 (5ms)
2026-09-19 17:12:33 DEBUG [asyncio] Using selector: KqueueSelector
2026-09-19 17:12:33 DEBUG [eta.access] POST /api/practice/generate → 200 (8ms)
2026-09-19 17:12:33 DEBUG [asyncio] Using selector: KqueueSelector
2026-09-19 17:12:33 DEBUG [eta.access] GET /api/practices/export → 400 (26ms)
2026-09-19 17:12:33 DEBUG [asyncio] Using selector: KqueueSelector
2026-09-19 17:12:33 DEBUG [eta.access] GET /api/practices/export → 200 (3ms)
2026-09-19 17:12:33 DEBUG [asyncio] Using selector: KqueueSelector
2026-09-19 17:12:33 DEBUG [eta.access] POST /api/practice/1/approve → 200 (3ms)
2026-09-19 17:12:33 DEBUG [asyncio] Using selector: KqueueSelector
2026-09-19 17:12:33 DEBUG [eta.access] GET /api/practices/export → 200 (2ms)
2026-09-19 17:12:33 DEBUG [asyncio] Using selector: KqueueSelector
2026-09-19 17:12:33 DEBUG [eta.access] GET /api/practices/export → 200 (119ms)
2026-09-19 17:12:33 DEBUG [asyncio] Using selector: KqueueSelector
2026-09-19 17:12:33 DEBUG [eta.access] POST /api/practice/generate → 200 (7ms)
2026-09-19 17:12:33 DEBUG [asyncio] Using selector: KqueueSelector
2026-09-19 17:12:33 DEBUG [eta.access] POST /api/practice/2/approve → 200 (3ms)
2026-09-19 17:12:33 DEBUG [asyncio] Using selector: KqueueSelector
2026-09-19 17:12:33 DEBUG [eta.access] GET /api/practices/export → 200 (2ms)
2026-09-19 17:12:33 DEBUG [asyncio] Using selector: KqueueSelector
2026-09-19 17:12:33 DEBUG [eta.access] GET /api/practices/export → 400 (2ms)
2026-09-19 17:12:33 DEBUG [asyncio] Using selector: KqueueSelector
2026-09-19 17:12:33 DEBUG [eta.access] POST /api/errors/scan → 200 (8ms)
2026-09-19 17:12:33 DEBUG [asyncio] Using selector: KqueueSelector
2026-09-19 17:12:33 DEBUG [eta.access] POST /api/errors/1/confirm → 200 (6ms)
2026-09-19 17:12:33 DEBUG [asyncio] Using selector: KqueueSelector
2026-09-19 17:12:33 DEBUG [eta.access] POST /api/errors/scan → 200 (4ms)
2026-09-19 17:12:33 DEBUG [asyncio] Using selector: KqueueSelector
2026-09-19 17:12:33 DEBUG [eta.access] POST /api/errors/2/confirm → 200 (10ms)
2026-09-19 17:12:33 DEBUG [asyncio] Using selector: KqueueSelector
2026-09-19 17:12:33 DEBUG [eta.access] POST /api/paper/generate → 200 (4ms)
2026-09-19 17:12:33 DEBUG [asyncio] Using selector: KqueueSelector
2026-09-19 17:12:33 DEBUG [eta.access] GET /api/papers/1/export → 400 (2ms)
2026-09-19 17:12:33 DEBUG [asyncio] Using selector: KqueueSelector
2026-09-19 17:12:33 DEBUG [eta.access] POST /api/paper/1/approve → 200 (2ms)
2026-09-19 17:12:33 DEBUG [asyncio] Using selector: KqueueSelector
2026-09-19 17:12:33 DEBUG [eta.access] GET /api/papers/1/export → 200 (2ms)
2026-09-19 17:12:33 DEBUG [asyncio] Using selector: KqueueSelector
2026-09-19 17:12:33 DEBUG [eta.access] GET /api/papers/1/export → 200 (50ms)
2026-09-19 17:12:33 DEBUG [asyncio] Using selector: KqueueSelector
2026-09-19 17:12:33 DEBUG [eta.access] GET /api/papers/999/export → 404 (2ms)
2026-09-19 17:12:33 DEBUG [asyncio] Using selector: KqueueSelector
2026-09-19 17:12:33 DEBUG [eta.access] POST /api/classes → 200 (4ms)
2026-09-19 17:12:33 DEBUG [asyncio] Using selector: KqueueSelector
2026-09-19 17:12:33 DEBUG [eta.access] POST /api/students → 200 (3ms)
2026-09-19 17:12:33 DEBUG [asyncio] Using selector: KqueueSelector
2026-09-19 17:12:33 DEBUG [eta.access] POST /api/errors/scan → 200 (5ms)
2026-09-19 17:12:33 DEBUG [asyncio] Using selector: KqueueSelector
2026-09-19 17:12:33 DEBUG [eta.access] POST /api/errors/1/confirm → 200 (5ms)
2026-09-19 17:12:33 DEBUG [asyncio] Using selector: KqueueSelector
2026-09-19 17:12:33 DEBUG [eta.access] POST /api/errors/scan → 200 (4ms)
2026-09-19 17:12:33 DEBUG [asyncio] Using selector: KqueueSelector
2026-09-19 17:12:33 DEBUG [eta.access] POST /api/errors/2/confirm → 200 (5ms)
2026-09-19 17:12:33 DEBUG [asyncio] Using selector: KqueueSelector
2026-09-19 17:12:33 DEBUG [eta.access] POST /api/errors/scan → 200 (6ms)
2026-09-19 17:12:33 DEBUG [asyncio] Using selector: KqueueSelector
2026-09-19 17:12:33 DEBUG [eta.access] POST /api/errors/3/confirm → 200 (4ms)
2026-09-19 17:12:33 DEBUG [asyncio] Using selector: KqueueSelector
2026-09-19 17:12:33 DEBUG [eta.access] POST /api/errors/scan → 200 (5ms)
2026-09-19 17:12:33 DEBUG [asyncio] Using selector: KqueueSelector
2026-09-19 17:12:33 DEBUG [eta.access] POST /api/errors/4/confirm → 200 (4ms)
2026-09-19 17:12:33 DEBUG [asyncio] Using selector: KqueueSelector
2026-09-19 17:12:33 DEBUG [eta.access] POST /api/errors/scan → 200 (5ms)
2026-09-19 17:12:33 DEBUG [asyncio] Using selector: KqueueSelector
2026-09-19 17:12:33 DEBUG [eta.access] POST /api/errors/5/confirm → 200 (4ms)
2026-09-19 17:12:33 DEBUG [asyncio] Using selector: KqueueSelector
2026-09-19 17:12:33 DEBUG [eta.access] GET /api/decision-sheet/export → 200 (6ms)
2026-09-19 17:12:33 DEBUG [asyncio] Using selector: KqueueSelector
2026-09-19 17:12:33 DEBUG [eta.access] GET /api/decision-sheet/export → 200 (48ms)
2026-09-19 17:12:34 DEBUG [asyncio] Using selector: KqueueSelector
2026-09-19 17:12:34 DEBUG [eta.access] POST /api/students/import → 200 (5ms)
2026-09-19 17:12:34 DEBUG [asyncio] Using selector: KqueueSelector
2026-09-19 17:12:34 DEBUG [eta.access] POST /api/errors/scan → 200 (6ms)
2026-09-19 17:12:34 DEBUG [asyncio] Using selector: KqueueSelector
2026-09-19 17:12:34 DEBUG [eta.access] POST /api/errors/1/confirm → 200 (5ms)
2026-09-19 17:12:34 DEBUG [asyncio] Using selector: KqueueSelector
2026-09-19 17:12:34 DEBUG [eta.access] POST /api/errors/scan → 200 (5ms)
2026-09-19 17:12:34 DEBUG [asyncio] Using selector: KqueueSelector
2026-09-19 17:12:34 DEBUG [eta.access] POST /api/errors/2/confirm → 200 (6ms)
2026-09-19 17:12:34 DEBUG [asyncio] Using selector: KqueueSelector
2026-09-19 17:12:34 INFO [eta.export] 导出学生综合信息：2 名学生（class=九(1)班）
2026-09-19 17:12:34 DEBUG [eta.access] GET /api/students/export.csv → 200 (5ms)
2026-09-19 17:12:34 DEBUG [asyncio] Using selector: KqueueSelector
2026-09-19 17:12:34 DEBUG [eta.access] GET /api/errors/batches → 200 (2ms)
2026-09-19 17:12:34 DEBUG [asyncio] Using selector: KqueueSelector
2026-09-19 17:12:34 DEBUG [eta.access] GET /api/errors/batches → 200 (2ms)
2026-09-19 17:12:34 DEBUG [asyncio] Using selector: KqueueSelector
2026-09-19 17:12:34 DEBUG [eta.access] GET /api/decision-sheet → 200 (7ms)
2026-09-19 17:12:34 DEBUG [asyncio] Using selector: KqueueSelector
2026-09-19 17:12:34 DEBUG [eta.access] GET /api/decision-sheet → 200 (5ms)
2026-09-19 17:12:34 DEBUG [asyncio] Using selector: KqueueSelector
2026-09-19 17:12:34 DEBUG [eta.access] GET /api/dashboard → 200 (6ms)
2026-09-19 17:12:34 DEBUG [asyncio] Using selector: KqueueSelector
2026-09-19 17:12:34 DEBUG [eta.access] GET /api/dashboard → 200 (13ms)
2026-09-19 17:12:34 DEBUG [asyncio] Using selector: KqueueSelector
2026-09-19 17:12:34 DEBUG [eta.access] GET /api/trends/categories → 200 (3ms)
2026-09-19 17:12:34 DEBUG [asyncio] Using selector: KqueueSelector
2026-09-19 17:12:34 DEBUG [eta.access] POST /api/errors/confirm-bulk → 200 (3ms)
2026-09-19 17:12:34 DEBUG [asyncio] Using selector: KqueueSelector
2026-09-19 17:12:34 DEBUG [eta.access] GET /api/dashboard → 200 (8ms)
2026-09-19 17:12:34 DEBUG [asyncio] Using selector: KqueueSelector
2026-09-19 17:12:34 DEBUG [eta.access] GET /api/decision-sheet/export → 200 (4ms)
2026-09-19 17:12:34 DEBUG [asyncio] Using selector: KqueueSelector
2026-09-19 17:12:34 DEBUG [eta.access] POST /api/check/dictation → 200 (14ms)
2026-09-19 17:12:34 DEBUG [asyncio] Using selector: KqueueSelector
2026-09-19 17:12:34 DEBUG [eta.access] GET /api/errors → 200 (3ms)
2026-09-19 17:12:34 DEBUG [asyncio] Using selector: KqueueSelector
2026-09-19 17:12:34 DEBUG [eta.access] GET /api/check/sessions → 200 (2ms)
2026-09-19 17:12:34 DEBUG [asyncio] Using selector: KqueueSelector
2026-09-19 17:12:34 DEBUG [eta.access] GET /api/check/sessions/1 → 200 (4ms)
2026-09-19 17:12:34 DEBUG [asyncio] Using selector: KqueueSelector
2026-09-19 17:12:34 DEBUG [eta.access] POST /api/check/assignment → 200 (15ms)
2026-09-19 17:12:34 DEBUG [asyncio] Using selector: KqueueSelector
2026-09-19 17:12:34 DEBUG [eta.access] GET /api/errors → 200 (2ms)
2026-09-19 17:12:34 DEBUG [asyncio] Using selector: KqueueSelector
2026-09-19 17:12:34 DEBUG [eta.access] POST /api/check/assignment → 200 (11ms)
2026-09-19 17:12:34 DEBUG [asyncio] Using selector: KqueueSelector
2026-09-19 17:12:34 DEBUG [eta.access] GET /api/errors → 200 (3ms)
2026-09-19 17:12:34 DEBUG [asyncio] Using selector: KqueueSelector
2026-09-19 17:12:34 DEBUG [eta.access] POST /api/check/assignment → 200 (4ms)
2026-09-19 17:12:34 DEBUG [asyncio] Using selector: KqueueSelector
2026-09-19 17:12:34 DEBUG [eta.access] POST /api/check/assignment → 200 (11ms)
2026-09-19 17:12:34 DEBUG [asyncio] Using selector: KqueueSelector
2026-09-19 17:12:34 DEBUG [eta.access] POST /api/check/dictation → 400 (2ms)
2026-09-19 17:12:34 DEBUG [asyncio] Using selector: KqueueSelector
2026-09-19 17:12:34 DEBUG [eta.access] POST /api/check/assignment → 400 (2ms)
2026-09-19 17:12:34 DEBUG [asyncio] Using selector: KqueueSelector
2026-09-19 17:12:34 DEBUG [eta.access] GET /api/check/sessions/999999 → 404 (1ms)
2026-09-19 17:12:34 DEBUG [asyncio] Using selector: KqueueSelector
2026-09-19 17:12:34 DEBUG [eta.access] POST /api/check/dictation → 200 (4ms)
2026-09-19 17:12:34 DEBUG [asyncio] Using selector: KqueueSelector
2026-09-19 17:12:34 DEBUG [eta.access] PATCH /api/check/sessions/1 → 200 (5ms)
2026-09-19 17:12:34 DEBUG [asyncio] Using selector: KqueueSelector
2026-09-19 17:12:34 DEBUG [eta.access] GET /api/check/sessions → 200 (2ms)
2026-09-19 17:12:34 DEBUG [asyncio] Using selector: KqueueSelector
2026-09-19 17:12:34 DEBUG [eta.access] POST /api/students/import → 200 (5ms)
2026-09-19 17:12:34 DEBUG [asyncio] Using selector: KqueueSelector
2026-09-19 17:12:35 DEBUG [eta.access] POST /api/check/dictation → 200 (10ms)
2026-09-19 17:12:35 DEBUG [asyncio] Using selector: KqueueSelector
2026-09-19 17:12:35 DEBUG [eta.access] GET /api/check/sessions/1/export → 200 (3ms)
2026-09-19 17:12:35 DEBUG [asyncio] Using selector: KqueueSelector
2026-09-19 17:12:35 DEBUG [eta.access] GET /api/check/sessions/999999/export → 404 (2ms)
2026-09-19 17:12:35 DEBUG [asyncio] Using selector: KqueueSelector
2026-09-19 17:12:35 DEBUG [eta.access] POST /api/students/import → 200 (4ms)
2026-09-19 17:12:35 DEBUG [asyncio] Using selector: KqueueSelector
2026-09-19 17:12:35 DEBUG [eta.access] POST /api/check/dictation → 200 (10ms)
2026-09-19 17:12:35 DEBUG [asyncio] Using selector: KqueueSelector
2026-09-19 17:12:35 INFO [eta.api.check] 导出全部单生批改报告：2 名学生（session=1）
2026-09-19 17:12:35 DEBUG [eta.access] GET /api/check/sessions/1/export-all → 200 (3ms)
2026-09-19 17:12:35 DEBUG [asyncio] Using selector: KqueueSelector
2026-09-19 17:12:35 DEBUG [eta.access] GET /api/check/sessions/999999/export-all → 404 (3ms)
2026-09-19 17:12:35 DEBUG [asyncio] Using selector: KqueueSelector
2026-09-19 17:12:35 DEBUG [eta.access] POST /api/students → 200 (6ms)
2026-09-19 17:12:35 DEBUG [asyncio] Using selector: KqueueSelector
2026-09-19 17:12:35 DEBUG [eta.access] POST /api/students → 200 (6ms)
2026-09-19 17:12:35 DEBUG [asyncio] Using selector: KqueueSelector
2026-09-19 17:12:35 DEBUG [eta.access] POST /api/students → 200 (5ms)
2026-09-19 17:12:35 DEBUG [asyncio] Using selector: KqueueSelector
2026-09-19 17:12:35 DEBUG [eta.access] POST /api/students → 200 (4ms)
2026-09-19 17:12:35 DEBUG [asyncio] Using selector: KqueueSelector
2026-09-19 17:12:35 DEBUG [eta.access] POST /api/students → 200 (7ms)
2026-09-19 17:12:35 DEBUG [asyncio] Using selector: KqueueSelector
2026-09-19 17:12:35 DEBUG [eta.access] POST /api/students → 200 (4ms)
2026-09-19 17:12:35 DEBUG [asyncio] Using selector: KqueueSelector
2026-09-19 17:12:35 DEBUG [eta.access] POST /api/students/S01/cleanup → 200 (6ms)
2026-09-19 17:12:35 DEBUG [asyncio] Using selector: KqueueSelector
2026-09-19 17:12:35 DEBUG [eta.access] GET /api/students/S01/profile → 200 (3ms)
2026-09-19 17:12:35 DEBUG [asyncio] Using selector: KqueueSelector
2026-09-19 17:12:35 DEBUG [eta.access] POST /api/students/S01/cleanup → 200 (5ms)
2026-09-19 17:12:35 DEBUG [asyncio] Using selector: KqueueSelector
2026-09-19 17:12:35 DEBUG [eta.access] GET /api/students/S01/profile → 200 (2ms)
2026-09-19 17:12:35 DEBUG [asyncio] Using selector: KqueueSelector
2026-09-19 17:12:35 DEBUG [eta.access] POST /api/students → 200 (4ms)
2026-09-19 17:12:35 DEBUG [asyncio] Using selector: KqueueSelector
2026-09-19 17:12:35 DEBUG [eta.access] POST /api/students → 200 (4ms)
2026-09-19 17:12:35 DEBUG [asyncio] Using selector: KqueueSelector
2026-09-19 17:12:35 DEBUG [eta.access] POST /api/students/S01/cleanup → 200 (2ms)
2026-09-19 17:12:35 DEBUG [asyncio] Using selector: KqueueSelector
2026-09-19 17:12:35 DEBUG [eta.access] POST /api/students → 200 (4ms)
2026-09-19 17:12:35 DEBUG [asyncio] Using selector: KqueueSelector
2026-09-19 17:12:35 DEBUG [eta.access] POST /api/students → 200 (5ms)
2026-09-19 17:12:35 DEBUG [asyncio] Using selector: KqueueSelector
2026-09-19 17:12:35 DEBUG [eta.access] POST /api/students/S01/cleanup → 200 (4ms)
2026-09-19 17:12:35 DEBUG [asyncio] Using selector: KqueueSelector
2026-09-19 17:12:35 DEBUG [eta.access] POST /api/students → 200 (4ms)
2026-09-19 17:12:35 DEBUG [asyncio] Using selector: KqueueSelector
2026-09-19 17:12:35 DEBUG [eta.access] POST /api/students → 200 (4ms)
2026-09-19 17:12:35 DEBUG [asyncio] Using selector: KqueueSelector
2026-09-19 17:12:35 DEBUG [eta.access] POST /api/students/S01/cleanup → 200 (4ms)
2026-09-19 17:12:35 DEBUG [asyncio] Using selector: KqueueSelector
2026-09-19 17:12:35 DEBUG [eta.access] POST /api/students → 200 (5ms)
2026-09-19 17:12:35 DEBUG [asyncio] Using selector: KqueueSelector
2026-09-19 17:12:35 DEBUG [eta.access] POST /api/students/P01/cleanup → 400 (3ms)
2026-09-19 17:12:35 DEBUG [asyncio] Using selector: KqueueSelector
2026-09-19 17:12:35 DEBUG [eta.access] POST /api/students/P01/cleanup → 400 (3ms)
2026-09-19 17:12:35 DEBUG [asyncio] Using selector: KqueueSelector
2026-09-19 17:12:35 DEBUG [eta.access] POST /api/students/NOPE/cleanup → 404 (2ms)
2026-09-19 17:12:35 DEBUG [asyncio] Using selector: KqueueSelector
2026-09-19 17:12:35 DEBUG [eta.access] POST /api/students → 200 (5ms)
2026-09-19 17:12:35 DEBUG [asyncio] Using selector: KqueueSelector
2026-09-19 17:12:35 DEBUG [eta.access] POST /api/students/V01/cleanup → 400 (2ms)
2026-09-19 17:12:35 WARNING [eta.ocr] dual 文档流 mineru 通道失败（降级继续）：MinerU 链路抖动
2026-09-19 17:12:36 WARNING [eta.ocr] dual 文档流 mineru 通道失败（降级继续）：down
2026-09-19 17:12:36 WARNING [eta.ocr] dual 文档流 paddleocr 通道失败（降级继续）：down
2026-09-19 17:12:36 DEBUG [asyncio] Using selector: KqueueSelector
2026-09-19 17:12:36 ERROR [eta.logs] 浏览器 [ERROR] 页面=#/scan 页面脚本错误
at boot
2026-09-19 17:12:36 DEBUG [eta.access] POST /api/logs/client → 200 (3ms)
2026-09-19 17:12:36 INFO [eta.ocr] MinerU batch=b1 创建，上传图片 (5 bytes)
2026-09-19 17:12:37 WARNING [eta.trace] 运行留痕写入失败：[Errno 20] Not a directory: '/private/var/folders/sh/v4ws268d63928m_6n_jzds6m0000gn/T/pytest-of-zbloom/pytest-24/test_record_never_raises_on_io0/blocker/sub'
2026-09-19 17:12:37 DEBUG [asyncio] Using selector: KqueueSelector
2026-09-19 17:12:37 DEBUG [eta.access] POST /api/check/organize-upload → 200 (3ms)
2026-09-19 17:12:37 DEBUG [asyncio] Using selector: KqueueSelector
2026-09-19 17:12:37 DEBUG [eta.access] POST /api/check/organize-upload → 200 (2ms)
2026-09-19 17:12:37 DEBUG [asyncio] Using selector: KqueueSelector
2026-09-19 17:12:37 DEBUG [eta.access] POST /api/check/organize-upload → 400 (1ms)
2026-09-19 17:12:37 DEBUG [asyncio] Using selector: KqueueSelector
2026-09-19 17:12:37 DEBUG [eta.access] POST /api/students/import → 200 (4ms)
2026-09-19 17:12:37 DEBUG [asyncio] Using selector: KqueueSelector
2026-09-19 17:12:37 DEBUG [eta.access] POST /api/check/photo-parse → 200 (3ms)
2026-09-19 17:12:37 DEBUG [asyncio] Using selector: KqueueSelector
2026-09-19 17:12:37 DEBUG [eta.access] POST /api/check/photo-parse → 200 (4ms)
2026-09-19 17:12:37 DEBUG [asyncio] Using selector: KqueueSelector
2026-09-19 17:12:37 DEBUG [eta.access] POST /api/check/photo-parse → 200 (3ms)
2026-09-19 17:12:37 DEBUG [asyncio] Using selector: KqueueSelector
2026-09-19 17:12:37 WARNING [eta.services.photo_check] 批改读图失败（张三/bad.jpg）：识别失败
2026-09-19 17:12:37 DEBUG [eta.access] POST /api/check/photo-parse → 200 (5ms)
2026-09-19 17:12:37 DEBUG [asyncio] Using selector: KqueueSelector
2026-09-19 17:12:37 DEBUG [eta.access] POST /api/check/photo-parse → 422 (1ms)
2026-09-19 17:12:37 DEBUG [asyncio] Using selector: KqueueSelector
2026-09-19 17:12:37 DEBUG [eta.access] POST /api/students/import → 200 (4ms)
2026-09-19 17:12:37 DEBUG [asyncio] Using selector: KqueueSelector
2026-09-19 17:12:37 DEBUG [eta.access] POST /api/check/assignment → 200 (10ms)
2026-09-19 17:12:37 DEBUG [asyncio] Using selector: KqueueSelector
2026-09-19 17:12:37 DEBUG [eta.access] GET /api/errors → 200 (2ms)
2026-09-19 17:12:37 DEBUG [asyncio] Using selector: KqueueSelector
2026-09-19 17:12:37 DEBUG [eta.access] GET /api/check/sessions/1/files → 200 (3ms)
2026-09-19 17:12:37 DEBUG [asyncio] Using selector: KqueueSelector
2026-09-19 17:12:37 DEBUG [eta.access] GET /api/check/sessions → 200 (2ms)
2026-09-19 17:12:37 DEBUG [asyncio] Using selector: KqueueSelector
2026-09-19 17:12:37 DEBUG [eta.access] POST /api/check/assignment → 200 (7ms)
2026-09-19 17:12:37 DEBUG [asyncio] Using selector: KqueueSelector
2026-09-19 17:12:37 DEBUG [eta.access] GET /api/check/sessions/1 → 200 (3ms)
2026-09-19 17:12:37 DEBUG [asyncio] Using selector: KqueueSelector
2026-09-19 17:12:37 DEBUG [eta.access] POST /api/students/import → 200 (3ms)
2026-09-19 17:12:37 DEBUG [asyncio] Using selector: KqueueSelector
2026-09-19 17:12:37 DEBUG [eta.access] POST /api/check/assignment → 200 (9ms)
2026-09-19 17:12:37 DEBUG [asyncio] Using selector: KqueueSelector
2026-09-19 17:12:37 DEBUG [eta.access] POST /api/students/import → 200 (3ms)
2026-09-19 17:12:37 DEBUG [asyncio] Using selector: KqueueSelector
2026-09-19 17:12:37 DEBUG [eta.access] POST /api/check/assignment → 200 (8ms)
2026-09-19 17:12:37 DEBUG [asyncio] Using selector: KqueueSelector
2026-09-19 17:12:37 DEBUG [eta.access] GET /api/check/sessions → 200 (3ms)
2026-09-19 17:12:37 DEBUG [asyncio] Using selector: KqueueSelector
2026-09-19 17:12:37 DEBUG [eta.access] GET /api/check/sessions → 200 (2ms)
2026-09-19 17:12:37 DEBUG [asyncio] Using selector: KqueueSelector
2026-09-19 17:12:37 DEBUG [eta.access] POST /api/students/import → 200 (3ms)
2026-09-19 17:12:37 DEBUG [asyncio] Using selector: KqueueSelector
2026-09-19 17:12:37 DEBUG [eta.access] POST /api/check/assignment → 200 (9ms)
2026-09-19 17:12:37 DEBUG [asyncio] Using selector: KqueueSelector
2026-09-19 17:12:37 DEBUG [eta.access] GET /api/check/sessions/1/files → 200 (2ms)
2026-09-19 17:12:37 DEBUG [asyncio] Using selector: KqueueSelector
2026-09-19 17:12:38 DEBUG [eta.access] DELETE /api/check/sessions/1 → 200 (3ms)
2026-09-19 17:12:38 DEBUG [asyncio] Using selector: KqueueSelector
2026-09-19 17:12:38 DEBUG [eta.access] GET /api/check/sessions/1 → 404 (1ms)
2026-09-19 17:12:38 DEBUG [asyncio] Using selector: KqueueSelector
2026-09-19 17:12:38 DEBUG [eta.access] GET /api/check/sessions/1/files → 404 (2ms)
2026-09-19 17:12:38 DEBUG [asyncio] Using selector: KqueueSelector
2026-09-19 17:12:38 DEBUG [eta.access] GET /api/errors → 200 (2ms)
2026-09-19 17:12:38 DEBUG [asyncio] Using selector: KqueueSelector
2026-09-19 17:12:38 DEBUG [eta.access] POST /api/students/import → 200 (4ms)
2026-09-19 17:12:38 DEBUG [asyncio] Using selector: KqueueSelector
2026-09-19 17:12:38 DEBUG [eta.access] POST /api/check/assignment → 200 (8ms)
2026-09-19 17:12:38 DEBUG [asyncio] Using selector: KqueueSelector
2026-09-19 17:12:38 DEBUG [eta.access] DELETE /api/check/sessions/2 → 200 (4ms)
2026-09-19 17:12:38 DEBUG [asyncio] Using selector: KqueueSelector
2026-09-19 17:12:38 DEBUG [eta.access] GET /api/errors → 200 (3ms)
2026-09-19 17:12:38 DEBUG [asyncio] Using selector: KqueueSelector
2026-09-19 17:12:38 DEBUG [eta.access] DELETE /api/check/sessions/999999 → 404 (2ms)
2026-09-19 17:12:38 DEBUG [asyncio] Using selector: KqueueSelector
2026-09-19 17:12:38 DEBUG [eta.access] POST /api/students/import → 200 (5ms)
2026-09-19 17:12:38 DEBUG [asyncio] Using selector: KqueueSelector
2026-09-19 17:12:38 DEBUG [eta.access] POST /api/check/photo-parse → 200 (5ms)
2026-09-19 17:12:38 DEBUG [asyncio] Using selector: KqueueSelector
2026-09-19 17:12:38 DEBUG [eta.access] POST /api/check/photo-parse → 200 (2ms)
2026-09-19 17:12:38 DEBUG [asyncio] Using selector: KqueueSelector
2026-09-19 17:12:38 DEBUG [eta.access] POST /api/check/md-reparse → 200 (5ms)
2026-09-19 17:12:38 DEBUG [asyncio] Using selector: KqueueSelector
2026-09-19 17:12:38 DEBUG [eta.access] POST /api/check/md-reparse → 400 (1ms)
2026-09-19 17:12:38 DEBUG [asyncio] Using selector: KqueueSelector
2026-09-19 17:12:38 DEBUG [eta.access] POST /api/students/import → 200 (6ms)
2026-09-19 17:12:38 DEBUG [asyncio] Using selector: KqueueSelector
2026-09-19 17:12:38 DEBUG [eta.access] POST /api/check/assignment → 200 (4ms)
2026-09-19 17:12:38 DEBUG [asyncio] Using selector: KqueueSelector
2026-09-19 17:12:38 DEBUG [eta.access] POST /api/students/import → 200 (4ms)
2026-09-19 17:12:38 DEBUG [asyncio] Using selector: KqueueSelector
2026-09-19 17:12:38 DEBUG [eta.access] POST /api/check/assignment → 200 (4ms)
2026-09-19 17:12:38 DEBUG [asyncio] Using selector: KqueueSelector
2026-09-19 17:12:38 DEBUG [eta.access] GET /api/check/sessions → 200 (2ms)
2026-09-19 17:12:38 DEBUG [asyncio] Using selector: KqueueSelector
2026-09-19 17:12:38 DEBUG [eta.access] GET /api/check/sessions → 200 (3ms)
2026-09-19 17:12:38 DEBUG [asyncio] Using selector: KqueueSelector
2026-09-19 17:12:38 DEBUG [eta.access] GET /api/check/sessions → 200 (2ms)
2026-09-19 17:12:58 INFO [eta] 日志已就绪：目录 runtime/logs（按天轮转，保留 14 天，终端级别 INFO / 文件级别 DEBUG）
2026-09-19 17:12:58 DEBUG [asyncio] Using selector: KqueueSelector
2026-09-19 17:12:58 INFO [eta.main] ════════ 系统启动 ════════
2026-09-19 17:13:00 DEBUG [eta.access] GET / → 200 (53ms)
2026-09-19 17:13:00 DEBUG [eta.access] GET /static/js/base.js → 200 (8ms)
2026-09-19 17:13:00 DEBUG [eta.access] GET /static/js/confirm.js → 200 (1ms)
2026-09-19 17:13:00 DEBUG [eta.access] GET /static/js/lesson.js → 200 (1ms)
2026-09-19 17:13:00 DEBUG [eta.access] GET /static/css/style.css → 200 (1ms)
2026-09-19 17:13:00 DEBUG [eta.access] GET /api/practices → 200 (3ms)
2026-09-19 17:13:01 DEBUG [eta.access] GET /api/papers → 200 (2ms)
2026-09-19 17:13:01 DEBUG [eta.access] GET /api/practices → 200 (2ms)
2026-09-19 17:13:01 DEBUG [eta.access] GET /api/errors → 200 (56ms)
2026-09-19 17:13:08 INFO [eta.main] ════════ 系统停止 ════════
2026-09-19 17:19:40 INFO [eta] 日志已就绪：目录 runtime/logs（按天轮转，保留 14 天，终端级别 INFO / 文件级别 DEBUG）
2026-09-19 17:19:40 DEBUG [asyncio] Using selector: KqueueSelector
2026-09-19 17:19:40 DEBUG [eta.access] GET /api/health → 200 (105ms)
2026-09-19 17:19:40 DEBUG [asyncio] Using selector: KqueueSelector
2026-09-19 17:19:40 DEBUG [eta.access] GET /api/ontology → 200 (5ms)
2026-09-19 17:19:40 DEBUG [asyncio] Using selector: KqueueSelector
2026-09-19 17:19:40 DEBUG [eta.access] POST /api/students/import → 200 (6ms)
2026-09-19 17:19:40 DEBUG [asyncio] Using selector: KqueueSelector
2026-09-19 17:19:40 DEBUG [eta.access] GET /api/students → 200 (2ms)
2026-09-19 17:19:40 DEBUG [asyncio] Using selector: KqueueSelector
2026-09-19 17:19:40 DEBUG [eta.access] POST /api/errors/scan → 200 (7ms)
2026-09-19 17:19:40 DEBUG [asyncio] Using selector: KqueueSelector
2026-09-19 17:19:40 DEBUG [eta.access] GET /api/errors → 200 (2ms)
2026-09-19 17:19:40 DEBUG [asyncio] Using selector: KqueueSelector
2026-09-19 17:19:40 DEBUG [eta.access] POST /api/errors/1/confirm → 200 (5ms)
2026-09-19 17:19:40 DEBUG [asyncio] Using selector: KqueueSelector
2026-09-19 17:19:40 DEBUG [eta.access] POST /api/errors/scan → 200 (6ms)
2026-09-19 17:19:40 DEBUG [asyncio] Using selector: KqueueSelector
2026-09-19 17:19:40 DEBUG [eta.access] POST /api/errors/2/confirm → 200 (4ms)
2026-09-19 17:19:40 DEBUG [asyncio] Using selector: KqueueSelector
2026-09-19 17:19:40 DEBUG [eta.access] POST /api/errors/scan → 200 (7ms)
2026-09-19 17:19:40 DEBUG [asyncio] Using selector: KqueueSelector
2026-09-19 17:19:40 DEBUG [eta.access] GET /api/errors → 200 (2ms)
2026-09-19 17:19:40 DEBUG [asyncio] Using selector: KqueueSelector
2026-09-19 17:19:40 DEBUG [eta.access] POST /api/errors/3/confirm → 200 (4ms)
2026-09-19 17:19:40 DEBUG [asyncio] Using selector: KqueueSelector
2026-09-19 17:19:40 DEBUG [eta.access] POST /api/errors/scan → 200 (6ms)
2026-09-19 17:19:40 DEBUG [asyncio] Using selector: KqueueSelector
2026-09-19 17:19:40 DEBUG [eta.access] GET /api/errors → 200 (2ms)
2026-09-19 17:19:40 DEBUG [asyncio] Using selector: KqueueSelector
2026-09-19 17:19:40 DEBUG [eta.access] POST /api/errors/4/confirm → 200 (4ms)
2026-09-19 17:19:40 DEBUG [asyncio] Using selector: KqueueSelector
2026-09-19 17:19:40 DEBUG [eta.access] POST /api/errors/scan → 200 (7ms)
2026-09-19 17:19:40 DEBUG [asyncio] Using selector: KqueueSelector
2026-09-19 17:19:40 DEBUG [eta.access] GET /api/errors → 200 (2ms)
2026-09-19 17:19:40 DEBUG [asyncio] Using selector: KqueueSelector
2026-09-19 17:19:40 DEBUG [eta.access] POST /api/errors/5/confirm → 200 (4ms)
2026-09-19 17:19:40 DEBUG [asyncio] Using selector: KqueueSelector
2026-09-19 17:19:40 DEBUG [eta.access] POST /api/errors/scan → 200 (6ms)
2026-09-19 17:19:40 DEBUG [asyncio] Using selector: KqueueSelector
2026-09-19 17:19:40 DEBUG [eta.access] GET /api/errors → 200 (2ms)
2026-09-19 17:19:40 DEBUG [asyncio] Using selector: KqueueSelector
2026-09-19 17:19:40 DEBUG [eta.access] POST /api/errors/6/confirm → 200 (5ms)
2026-09-19 17:19:40 DEBUG [asyncio] Using selector: KqueueSelector
2026-09-19 17:19:40 DEBUG [eta.access] POST /api/errors/scan → 200 (7ms)
2026-09-19 17:19:40 DEBUG [asyncio] Using selector: KqueueSelector
2026-09-19 17:19:40 DEBUG [eta.access] GET /api/errors → 200 (5ms)
2026-09-19 17:19:40 DEBUG [asyncio] Using selector: KqueueSelector
2026-09-19 17:19:40 DEBUG [eta.access] POST /api/errors/7/confirm → 200 (7ms)
2026-09-19 17:19:40 DEBUG [asyncio] Using selector: KqueueSelector
2026-09-19 17:19:40 DEBUG [eta.access] POST /api/errors/scan → 200 (11ms)
2026-09-19 17:19:40 DEBUG [asyncio] Using selector: KqueueSelector
2026-09-19 17:19:40 DEBUG [eta.access] GET /api/errors → 200 (4ms)
2026-09-19 17:19:40 DEBUG [asyncio] Using selector: KqueueSelector
2026-09-19 17:19:40 DEBUG [eta.access] POST /api/errors/8/confirm → 200 (6ms)
2026-09-19 17:19:40 DEBUG [asyncio] Using selector: KqueueSelector
2026-09-19 17:19:40 DEBUG [eta.access] POST /api/errors/scan → 200 (9ms)
2026-09-19 17:19:40 DEBUG [asyncio] Using selector: KqueueSelector
2026-09-19 17:19:40 DEBUG [eta.access] GET /api/errors → 200 (3ms)
2026-09-19 17:19:40 DEBUG [asyncio] Using selector: KqueueSelector
2026-09-19 17:19:40 DEBUG [eta.access] POST /api/errors/9/confirm → 200 (7ms)
2026-09-19 17:19:40 DEBUG [asyncio] Using selector: KqueueSelector
2026-09-19 17:19:40 DEBUG [eta.access] POST /api/errors/scan → 200 (13ms)
2026-09-19 17:19:40 DEBUG [asyncio] Using selector: KqueueSelector
2026-09-19 17:19:40 DEBUG [eta.access] GET /api/errors → 200 (13ms)
2026-09-19 17:19:40 DEBUG [asyncio] Using selector: KqueueSelector
2026-09-19 17:19:40 DEBUG [eta.access] POST /api/errors/10/confirm → 200 (6ms)
2026-09-19 17:19:40 DEBUG [asyncio] Using selector: KqueueSelector
2026-09-19 17:19:40 DEBUG [eta.access] POST /api/errors/scan → 200 (8ms)
2026-09-19 17:19:40 DEBUG [asyncio] Using selector: KqueueSelector
2026-09-19 17:19:40 DEBUG [eta.access] GET /api/errors → 200 (3ms)
2026-09-19 17:19:40 DEBUG [asyncio] Using selector: KqueueSelector
2026-09-19 17:19:40 DEBUG [eta.access] POST /api/errors/11/confirm → 200 (5ms)
2026-09-19 17:19:40 DEBUG [asyncio] Using selector: KqueueSelector
2026-09-19 17:19:40 DEBUG [eta.access] POST /api/errors/scan → 200 (7ms)
2026-09-19 17:19:40 DEBUG [asyncio] Using selector: KqueueSelector
2026-09-19 17:19:40 DEBUG [eta.access] GET /api/errors → 200 (2ms)
2026-09-19 17:19:40 DEBUG [asyncio] Using selector: KqueueSelector
2026-09-19 17:19:40 DEBUG [eta.access] POST /api/errors/12/confirm → 200 (10ms)
2026-09-19 17:19:40 DEBUG [asyncio] Using selector: KqueueSelector
2026-09-19 17:19:40 DEBUG [eta.access] POST /api/errors/scan → 200 (11ms)
2026-09-19 17:19:40 DEBUG [asyncio] Using selector: KqueueSelector
2026-09-19 17:19:40 DEBUG [eta.access] GET /api/errors → 200 (5ms)
2026-09-19 17:19:40 DEBUG [asyncio] Using selector: KqueueSelector
2026-09-19 17:19:40 DEBUG [eta.access] POST /api/errors/13/confirm → 200 (5ms)
2026-09-19 17:19:40 DEBUG [asyncio] Using selector: KqueueSelector
2026-09-19 17:19:40 DEBUG [eta.access] POST /api/errors/scan → 200 (8ms)
2026-09-19 17:19:40 DEBUG [asyncio] Using selector: KqueueSelector
2026-09-19 17:19:40 DEBUG [eta.access] GET /api/errors → 200 (2ms)
2026-09-19 17:19:40 DEBUG [asyncio] Using selector: KqueueSelector
2026-09-19 17:19:40 DEBUG [eta.access] POST /api/errors/14/confirm → 200 (5ms)
2026-09-19 17:19:40 DEBUG [asyncio] Using selector: KqueueSelector
2026-09-19 17:19:40 DEBUG [eta.access] POST /api/practice/generate → 200 (5ms)
2026-09-19 17:19:40 DEBUG [asyncio] Using selector: KqueueSelector
2026-09-19 17:19:40 DEBUG [eta.access] POST /api/practice/1/approve → 200 (3ms)
2026-09-19 17:19:40 DEBUG [asyncio] Using selector: KqueueSelector
2026-09-19 17:19:40 DEBUG [eta.access] GET /api/decision-sheet → 200 (7ms)
2026-09-19 17:19:40 DEBUG [asyncio] Using selector: KqueueSelector
2026-09-19 17:19:40 DEBUG [eta.access] GET /api/trends/categories → 200 (4ms)
2026-09-19 17:19:40 DEBUG [asyncio] Using selector: KqueueSelector
2026-09-19 17:19:40 DEBUG [eta.access] GET /api/export/errors.csv → 200 (4ms)
2026-09-19 17:19:40 DEBUG [asyncio] Using selector: KqueueSelector
2026-09-19 17:19:40 DEBUG [eta.access] POST /api/errors/scan → 200 (5ms)
2026-09-19 17:19:40 DEBUG [asyncio] Using selector: KqueueSelector
2026-09-19 17:19:40 DEBUG [eta.access] POST /api/errors/scan → 400 (3ms)
2026-09-19 17:19:40 DEBUG [asyncio] Using selector: KqueueSelector
2026-09-19 17:19:40 DEBUG [eta.access] POST /api/errors/scan → 200 (4ms)
2026-09-19 17:19:40 DEBUG [asyncio] Using selector: KqueueSelector
2026-09-19 17:19:40 DEBUG [eta.access] POST /api/errors/1/confirm → 400 (28ms)
2026-09-19 17:19:40 DEBUG [asyncio] Using selector: KqueueSelector
2026-09-19 17:19:40 DEBUG [eta.access] POST /api/students/import → 200 (4ms)
2026-09-19 17:19:40 DEBUG [asyncio] Using selector: KqueueSelector
2026-09-19 17:19:40 DEBUG [eta.access] POST /api/errors/scan-batch → 200 (13ms)
2026-09-19 17:19:40 DEBUG [asyncio] Using selector: KqueueSelector
2026-09-19 17:19:41 DEBUG [eta.access] GET /api/errors → 200 (3ms)
2026-09-19 17:19:41 DEBUG [asyncio] Using selector: KqueueSelector
2026-09-19 17:19:41 DEBUG [eta.access] POST /api/students/import → 200 (3ms)
2026-09-19 17:19:41 DEBUG [asyncio] Using selector: KqueueSelector
2026-09-19 17:19:41 DEBUG [eta.access] POST /api/errors/scan-batch → 200 (12ms)
2026-09-19 17:19:41 DEBUG [asyncio] Using selector: KqueueSelector
2026-09-19 17:19:41 DEBUG [eta.access] POST /api/students/import → 200 (4ms)
2026-09-19 17:19:41 DEBUG [asyncio] Using selector: KqueueSelector
2026-09-19 17:19:41 DEBUG [eta.access] POST /api/errors/scan-batch → 200 (7ms)
2026-09-19 17:19:41 DEBUG [asyncio] Using selector: KqueueSelector
2026-09-19 17:19:41 DEBUG [eta.access] POST /api/students/import → 200 (4ms)
2026-09-19 17:19:41 DEBUG [asyncio] Using selector: KqueueSelector
2026-09-19 17:19:41 DEBUG [eta.access] POST /api/errors/scan-photos → 200 (3ms)
2026-09-19 17:19:41 DEBUG [asyncio] Using selector: KqueueSelector
2026-09-19 17:19:41 DEBUG [eta.access] GET /api/errors → 200 (2ms)
2026-09-19 17:19:41 DEBUG [asyncio] Using selector: KqueueSelector
2026-09-19 17:19:41 DEBUG [eta.access] POST /api/errors/scan-photos-submit → 200 (15ms)
2026-09-19 17:19:41 DEBUG [asyncio] Using selector: KqueueSelector
2026-09-19 17:19:41 DEBUG [eta.access] GET /api/errors → 200 (8ms)
2026-09-19 17:19:41 DEBUG [asyncio] Using selector: KqueueSelector
2026-09-19 17:19:41 DEBUG [eta.access] POST /api/errors/scan-photos → 400 (1ms)
2026-09-19 17:19:41 DEBUG [asyncio] Using selector: KqueueSelector
2026-09-19 17:19:41 DEBUG [eta.access] POST /api/errors/scan-photos → 400 (2ms)
2026-09-19 17:19:41 DEBUG [asyncio] Using selector: KqueueSelector
2026-09-19 17:19:41 DEBUG [eta.access] POST /api/errors/scan-photos → 400 (1ms)
2026-09-19 17:19:41 DEBUG [asyncio] Using selector: KqueueSelector
2026-09-19 17:19:41 DEBUG [eta.access] POST /api/errors/scan → 200 (4ms)
2026-09-19 17:19:41 DEBUG [asyncio] Using selector: KqueueSelector
2026-09-19 17:19:41 DEBUG [eta.access] POST /api/errors/scan → 200 (4ms)
2026-09-19 17:19:41 DEBUG [asyncio] Using selector: KqueueSelector
2026-09-19 17:19:41 DEBUG [eta.access] GET /api/errors → 200 (5ms)
2026-09-19 17:19:41 DEBUG [asyncio] Using selector: KqueueSelector
2026-09-19 17:19:41 DEBUG [eta.access] POST /api/errors/confirm-bulk → 200 (3ms)
2026-09-19 17:19:41 DEBUG [asyncio] Using selector: KqueueSelector
2026-09-19 17:19:41 DEBUG [eta.access] GET /api/errors → 200 (2ms)
2026-09-19 17:19:41 DEBUG [asyncio] Using selector: KqueueSelector
2026-09-19 17:19:41 DEBUG [eta.access] POST /api/errors/confirm-bulk → 200 (4ms)
2026-09-19 17:19:41 DEBUG [asyncio] Using selector: KqueueSelector
2026-09-19 17:19:41 DEBUG [eta.access] GET /api/errors → 200 (2ms)
2026-09-19 17:19:41 DEBUG [asyncio] Using selector: KqueueSelector
2026-09-19 17:19:41 DEBUG [eta.access] POST /api/errors/confirm-bulk → 400 (2ms)
2026-09-19 17:19:41 DEBUG [asyncio] Using selector: KqueueSelector
2026-09-19 17:19:41 DEBUG [eta.access] POST /api/students → 200 (4ms)
2026-09-19 17:19:41 DEBUG [asyncio] Using selector: KqueueSelector
2026-09-19 17:19:41 DEBUG [eta.access] POST /api/students → 400 (2ms)
2026-09-19 17:19:41 DEBUG [asyncio] Using selector: KqueueSelector
2026-09-19 17:19:41 DEBUG [eta.access] POST /api/errors/scan → 200 (5ms)
2026-09-19 17:19:41 DEBUG [asyncio] Using selector: KqueueSelector
2026-09-19 17:19:41 DEBUG [eta.access] PUT /api/students/9101 → 200 (4ms)
2026-09-19 17:19:41 DEBUG [asyncio] Using selector: KqueueSelector
2026-09-19 17:19:41 DEBUG [eta.access] GET /api/errors → 200 (3ms)
2026-09-19 17:19:41 DEBUG [asyncio] Using selector: KqueueSelector
2026-09-19 17:19:41 DEBUG [eta.access] POST /api/students → 200 (4ms)
2026-09-19 17:19:41 DEBUG [asyncio] Using selector: KqueueSelector
2026-09-19 17:19:41 DEBUG [eta.access] PUT /api/students/9201 → 400 (2ms)
2026-09-19 17:19:41 DEBUG [asyncio] Using selector: KqueueSelector
2026-09-19 17:19:41 DEBUG [eta.access] DELETE /api/students/9201 → 200 (4ms)
2026-09-19 17:19:41 DEBUG [asyncio] Using selector: KqueueSelector
2026-09-19 17:19:41 DEBUG [eta.access] GET /api/errors → 200 (2ms)
2026-09-19 17:19:41 DEBUG [asyncio] Using selector: KqueueSelector
2026-09-19 17:19:41 DEBUG [eta.access] DELETE /api/students/9201 → 404 (1ms)
2026-09-19 17:19:41 DEBUG [asyncio] Using selector: KqueueSelector
2026-09-19 17:19:41 DEBUG [eta.access] POST /api/students → 200 (5ms)
2026-09-19 17:19:41 DEBUG [asyncio] Using selector: KqueueSelector
2026-09-19 17:19:41 DEBUG [eta.access] POST /api/errors/scan → 200 (5ms)
2026-09-19 17:19:41 DEBUG [asyncio] Using selector: KqueueSelector
2026-09-19 17:19:41 DEBUG [eta.access] DELETE /api/students/9102 → 200 (4ms)
2026-09-19 17:19:41 DEBUG [asyncio] Using selector: KqueueSelector
2026-09-19 17:19:41 DEBUG [eta.access] GET /api/errors → 200 (2ms)
2026-09-19 17:19:41 DEBUG [asyncio] Using selector: KqueueSelector
2026-09-19 17:19:41 DEBUG [eta.access] POST /api/classes → 200 (5ms)
2026-09-19 17:19:41 DEBUG [asyncio] Using selector: KqueueSelector
2026-09-19 17:19:41 DEBUG [eta.access] GET /api/classes → 200 (2ms)
2026-09-19 17:19:41 DEBUG [asyncio] Using selector: KqueueSelector
2026-09-19 17:19:41 DEBUG [eta.access] POST /api/classes → 400 (2ms)
2026-09-19 17:19:41 DEBUG [asyncio] Using selector: KqueueSelector
2026-09-19 17:19:41 DEBUG [eta.access] POST /api/classes → 400 (3ms)
2026-09-19 17:19:41 DEBUG [asyncio] Using selector: KqueueSelector
2026-09-19 17:19:41 DEBUG [eta.access] POST /api/students → 200 (3ms)
2026-09-19 17:19:41 DEBUG [asyncio] Using selector: KqueueSelector
2026-09-19 17:19:41 DEBUG [eta.access] POST /api/errors/scan → 200 (4ms)
2026-09-19 17:19:41 DEBUG [asyncio] Using selector: KqueueSelector
2026-09-19 17:19:41 DEBUG [eta.access] PUT /api/classes/九(1)班 → 200 (5ms)
2026-09-19 17:19:41 DEBUG [asyncio] Using selector: KqueueSelector
2026-09-19 17:19:41 DEBUG [eta.access] GET /api/classes → 200 (1ms)
2026-09-19 17:19:41 DEBUG [asyncio] Using selector: KqueueSelector
2026-09-19 17:19:41 DEBUG [eta.access] GET /api/students → 200 (2ms)
2026-09-19 17:19:41 DEBUG [asyncio] Using selector: KqueueSelector
2026-09-19 17:19:41 DEBUG [eta.access] GET /api/errors → 200 (3ms)
2026-09-19 17:19:41 DEBUG [asyncio] Using selector: KqueueSelector
2026-09-19 17:19:41 DEBUG [eta.access] DELETE /api/classes/九(2)班 → 200 (4ms)
2026-09-19 17:19:41 DEBUG [asyncio] Using selector: KqueueSelector
2026-09-19 17:19:41 DEBUG [eta.access] GET /api/students → 200 (2ms)
2026-09-19 17:19:41 DEBUG [asyncio] Using selector: KqueueSelector
2026-09-19 17:19:41 DEBUG [eta.access] GET /api/errors → 200 (2ms)
2026-09-19 17:19:41 DEBUG [asyncio] Using selector: KqueueSelector
2026-09-19 17:19:41 DEBUG [eta.access] POST /api/classes → 200 (4ms)
2026-09-19 17:19:41 DEBUG [asyncio] Using selector: KqueueSelector
2026-09-19 17:19:41 DEBUG [eta.access] POST /api/classes → 200 (3ms)
2026-09-19 17:19:41 DEBUG [asyncio] Using selector: KqueueSelector
2026-09-19 17:19:41 DEBUG [eta.access] POST /api/students → 200 (4ms)
2026-09-19 17:19:41 DEBUG [asyncio] Using selector: KqueueSelector
2026-09-19 17:19:41 DEBUG [eta.access] PUT /api/classes/九(3)班 → 400 (2ms)
2026-09-19 17:19:41 DEBUG [asyncio] Using selector: KqueueSelector
2026-09-19 17:19:41 DEBUG [eta.access] DELETE /api/classes/九(3)班 → 200 (3ms)
2026-09-19 17:19:41 DEBUG [asyncio] Using selector: KqueueSelector
2026-09-19 17:19:41 DEBUG [eta.access] DELETE /api/classes/九(1)班 → 200 (4ms)
2026-09-19 17:19:41 DEBUG [asyncio] Using selector: KqueueSelector
2026-09-19 17:19:41 DEBUG [eta.access] GET /api/classes → 200 (1ms)
2026-09-19 17:19:41 DEBUG [asyncio] Using selector: KqueueSelector
2026-09-19 17:19:41 DEBUG [eta.access] POST /api/classes → 200 (5ms)
2026-09-19 17:19:41 DEBUG [asyncio] Using selector: KqueueSelector
2026-09-19 17:19:41 DEBUG [eta.access] POST /api/students → 200 (6ms)
2026-09-19 17:19:41 DEBUG [asyncio] Using selector: KqueueSelector
2026-09-19 17:19:41 DEBUG [eta.access] POST /api/errors/scan → 200 (9ms)
2026-09-19 17:19:41 DEBUG [asyncio] Using selector: KqueueSelector
2026-09-19 17:19:41 DEBUG [eta.access] DELETE /api/classes/旧库班 → 200 (4ms)
2026-09-19 17:19:41 DEBUG [asyncio] Using selector: KqueueSelector
2026-09-19 17:19:41 DEBUG [eta.access] POST /api/errors/scan → 200 (5ms)
2026-09-19 17:19:41 DEBUG [asyncio] Using selector: KqueueSelector
2026-09-19 17:19:41 DEBUG [eta.access] POST /api/errors/1/confirm → 200 (5ms)
2026-09-19 17:19:41 DEBUG [asyncio] Using selector: KqueueSelector
2026-09-19 17:19:41 DEBUG [eta.access] POST /api/errors/scan → 200 (4ms)
2026-09-19 17:19:41 DEBUG [asyncio] Using selector: KqueueSelector
2026-09-19 17:19:41 DEBUG [eta.access] POST /api/errors/2/confirm → 200 (7ms)
2026-09-19 17:19:41 DEBUG [asyncio] Using selector: KqueueSelector
2026-09-19 17:19:41 DEBUG [eta.access] POST /api/errors/scan → 200 (4ms)
2026-09-19 17:19:41 DEBUG [asyncio] Using selector: KqueueSelector
2026-09-19 17:19:41 DEBUG [eta.access] POST /api/errors/3/confirm → 200 (4ms)
2026-09-19 17:19:41 DEBUG [asyncio] Using selector: KqueueSelector
2026-09-19 17:19:41 DEBUG [eta.access] POST /api/errors/scan → 200 (4ms)
2026-09-19 17:19:41 DEBUG [asyncio] Using selector: KqueueSelector
2026-09-19 17:19:41 DEBUG [eta.access] POST /api/errors/4/confirm → 200 (4ms)
2026-09-19 17:19:41 DEBUG [asyncio] Using selector: KqueueSelector
2026-09-19 17:19:41 DEBUG [eta.access] POST /api/decision-sheet/ai → 200 (9ms)
2026-09-19 17:19:41 DEBUG [asyncio] Using selector: KqueueSelector
2026-09-19 17:19:41 DEBUG [eta.access] POST /api/decision-sheet/ai → 400 (3ms)
2026-09-19 17:19:41 DEBUG [asyncio] Using selector: KqueueSelector
2026-09-19 17:19:41 DEBUG [eta.access] POST /api/practice/generate → 422 (2ms)
2026-09-19 17:19:41 DEBUG [asyncio] Using selector: KqueueSelector
2026-09-19 17:19:41 DEBUG [eta.access] POST /api/practice/generate → 422 (1ms)
2026-09-19 17:19:41 DEBUG [asyncio] Using selector: KqueueSelector
2026-09-19 17:19:41 DEBUG [eta.access] POST /api/practice/generate → 200 (6ms)
2026-09-19 17:19:41 DEBUG [asyncio] Using selector: KqueueSelector
2026-09-19 17:19:41 DEBUG [eta.access] POST /api/practice/generate → 200 (7ms)
2026-09-19 17:19:41 DEBUG [asyncio] Using selector: KqueueSelector
2026-09-19 17:19:41 DEBUG [eta.access] POST /api/practice/generate → 200 (5ms)
2026-09-19 17:19:41 DEBUG [asyncio] Using selector: KqueueSelector
2026-09-19 17:19:41 DEBUG [eta.access] POST /api/practice/generate → 400 (1ms)
2026-09-19 17:19:41 DEBUG [asyncio] Using selector: KqueueSelector
2026-09-19 17:19:41 DEBUG [eta.access] POST /api/practice/generate → 400 (4ms)
2026-09-19 17:19:41 DEBUG [asyncio] Using selector: KqueueSelector
2026-09-19 17:19:41 DEBUG [eta.access] POST /api/paper/generate → 400 (7ms)
2026-09-19 17:19:41 DEBUG [asyncio] Using selector: KqueueSelector
2026-09-19 17:19:41 DEBUG [eta.access] POST /api/errors/scan → 200 (8ms)
2026-09-19 17:19:41 DEBUG [asyncio] Using selector: KqueueSelector
2026-09-19 17:19:41 DEBUG [eta.access] POST /api/errors/1/confirm → 200 (9ms)
2026-09-19 17:19:41 DEBUG [asyncio] Using selector: KqueueSelector
2026-09-19 17:19:41 DEBUG [eta.access] POST /api/errors/scan → 200 (5ms)
2026-09-19 17:19:41 DEBUG [asyncio] Using selector: KqueueSelector
2026-09-19 17:19:41 DEBUG [eta.access] POST /api/errors/2/confirm → 200 (9ms)
2026-09-19 17:19:41 DEBUG [asyncio] Using selector: KqueueSelector
2026-09-19 17:19:41 DEBUG [eta.access] POST /api/paper/generate → 200 (4ms)
2026-09-19 17:19:41 DEBUG [asyncio] Using selector: KqueueSelector
2026-09-19 17:19:41 DEBUG [eta.access] POST /api/paper/generate → 200 (4ms)
2026-09-19 17:19:41 DEBUG [asyncio] Using selector: KqueueSelector
2026-09-19 17:19:41 DEBUG [eta.access] POST /api/paper/generate → 422 (2ms)
2026-09-19 17:19:41 DEBUG [asyncio] Using selector: KqueueSelector
2026-09-19 17:19:41 DEBUG [eta.access] POST /api/paper/generate → 422 (1ms)
2026-09-19 17:19:41 DEBUG [asyncio] Using selector: KqueueSelector
2026-09-19 17:19:41 DEBUG [eta.access] POST /api/paper/generate → 200 (4ms)
2026-09-19 17:19:41 DEBUG [asyncio] Using selector: KqueueSelector
2026-09-19 17:19:41 DEBUG [eta.access] GET /api/papers → 200 (3ms)
2026-09-19 17:19:41 DEBUG [asyncio] Using selector: KqueueSelector
2026-09-19 17:19:41 DEBUG [eta.access] POST /api/paper/1/approve → 200 (3ms)
2026-09-19 17:19:41 DEBUG [asyncio] Using selector: KqueueSelector
2026-09-19 17:19:41 DEBUG [eta.access] POST /api/paper/1/approve → 404 (2ms)
2026-09-19 17:19:41 DEBUG [asyncio] Using selector: KqueueSelector
2026-09-19 17:19:41 DEBUG [eta.access] GET /api/papers → 200 (14ms)
2026-09-19 17:19:42 DEBUG [asyncio] Using selector: KqueueSelector
2026-09-19 17:19:42 DEBUG [eta.access] POST /api/errors/scan → 200 (5ms)
2026-09-19 17:19:42 DEBUG [asyncio] Using selector: KqueueSelector
2026-09-19 17:19:42 DEBUG [eta.access] POST /api/errors/1/confirm → 200 (4ms)
2026-09-19 17:19:42 DEBUG [asyncio] Using selector: KqueueSelector
2026-09-19 17:19:42 DEBUG [eta.access] POST /api/errors/scan → 200 (3ms)
2026-09-19 17:19:42 DEBUG [asyncio] Using selector: KqueueSelector
2026-09-19 17:19:42 DEBUG [eta.access] POST /api/errors/2/confirm → 200 (4ms)
2026-09-19 17:19:42 DEBUG [asyncio] Using selector: KqueueSelector
2026-09-19 17:19:42 DEBUG [eta.access] POST /api/practice/generate → 200 (4ms)
2026-09-19 17:19:42 DEBUG [asyncio] Using selector: KqueueSelector
2026-09-19 17:19:42 DEBUG [eta.access] POST /api/practice/generate → 200 (6ms)
2026-09-19 17:19:42 DEBUG [asyncio] Using selector: KqueueSelector
2026-09-19 17:19:42 DEBUG [eta.access] POST /api/paper/generate → 200 (4ms)
2026-09-19 17:19:42 DEBUG [asyncio] Using selector: KqueueSelector
2026-09-19 17:19:42 DEBUG [eta.access] POST /api/paper/generate → 400 (7ms)
2026-09-19 17:19:42 DEBUG [asyncio] Using selector: KqueueSelector
2026-09-19 17:19:42 DEBUG [eta.access] POST /api/practice/generate → 200 (4ms)
2026-09-19 17:19:42 DEBUG [asyncio] Using selector: KqueueSelector
2026-09-19 17:19:42 DEBUG [eta.access] POST /api/paper/generate → 200 (7ms)
2026-09-19 17:19:42 DEBUG [asyncio] Using selector: KqueueSelector
2026-09-19 17:19:42 DEBUG [eta.access] POST /api/practice/generate → 200 (7ms)
2026-09-19 17:19:42 DEBUG [asyncio] Using selector: KqueueSelector
2026-09-19 17:19:42 DEBUG [eta.access] GET /api/practices/export → 400 (32ms)
2026-09-19 17:19:42 DEBUG [asyncio] Using selector: KqueueSelector
2026-09-19 17:19:42 DEBUG [eta.access] GET /api/practices/export → 200 (2ms)
2026-09-19 17:19:42 DEBUG [asyncio] Using selector: KqueueSelector
2026-09-19 17:19:42 DEBUG [eta.access] POST /api/practice/1/approve → 200 (3ms)
2026-09-19 17:19:42 DEBUG [asyncio] Using selector: KqueueSelector
2026-09-19 17:19:42 DEBUG [eta.access] GET /api/practices/export → 200 (2ms)
2026-09-19 17:19:42 DEBUG [asyncio] Using selector: KqueueSelector
2026-09-19 17:19:42 DEBUG [eta.access] GET /api/practices/export → 200 (138ms)
2026-09-19 17:19:42 DEBUG [asyncio] Using selector: KqueueSelector
2026-09-19 17:19:42 DEBUG [eta.access] POST /api/practice/generate → 200 (7ms)
2026-09-19 17:19:42 DEBUG [asyncio] Using selector: KqueueSelector
2026-09-19 17:19:42 DEBUG [eta.access] POST /api/practice/2/approve → 200 (9ms)
2026-09-19 17:19:42 DEBUG [asyncio] Using selector: KqueueSelector
2026-09-19 17:19:42 DEBUG [eta.access] GET /api/practices/export → 200 (3ms)
2026-09-19 17:19:42 DEBUG [asyncio] Using selector: KqueueSelector
2026-09-19 17:19:42 DEBUG [eta.access] GET /api/practices/export → 400 (1ms)
2026-09-19 17:19:42 DEBUG [asyncio] Using selector: KqueueSelector
2026-09-19 17:19:42 DEBUG [eta.access] POST /api/errors/scan → 200 (7ms)
2026-09-19 17:19:42 DEBUG [asyncio] Using selector: KqueueSelector
2026-09-19 17:19:42 DEBUG [eta.access] POST /api/errors/1/confirm → 200 (5ms)
2026-09-19 17:19:42 DEBUG [asyncio] Using selector: KqueueSelector
2026-09-19 17:19:42 DEBUG [eta.access] POST /api/errors/scan → 200 (4ms)
2026-09-19 17:19:42 DEBUG [asyncio] Using selector: KqueueSelector
2026-09-19 17:19:42 DEBUG [eta.access] POST /api/errors/2/confirm → 200 (10ms)
2026-09-19 17:19:42 DEBUG [asyncio] Using selector: KqueueSelector
2026-09-19 17:19:42 DEBUG [eta.access] POST /api/paper/generate → 200 (4ms)
2026-09-19 17:19:42 DEBUG [asyncio] Using selector: KqueueSelector
2026-09-19 17:19:42 DEBUG [eta.access] GET /api/papers/1/export → 400 (3ms)
2026-09-19 17:19:42 DEBUG [asyncio] Using selector: KqueueSelector
2026-09-19 17:19:42 DEBUG [eta.access] POST /api/paper/1/approve → 200 (3ms)
2026-09-19 17:19:42 DEBUG [asyncio] Using selector: KqueueSelector
2026-09-19 17:19:42 DEBUG [eta.access] GET /api/papers/1/export → 200 (3ms)
2026-09-19 17:19:42 DEBUG [asyncio] Using selector: KqueueSelector
2026-09-19 17:19:42 DEBUG [eta.access] GET /api/papers/1/export → 200 (53ms)
2026-09-19 17:19:42 DEBUG [asyncio] Using selector: KqueueSelector
2026-09-19 17:19:42 DEBUG [eta.access] GET /api/papers/999/export → 404 (2ms)
2026-09-19 17:19:42 DEBUG [asyncio] Using selector: KqueueSelector
2026-09-19 17:19:42 DEBUG [eta.access] POST /api/classes → 200 (4ms)
2026-09-19 17:19:42 DEBUG [asyncio] Using selector: KqueueSelector
2026-09-19 17:19:42 DEBUG [eta.access] POST /api/students → 200 (4ms)
2026-09-19 17:19:42 DEBUG [asyncio] Using selector: KqueueSelector
2026-09-19 17:19:42 DEBUG [eta.access] POST /api/errors/scan → 200 (8ms)
2026-09-19 17:19:42 DEBUG [asyncio] Using selector: KqueueSelector
2026-09-19 17:19:42 DEBUG [eta.access] POST /api/errors/1/confirm → 200 (12ms)
2026-09-19 17:19:42 DEBUG [asyncio] Using selector: KqueueSelector
2026-09-19 17:19:42 DEBUG [eta.access] POST /api/errors/scan → 200 (19ms)
2026-09-19 17:19:42 DEBUG [asyncio] Using selector: KqueueSelector
2026-09-19 17:19:42 DEBUG [eta.access] POST /api/errors/2/confirm → 200 (9ms)
2026-09-19 17:19:42 DEBUG [asyncio] Using selector: KqueueSelector
2026-09-19 17:19:42 DEBUG [eta.access] POST /api/errors/scan → 200 (6ms)
2026-09-19 17:19:42 DEBUG [asyncio] Using selector: KqueueSelector
2026-09-19 17:19:42 DEBUG [eta.access] POST /api/errors/3/confirm → 200 (4ms)
2026-09-19 17:19:42 DEBUG [asyncio] Using selector: KqueueSelector
2026-09-19 17:19:42 DEBUG [eta.access] POST /api/errors/scan → 200 (5ms)
2026-09-19 17:19:42 DEBUG [asyncio] Using selector: KqueueSelector
2026-09-19 17:19:42 DEBUG [eta.access] POST /api/errors/4/confirm → 200 (5ms)
2026-09-19 17:19:42 DEBUG [asyncio] Using selector: KqueueSelector
2026-09-19 17:19:42 DEBUG [eta.access] POST /api/errors/scan → 200 (4ms)
2026-09-19 17:19:42 DEBUG [asyncio] Using selector: KqueueSelector
2026-09-19 17:19:42 DEBUG [eta.access] POST /api/errors/5/confirm → 200 (4ms)
2026-09-19 17:19:42 DEBUG [asyncio] Using selector: KqueueSelector
2026-09-19 17:19:42 DEBUG [eta.access] GET /api/decision-sheet/export → 200 (5ms)
2026-09-19 17:19:42 DEBUG [asyncio] Using selector: KqueueSelector
2026-09-19 17:19:42 DEBUG [eta.access] GET /api/decision-sheet/export → 200 (48ms)
2026-09-19 17:19:42 DEBUG [asyncio] Using selector: KqueueSelector
2026-09-19 17:19:42 DEBUG [eta.access] POST /api/students/import → 200 (4ms)
2026-09-19 17:19:42 DEBUG [asyncio] Using selector: KqueueSelector
2026-09-19 17:19:42 DEBUG [eta.access] POST /api/errors/scan → 200 (7ms)
2026-09-19 17:19:42 DEBUG [asyncio] Using selector: KqueueSelector
2026-09-19 17:19:42 DEBUG [eta.access] POST /api/errors/1/confirm → 200 (4ms)
2026-09-19 17:19:42 DEBUG [asyncio] Using selector: KqueueSelector
2026-09-19 17:19:42 DEBUG [eta.access] POST /api/errors/scan → 200 (6ms)
2026-09-19 17:19:42 DEBUG [asyncio] Using selector: KqueueSelector
2026-09-19 17:19:42 DEBUG [eta.access] POST /api/errors/2/confirm → 200 (17ms)
2026-09-19 17:19:42 DEBUG [asyncio] Using selector: KqueueSelector
2026-09-19 17:19:42 INFO [eta.export] 导出学生综合信息：2 名学生（class=九(1)班）
2026-09-19 17:19:42 DEBUG [eta.access] GET /api/students/export.csv → 200 (5ms)
2026-09-19 17:19:42 DEBUG [asyncio] Using selector: KqueueSelector
2026-09-19 17:19:42 DEBUG [eta.access] POST /api/students → 200 (4ms)
2026-09-19 17:19:42 DEBUG [asyncio] Using selector: KqueueSelector
2026-09-19 17:19:43 DEBUG [eta.access] GET /api/students/S01/profile → 200 (7ms)
2026-09-19 17:19:43 DEBUG [asyncio] Using selector: KqueueSelector
2026-09-19 17:19:43 DEBUG [eta.access] POST /api/students → 200 (4ms)
2026-09-19 17:19:43 DEBUG [asyncio] Using selector: KqueueSelector
2026-09-19 17:19:43 DEBUG [eta.access] POST /api/students → 200 (4ms)
2026-09-19 17:19:43 DEBUG [asyncio] Using selector: KqueueSelector
2026-09-19 17:19:43 INFO [eta.export] 导出学生错题档案报告：S01
2026-09-19 17:19:43 ERROR [eta.access] 请求异常 GET /api/students/S01/report
Traceback (most recent call last):
  File "/Users/zbloom/Desktop/LYQ/CHUANG_AI/eta-assistant/app/main.py", line 53, in log_requests
    response = await call_next(request)
               ^^^^^^^^^^^^^^^^^^^^^^^^
  File "/Users/zbloom/Desktop/LYQ/CHUANG_AI/eta-assistant/.venv/lib/python3.12/site-packages/starlette/middleware/base.py", line 168, in call_next
    raise app_exc from app_exc.__cause__ or app_exc.__context__
  File "/Users/zbloom/Desktop/LYQ/CHUANG_AI/eta-assistant/.venv/lib/python3.12/site-packages/starlette/middleware/base.py", line 144, in coro
    await self.app(scope, receive_or_disconnect, send_no_error)
  File "/Users/zbloom/Desktop/LYQ/CHUANG_AI/eta-assistant/.venv/lib/python3.12/site-packages/starlette/middleware/exceptions.py", line 63, in __call__
    await wrap_app_handling_exceptions(self.app, conn)(scope, receive, send)
  File "/Users/zbloom/Desktop/LYQ/CHUANG_AI/eta-assistant/.venv/lib/python3.12/site-packages/starlette/_exception_handler.py", line 53, in wrapped_app
    raise exc
  File "/Users/zbloom/Desktop/LYQ/CHUANG_AI/eta-assistant/.venv/lib/python3.12/site-packages/starlette/_exception_handler.py", line 42, in wrapped_app
    await app(scope, receive, sender)
  File "/Users/zbloom/Desktop/LYQ/CHUANG_AI/eta-assistant/.venv/lib/python3.12/site-packages/fastapi/middleware/asyncexitstack.py", line 18, in __call__
    await self.app(scope, receive, send)
  File "/Users/zbloom/Desktop/LYQ/CHUANG_AI/eta-assistant/.venv/lib/python3.12/site-packages/starlette/routing.py", line 670, in __call__
    await self.middleware_stack(scope, receive, send)
  File "/Users/zbloom/Desktop/LYQ/CHUANG_AI/eta-assistant/.venv/lib/python3.12/site-packages/fastapi/routing.py", line 2734, in app
    await route.handle(scope, receive, send)
  File "/Users/zbloom/Desktop/LYQ/CHUANG_AI/eta-assistant/.venv/lib/python3.12/site-packages/fastapi/routing.py", line 1780, in handle
    await self.original_router.handle(scope, receive, send)
  File "/Users/zbloom/Desktop/LYQ/CHUANG_AI/eta-assistant/.venv/lib/python3.12/site-packages/fastapi/routing.py", line 2789, in handle
    await included_router._handle_selected(scope, receive, send)
  File "/Users/zbloom/Desktop/LYQ/CHUANG_AI/eta-assistant/.venv/lib/python3.12/site-packages/fastapi/routing.py", line 1800, in _handle_selected
    await original_route.handle(scope, receive, send)
  File "/Users/zbloom/Desktop/LYQ/CHUANG_AI/eta-assistant/.venv/lib/python3.12/site-packages/fastapi/routing.py", line 1279, in handle
    await app(scope, receive, send)
  File "/Users/zbloom/Desktop/LYQ/CHUANG_AI/eta-assistant/.venv/lib/python3.12/site-packages/fastapi/routing.py", line 158, in app
    await wrap_app_handling_exceptions(app, request)(scope, receive, send)
  File "/Users/zbloom/Desktop/LYQ/CHUANG_AI/eta-assistant/.venv/lib/python3.12/site-packages/starlette/_exception_handler.py", line 53, in wrapped_app
    raise exc
  File "/Users/zbloom/Desktop/LYQ/CHUANG_AI/eta-assistant/.venv/lib/python3.12/site-packages/starlette/_exception_handler.py", line 42, in wrapped_app
    await app(scope, receive, sender)
  File "/Users/zbloom/Desktop/LYQ/CHUANG_AI/eta-assistant/.venv/lib/python3.12/site-packages/fastapi/routing.py", line 144, in app
    response = await f(request)
               ^^^^^^^^^^^^^^^^
  File "/Users/zbloom/Desktop/LYQ/CHUANG_AI/eta-assistant/.venv/lib/python3.12/site-packages/fastapi/routing.py", line 706, in app
    raw_response = await run_endpoint_function(
                   ^^^^^^^^^^^^^^^^^^^^^^^^^^^^
  File "/Users/zbloom/Desktop/LYQ/CHUANG_AI/eta-assistant/.venv/lib/python3.12/site-packages/fastapi/routing.py", line 354, in run_endpoint_function
    return await run_in_threadpool(dependant.call, **values)
           ^^^^^^^^^^^^^^^^^^^^^^^^^^^^^^^^^^^^^^^^^^^^^^^^^
  File "/Users/zbloom/Desktop/LYQ/CHUANG_AI/eta-assistant/.venv/lib/python3.12/site-packages/starlette/concurrency.py", line 34, in run_in_threadpool
    return await anyio.to_thread.run_sync(func)
           ^^^^^^^^^^^^^^^^^^^^^^^^^^^^^^^^^^^^
  File "/Users/zbloom/Desktop/LYQ/CHUANG_AI/eta-assistant/.venv/lib/python3.12/site-packages/anyio/to_thread.py", line 65, in run_sync
    return await get_async_backend().run_sync_in_worker_thread(
           ^^^^^^^^^^^^^^^^^^^^^^^^^^^^^^^^^^^^^^^^^^^^^^^^^^^^
  File "/Users/zbloom/Desktop/LYQ/CHUANG_AI/eta-assistant/.venv/lib/python3.12/site-packages/anyio/_backends/_asyncio.py", line 2706, in run_sync_in_worker_thread
    return await future
           ^^^^^^^^^^^^
  File "/Users/zbloom/Desktop/LYQ/CHUANG_AI/eta-assistant/.venv/lib/python3.12/site-packages/anyio/_backends/_asyncio.py", line 1100, in run
    result = context.run(func, *args)
             ^^^^^^^^^^^^^^^^^^^^^^^^
  File "/Users/zbloom/Desktop/LYQ/CHUANG_AI/eta-assistant/app/api/export_routes.py", line 173, in export_student_report
    return HTMLResponse(export_docs.render_student_trend_report_html(p))
                        ^^^^^^^^^^^^^^^^^^^^^^^^^^^^^^^^^^^^^^^^^^^^^^^
  File "/Users/zbloom/Desktop/LYQ/CHUANG_AI/eta-assistant/app/services/export_docs.py", line 613, in render_student_trend_report_html
    cat_rows = "".join(
               ^^^^^^^^
  File "/Users/zbloom/Desktop/LYQ/CHUANG_AI/eta-assistant/app/services/export_docs.py", line 617, in <genexpr>
    _esc(ontology.category_name(c["category_id"])),
         ^^^^^^^^
NameError: name 'ontology' is not defined
2026-09-19 17:19:43 ERROR [eta.main] 未处理异常 GET /api/students/S01/report
Traceback (most recent call last):
  File "/Users/zbloom/Desktop/LYQ/CHUANG_AI/eta-assistant/.venv/lib/python3.12/site-packages/starlette/middleware/errors.py", line 164, in __call__
    await self.app(scope, receive, _send)
  File "/Users/zbloom/Desktop/LYQ/CHUANG_AI/eta-assistant/.venv/lib/python3.12/site-packages/starlette/middleware/base.py", line 193, in __call__
    response = await self.dispatch_func(request, call_next)
               ^^^^^^^^^^^^^^^^^^^^^^^^^^^^^^^^^^^^^^^^^^^^
  File "/Users/zbloom/Desktop/LYQ/CHUANG_AI/eta-assistant/app/main.py", line 53, in log_requests
    response = await call_next(request)
               ^^^^^^^^^^^^^^^^^^^^^^^^
  File "/Users/zbloom/Desktop/LYQ/CHUANG_AI/eta-assistant/.venv/lib/python3.12/site-packages/starlette/middleware/base.py", line 168, in call_next
    raise app_exc from app_exc.__cause__ or app_exc.__context__
  File "/Users/zbloom/Desktop/LYQ/CHUANG_AI/eta-assistant/.venv/lib/python3.12/site-packages/starlette/middleware/base.py", line 144, in coro
    await self.app(scope, receive_or_disconnect, send_no_error)
  File "/Users/zbloom/Desktop/LYQ/CHUANG_AI/eta-assistant/.venv/lib/python3.12/site-packages/starlette/middleware/exceptions.py", line 63, in __call__
    await wrap_app_handling_exceptions(self.app, conn)(scope, receive, send)
  File "/Users/zbloom/Desktop/LYQ/CHUANG_AI/eta-assistant/.venv/lib/python3.12/site-packages/starlette/_exception_handler.py", line 53, in wrapped_app
    raise exc
  File "/Users/zbloom/Desktop/LYQ/CHUANG_AI/eta-assistant/.venv/lib/python3.12/site-packages/starlette/_exception_handler.py", line 42, in wrapped_app
    await app(scope, receive, sender)
  File "/Users/zbloom/Desktop/LYQ/CHUANG_AI/eta-assistant/.venv/lib/python3.12/site-packages/fastapi/middleware/asyncexitstack.py", line 18, in __call__
    await self.app(scope, receive, send)
  File "/Users/zbloom/Desktop/LYQ/CHUANG_AI/eta-assistant/.venv/lib/python3.12/site-packages/starlette/routing.py", line 670, in __call__
    await self.middleware_stack(scope, receive, send)
  File "/Users/zbloom/Desktop/LYQ/CHUANG_AI/eta-assistant/.venv/lib/python3.12/site-packages/fastapi/routing.py", line 2734, in app
    await route.handle(scope, receive, send)
  File "/Users/zbloom/Desktop/LYQ/CHUANG_AI/eta-assistant/.venv/lib/python3.12/site-packages/fastapi/routing.py", line 1780, in handle
    await self.original_router.handle(scope, receive, send)
  File "/Users/zbloom/Desktop/LYQ/CHUANG_AI/eta-assistant/.venv/lib/python3.12/site-packages/fastapi/routing.py", line 2789, in handle
    await included_router._handle_selected(scope, receive, send)
  File "/Users/zbloom/Desktop/LYQ/CHUANG_AI/eta-assistant/.venv/lib/python3.12/site-packages/fastapi/routing.py", line 1800, in _handle_selected
    await original_route.handle(scope, receive, send)
  File "/Users/zbloom/Desktop/LYQ/CHUANG_AI/eta-assistant/.venv/lib/python3.12/site-packages/fastapi/routing.py", line 1279, in handle
    await app(scope, receive, send)
  File "/Users/zbloom/Desktop/LYQ/CHUANG_AI/eta-assistant/.venv/lib/python3.12/site-packages/fastapi/routing.py", line 158, in app
    await wrap_app_handling_exceptions(app, request)(scope, receive, send)
  File "/Users/zbloom/Desktop/LYQ/CHUANG_AI/eta-assistant/.venv/lib/python3.12/site-packages/starlette/_exception_handler.py", line 53, in wrapped_app
    raise exc
  File "/Users/zbloom/Desktop/LYQ/CHUANG_AI/eta-assistant/.venv/lib/python3.12/site-packages/starlette/_exception_handler.py", line 42, in wrapped_app
    await app(scope, receive, sender)
  File "/Users/zbloom/Desktop/LYQ/CHUANG_AI/eta-assistant/.venv/lib/python3.12/site-packages/fastapi/routing.py", line 144, in app
    response = await f(request)
               ^^^^^^^^^^^^^^^^
  File "/Users/zbloom/Desktop/LYQ/CHUANG_AI/eta-assistant/.venv/lib/python3.12/site-packages/fastapi/routing.py", line 706, in app
    raw_response = await run_endpoint_function(
                   ^^^^^^^^^^^^^^^^^^^^^^^^^^^^
  File "/Users/zbloom/Desktop/LYQ/CHUANG_AI/eta-assistant/.venv/lib/python3.12/site-packages/fastapi/routing.py", line 354, in run_endpoint_function
    return await run_in_threadpool(dependant.call, **values)
           ^^^^^^^^^^^^^^^^^^^^^^^^^^^^^^^^^^^^^^^^^^^^^^^^^
  File "/Users/zbloom/Desktop/LYQ/CHUANG_AI/eta-assistant/.venv/lib/python3.12/site-packages/starlette/concurrency.py", line 34, in run_in_threadpool
    return await anyio.to_thread.run_sync(func)
           ^^^^^^^^^^^^^^^^^^^^^^^^^^^^^^^^^^^^
  File "/Users/zbloom/Desktop/LYQ/CHUANG_AI/eta-assistant/.venv/lib/python3.12/site-packages/anyio/to_thread.py", line 65, in run_sync
    return await get_async_backend().run_sync_in_worker_thread(
           ^^^^^^^^^^^^^^^^^^^^^^^^^^^^^^^^^^^^^^^^^^^^^^^^^^^^
  File "/Users/zbloom/Desktop/LYQ/CHUANG_AI/eta-assistant/.venv/lib/python3.12/site-packages/anyio/_backends/_asyncio.py", line 2706, in run_sync_in_worker_thread
    return await future
           ^^^^^^^^^^^^
  File "/Users/zbloom/Desktop/LYQ/CHUANG_AI/eta-assistant/.venv/lib/python3.12/site-packages/anyio/_backends/_asyncio.py", line 1100, in run
    result = context.run(func, *args)
             ^^^^^^^^^^^^^^^^^^^^^^^^
  File "/Users/zbloom/Desktop/LYQ/CHUANG_AI/eta-assistant/app/api/export_routes.py", line 173, in export_student_report
    return HTMLResponse(export_docs.render_student_trend_report_html(p))
                        ^^^^^^^^^^^^^^^^^^^^^^^^^^^^^^^^^^^^^^^^^^^^^^^
  File "/Users/zbloom/Desktop/LYQ/CHUANG_AI/eta-assistant/app/services/export_docs.py", line 613, in render_student_trend_report_html
    cat_rows = "".join(
               ^^^^^^^^
  File "/Users/zbloom/Desktop/LYQ/CHUANG_AI/eta-assistant/app/services/export_docs.py", line 617, in <genexpr>
    _esc(ontology.category_name(c["category_id"])),
         ^^^^^^^^
NameError: name 'ontology' is not defined
2026-09-19 17:19:48 INFO [eta] 日志已就绪：目录 runtime/logs（按天轮转，保留 14 天，终端级别 INFO / 文件级别 DEBUG）
2026-09-19 17:19:48 DEBUG [asyncio] Using selector: KqueueSelector
2026-09-19 17:19:48 DEBUG [eta.access] POST /api/students → 200 (34ms)
2026-09-19 17:19:48 DEBUG [asyncio] Using selector: KqueueSelector
2026-09-19 17:19:48 DEBUG [eta.access] POST /api/students → 200 (4ms)
2026-09-19 17:19:48 DEBUG [asyncio] Using selector: KqueueSelector
2026-09-19 17:19:48 INFO [eta.export] 导出学生错题档案报告：S01
2026-09-19 17:19:48 ERROR [eta.access] 请求异常 GET /api/students/S01/report
Traceback (most recent call last):
  File "/Users/zbloom/Desktop/LYQ/CHUANG_AI/eta-assistant/app/main.py", line 53, in log_requests
    response = await call_next(request)
               ^^^^^^^^^^^^^^^^^^^^^^^^
  File "/Users/zbloom/Desktop/LYQ/CHUANG_AI/eta-assistant/.venv/lib/python3.12/site-packages/starlette/middleware/base.py", line 168, in call_next
    raise app_exc from app_exc.__cause__ or app_exc.__context__
  File "/Users/zbloom/Desktop/LYQ/CHUANG_AI/eta-assistant/.venv/lib/python3.12/site-packages/starlette/middleware/base.py", line 144, in coro
    await self.app(scope, receive_or_disconnect, send_no_error)
  File "/Users/zbloom/Desktop/LYQ/CHUANG_AI/eta-assistant/.venv/lib/python3.12/site-packages/starlette/middleware/exceptions.py", line 63, in __call__
    await wrap_app_handling_exceptions(self.app, conn)(scope, receive, send)
  File "/Users/zbloom/Desktop/LYQ/CHUANG_AI/eta-assistant/.venv/lib/python3.12/site-packages/starlette/_exception_handler.py", line 53, in wrapped_app
    raise exc
  File "/Users/zbloom/Desktop/LYQ/CHUANG_AI/eta-assistant/.venv/lib/python3.12/site-packages/starlette/_exception_handler.py", line 42, in wrapped_app
    await app(scope, receive, sender)
  File "/Users/zbloom/Desktop/LYQ/CHUANG_AI/eta-assistant/.venv/lib/python3.12/site-packages/fastapi/middleware/asyncexitstack.py", line 18, in __call__
    await self.app(scope, receive, send)
  File "/Users/zbloom/Desktop/LYQ/CHUANG_AI/eta-assistant/.venv/lib/python3.12/site-packages/starlette/routing.py", line 670, in __call__
    await self.middleware_stack(scope, receive, send)
  File "/Users/zbloom/Desktop/LYQ/CHUANG_AI/eta-assistant/.venv/lib/python3.12/site-packages/fastapi/routing.py", line 2734, in app
    await route.handle(scope, receive, send)
  File "/Users/zbloom/Desktop/LYQ/CHUANG_AI/eta-assistant/.venv/lib/python3.12/site-packages/fastapi/routing.py", line 1780, in handle
    await self.original_router.handle(scope, receive, send)
  File "/Users/zbloom/Desktop/LYQ/CHUANG_AI/eta-assistant/.venv/lib/python3.12/site-packages/fastapi/routing.py", line 2789, in handle
    await included_router._handle_selected(scope, receive, send)
  File "/Users/zbloom/Desktop/LYQ/CHUANG_AI/eta-assistant/.venv/lib/python3.12/site-packages/fastapi/routing.py", line 1800, in _handle_selected
    await original_route.handle(scope, receive, send)
  File "/Users/zbloom/Desktop/LYQ/CHUANG_AI/eta-assistant/.venv/lib/python3.12/site-packages/fastapi/routing.py", line 1279, in handle
    await app(scope, receive, send)
  File "/Users/zbloom/Desktop/LYQ/CHUANG_AI/eta-assistant/.venv/lib/python3.12/site-packages/fastapi/routing.py", line 158, in app
    await wrap_app_handling_exceptions(app, request)(scope, receive, send)
  File "/Users/zbloom/Desktop/LYQ/CHUANG_AI/eta-assistant/.venv/lib/python3.12/site-packages/starlette/_exception_handler.py", line 53, in wrapped_app
    raise exc
  File "/Users/zbloom/Desktop/LYQ/CHUANG_AI/eta-assistant/.venv/lib/python3.12/site-packages/starlette/_exception_handler.py", line 42, in wrapped_app
    await app(scope, receive, sender)
  File "/Users/zbloom/Desktop/LYQ/CHUANG_AI/eta-assistant/.venv/lib/python3.12/site-packages/fastapi/routing.py", line 144, in app
    response = await f(request)
               ^^^^^^^^^^^^^^^^
  File "/Users/zbloom/Desktop/LYQ/CHUANG_AI/eta-assistant/.venv/lib/python3.12/site-packages/fastapi/routing.py", line 706, in app
    raw_response = await run_endpoint_function(
                   ^^^^^^^^^^^^^^^^^^^^^^^^^^^^
  File "/Users/zbloom/Desktop/LYQ/CHUANG_AI/eta-assistant/.venv/lib/python3.12/site-packages/fastapi/routing.py", line 354, in run_endpoint_function
    return await run_in_threadpool(dependant.call, **values)
           ^^^^^^^^^^^^^^^^^^^^^^^^^^^^^^^^^^^^^^^^^^^^^^^^^
  File "/Users/zbloom/Desktop/LYQ/CHUANG_AI/eta-assistant/.venv/lib/python3.12/site-packages/starlette/concurrency.py", line 34, in run_in_threadpool
    return await anyio.to_thread.run_sync(func)
           ^^^^^^^^^^^^^^^^^^^^^^^^^^^^^^^^^^^^
  File "/Users/zbloom/Desktop/LYQ/CHUANG_AI/eta-assistant/.venv/lib/python3.12/site-packages/anyio/to_thread.py", line 65, in run_sync
    return await get_async_backend().run_sync_in_worker_thread(
           ^^^^^^^^^^^^^^^^^^^^^^^^^^^^^^^^^^^^^^^^^^^^^^^^^^^^
  File "/Users/zbloom/Desktop/LYQ/CHUANG_AI/eta-assistant/.venv/lib/python3.12/site-packages/anyio/_backends/_asyncio.py", line 2706, in run_sync_in_worker_thread
    return await future
           ^^^^^^^^^^^^
  File "/Users/zbloom/Desktop/LYQ/CHUANG_AI/eta-assistant/.venv/lib/python3.12/site-packages/anyio/_backends/_asyncio.py", line 1100, in run
    result = context.run(func, *args)
             ^^^^^^^^^^^^^^^^^^^^^^^^
  File "/Users/zbloom/Desktop/LYQ/CHUANG_AI/eta-assistant/app/api/export_routes.py", line 173, in export_student_report
    return HTMLResponse(export_docs.render_student_trend_report_html(p))
                        ^^^^^^^^^^^^^^^^^^^^^^^^^^^^^^^^^^^^^^^^^^^^^^^
  File "/Users/zbloom/Desktop/LYQ/CHUANG_AI/eta-assistant/app/services/export_docs.py", line 613, in render_student_trend_report_html
    cat_rows = "".join(
               ^^^^^^^^
  File "/Users/zbloom/Desktop/LYQ/CHUANG_AI/eta-assistant/app/services/export_docs.py", line 617, in <genexpr>
    _esc(ontology.category_name(c["category_id"])),
         ^^^^^^^^
NameError: name 'ontology' is not defined
2026-09-19 17:19:48 ERROR [eta.main] 未处理异常 GET /api/students/S01/report
Traceback (most recent call last):
  File "/Users/zbloom/Desktop/LYQ/CHUANG_AI/eta-assistant/.venv/lib/python3.12/site-packages/starlette/middleware/errors.py", line 164, in __call__
    await self.app(scope, receive, _send)
  File "/Users/zbloom/Desktop/LYQ/CHUANG_AI/eta-assistant/.venv/lib/python3.12/site-packages/starlette/middleware/base.py", line 193, in __call__
    response = await self.dispatch_func(request, call_next)
               ^^^^^^^^^^^^^^^^^^^^^^^^^^^^^^^^^^^^^^^^^^^^
  File "/Users/zbloom/Desktop/LYQ/CHUANG_AI/eta-assistant/app/main.py", line 53, in log_requests
    response = await call_next(request)
               ^^^^^^^^^^^^^^^^^^^^^^^^
  File "/Users/zbloom/Desktop/LYQ/CHUANG_AI/eta-assistant/.venv/lib/python3.12/site-packages/starlette/middleware/base.py", line 168, in call_next
    raise app_exc from app_exc.__cause__ or app_exc.__context__
  File "/Users/zbloom/Desktop/LYQ/CHUANG_AI/eta-assistant/.venv/lib/python3.12/site-packages/starlette/middleware/base.py", line 144, in coro
    await self.app(scope, receive_or_disconnect, send_no_error)
  File "/Users/zbloom/Desktop/LYQ/CHUANG_AI/eta-assistant/.venv/lib/python3.12/site-packages/starlette/middleware/exceptions.py", line 63, in __call__
    await wrap_app_handling_exceptions(self.app, conn)(scope, receive, send)
  File "/Users/zbloom/Desktop/LYQ/CHUANG_AI/eta-assistant/.venv/lib/python3.12/site-packages/starlette/_exception_handler.py", line 53, in wrapped_app
    raise exc
  File "/Users/zbloom/Desktop/LYQ/CHUANG_AI/eta-assistant/.venv/lib/python3.12/site-packages/starlette/_exception_handler.py", line 42, in wrapped_app
    await app(scope, receive, sender)
  File "/Users/zbloom/Desktop/LYQ/CHUANG_AI/eta-assistant/.venv/lib/python3.12/site-packages/fastapi/middleware/asyncexitstack.py", line 18, in __call__
    await self.app(scope, receive, send)
  File "/Users/zbloom/Desktop/LYQ/CHUANG_AI/eta-assistant/.venv/lib/python3.12/site-packages/starlette/routing.py", line 670, in __call__
    await self.middleware_stack(scope, receive, send)
  File "/Users/zbloom/Desktop/LYQ/CHUANG_AI/eta-assistant/.venv/lib/python3.12/site-packages/fastapi/routing.py", line 2734, in app
    await route.handle(scope, receive, send)
  File "/Users/zbloom/Desktop/LYQ/CHUANG_AI/eta-assistant/.venv/lib/python3.12/site-packages/fastapi/routing.py", line 1780, in handle
    await self.original_router.handle(scope, receive, send)
  File "/Users/zbloom/Desktop/LYQ/CHUANG_AI/eta-assistant/.venv/lib/python3.12/site-packages/fastapi/routing.py", line 2789, in handle
    await included_router._handle_selected(scope, receive, send)
  File "/Users/zbloom/Desktop/LYQ/CHUANG_AI/eta-assistant/.venv/lib/python3.12/site-packages/fastapi/routing.py", line 1800, in _handle_selected
    await original_route.handle(scope, receive, send)
  File "/Users/zbloom/Desktop/LYQ/CHUANG_AI/eta-assistant/.venv/lib/python3.12/site-packages/fastapi/routing.py", line 1279, in handle
    await app(scope, receive, send)
  File "/Users/zbloom/Desktop/LYQ/CHUANG_AI/eta-assistant/.venv/lib/python3.12/site-packages/fastapi/routing.py", line 158, in app
    await wrap_app_handling_exceptions(app, request)(scope, receive, send)
  File "/Users/zbloom/Desktop/LYQ/CHUANG_AI/eta-assistant/.venv/lib/python3.12/site-packages/starlette/_exception_handler.py", line 53, in wrapped_app
    raise exc
  File "/Users/zbloom/Desktop/LYQ/CHUANG_AI/eta-assistant/.venv/lib/python3.12/site-packages/starlette/_exception_handler.py", line 42, in wrapped_app
    await app(scope, receive, sender)
  File "/Users/zbloom/Desktop/LYQ/CHUANG_AI/eta-assistant/.venv/lib/python3.12/site-packages/fastapi/routing.py", line 144, in app
    response = await f(request)
               ^^^^^^^^^^^^^^^^
  File "/Users/zbloom/Desktop/LYQ/CHUANG_AI/eta-assistant/.venv/lib/python3.12/site-packages/fastapi/routing.py", line 706, in app
    raw_response = await run_endpoint_function(
                   ^^^^^^^^^^^^^^^^^^^^^^^^^^^^
  File "/Users/zbloom/Desktop/LYQ/CHUANG_AI/eta-assistant/.venv/lib/python3.12/site-packages/fastapi/routing.py", line 354, in run_endpoint_function
    return await run_in_threadpool(dependant.call, **values)
           ^^^^^^^^^^^^^^^^^^^^^^^^^^^^^^^^^^^^^^^^^^^^^^^^^
  File "/Users/zbloom/Desktop/LYQ/CHUANG_AI/eta-assistant/.venv/lib/python3.12/site-packages/starlette/concurrency.py", line 34, in run_in_threadpool
    return await anyio.to_thread.run_sync(func)
           ^^^^^^^^^^^^^^^^^^^^^^^^^^^^^^^^^^^^
  File "/Users/zbloom/Desktop/LYQ/CHUANG_AI/eta-assistant/.venv/lib/python3.12/site-packages/anyio/to_thread.py", line 65, in run_sync
    return await get_async_backend().run_sync_in_worker_thread(
           ^^^^^^^^^^^^^^^^^^^^^^^^^^^^^^^^^^^^^^^^^^^^^^^^^^^^
  File "/Users/zbloom/Desktop/LYQ/CHUANG_AI/eta-assistant/.venv/lib/python3.12/site-packages/anyio/_backends/_asyncio.py", line 2706, in run_sync_in_worker_thread
    return await future
           ^^^^^^^^^^^^
  File "/Users/zbloom/Desktop/LYQ/CHUANG_AI/eta-assistant/.venv/lib/python3.12/site-packages/anyio/_backends/_asyncio.py", line 1100, in run
    result = context.run(func, *args)
             ^^^^^^^^^^^^^^^^^^^^^^^^
  File "/Users/zbloom/Desktop/LYQ/CHUANG_AI/eta-assistant/app/api/export_routes.py", line 173, in export_student_report
    return HTMLResponse(export_docs.render_student_trend_report_html(p))
                        ^^^^^^^^^^^^^^^^^^^^^^^^^^^^^^^^^^^^^^^^^^^^^^^
  File "/Users/zbloom/Desktop/LYQ/CHUANG_AI/eta-assistant/app/services/export_docs.py", line 613, in render_student_trend_report_html
    cat_rows = "".join(
               ^^^^^^^^
  File "/Users/zbloom/Desktop/LYQ/CHUANG_AI/eta-assistant/app/services/export_docs.py", line 617, in <genexpr>
    _esc(ontology.category_name(c["category_id"])),
         ^^^^^^^^
NameError: name 'ontology' is not defined
2026-09-19 17:20:06 INFO [eta] 日志已就绪：目录 runtime/logs（按天轮转，保留 14 天，终端级别 INFO / 文件级别 DEBUG）
2026-09-19 17:20:06 DEBUG [asyncio] Using selector: KqueueSelector
2026-09-19 17:20:06 DEBUG [eta.access] POST /api/students → 200 (35ms)
2026-09-19 17:20:06 DEBUG [asyncio] Using selector: KqueueSelector
2026-09-19 17:20:06 DEBUG [eta.access] POST /api/students → 200 (5ms)
2026-09-19 17:20:06 DEBUG [asyncio] Using selector: KqueueSelector
2026-09-19 17:20:06 INFO [eta.export] 导出学生错题档案报告：S01
2026-09-19 17:20:06 ERROR [eta.access] 请求异常 GET /api/students/S01/report
Traceback (most recent call last):
  File "/Users/zbloom/Desktop/LYQ/CHUANG_AI/eta-assistant/app/main.py", line 53, in log_requests
    response = await call_next(request)
               ^^^^^^^^^^^^^^^^^^^^^^^^
  File "/Users/zbloom/Desktop/LYQ/CHUANG_AI/eta-assistant/.venv/lib/python3.12/site-packages/starlette/middleware/base.py", line 168, in call_next
    raise app_exc from app_exc.__cause__ or app_exc.__context__
  File "/Users/zbloom/Desktop/LYQ/CHUANG_AI/eta-assistant/.venv/lib/python3.12/site-packages/starlette/middleware/base.py", line 144, in coro
    await self.app(scope, receive_or_disconnect, send_no_error)
  File "/Users/zbloom/Desktop/LYQ/CHUANG_AI/eta-assistant/.venv/lib/python3.12/site-packages/starlette/middleware/exceptions.py", line 63, in __call__
    await wrap_app_handling_exceptions(self.app, conn)(scope, receive, send)
  File "/Users/zbloom/Desktop/LYQ/CHUANG_AI/eta-assistant/.venv/lib/python3.12/site-packages/starlette/_exception_handler.py", line 53, in wrapped_app
    raise exc
  File "/Users/zbloom/Desktop/LYQ/CHUANG_AI/eta-assistant/.venv/lib/python3.12/site-packages/starlette/_exception_handler.py", line 42, in wrapped_app
    await app(scope, receive, sender)
  File "/Users/zbloom/Desktop/LYQ/CHUANG_AI/eta-assistant/.venv/lib/python3.12/site-packages/fastapi/middleware/asyncexitstack.py", line 18, in __call__
    await self.app(scope, receive, send)
  File "/Users/zbloom/Desktop/LYQ/CHUANG_AI/eta-assistant/.venv/lib/python3.12/site-packages/starlette/routing.py", line 670, in __call__
    await self.middleware_stack(scope, receive, send)
  File "/Users/zbloom/Desktop/LYQ/CHUANG_AI/eta-assistant/.venv/lib/python3.12/site-packages/fastapi/routing.py", line 2734, in app
    await route.handle(scope, receive, send)
  File "/Users/zbloom/Desktop/LYQ/CHUANG_AI/eta-assistant/.venv/lib/python3.12/site-packages/fastapi/routing.py", line 1780, in handle
    await self.original_router.handle(scope, receive, send)
  File "/Users/zbloom/Desktop/LYQ/CHUANG_AI/eta-assistant/.venv/lib/python3.12/site-packages/fastapi/routing.py", line 2789, in handle
    await included_router._handle_selected(scope, receive, send)
  File "/Users/zbloom/Desktop/LYQ/CHUANG_AI/eta-assistant/.venv/lib/python3.12/site-packages/fastapi/routing.py", line 1800, in _handle_selected
    await original_route.handle(scope, receive, send)
  File "/Users/zbloom/Desktop/LYQ/CHUANG_AI/eta-assistant/.venv/lib/python3.12/site-packages/fastapi/routing.py", line 1279, in handle
    await app(scope, receive, send)
  File "/Users/zbloom/Desktop/LYQ/CHUANG_AI/eta-assistant/.venv/lib/python3.12/site-packages/fastapi/routing.py", line 158, in app
    await wrap_app_handling_exceptions(app, request)(scope, receive, send)
  File "/Users/zbloom/Desktop/LYQ/CHUANG_AI/eta-assistant/.venv/lib/python3.12/site-packages/starlette/_exception_handler.py", line 53, in wrapped_app
    raise exc
  File "/Users/zbloom/Desktop/LYQ/CHUANG_AI/eta-assistant/.venv/lib/python3.12/site-packages/starlette/_exception_handler.py", line 42, in wrapped_app
    await app(scope, receive, sender)
  File "/Users/zbloom/Desktop/LYQ/CHUANG_AI/eta-assistant/.venv/lib/python3.12/site-packages/fastapi/routing.py", line 144, in app
    response = await f(request)
               ^^^^^^^^^^^^^^^^
  File "/Users/zbloom/Desktop/LYQ/CHUANG_AI/eta-assistant/.venv/lib/python3.12/site-packages/fastapi/routing.py", line 706, in app
    raw_response = await run_endpoint_function(
                   ^^^^^^^^^^^^^^^^^^^^^^^^^^^^
  File "/Users/zbloom/Desktop/LYQ/CHUANG_AI/eta-assistant/.venv/lib/python3.12/site-packages/fastapi/routing.py", line 354, in run_endpoint_function
    return await run_in_threadpool(dependant.call, **values)
           ^^^^^^^^^^^^^^^^^^^^^^^^^^^^^^^^^^^^^^^^^^^^^^^^^
  File "/Users/zbloom/Desktop/LYQ/CHUANG_AI/eta-assistant/.venv/lib/python3.12/site-packages/starlette/concurrency.py", line 34, in run_in_threadpool
    return await anyio.to_thread.run_sync(func)
           ^^^^^^^^^^^^^^^^^^^^^^^^^^^^^^^^^^^^
  File "/Users/zbloom/Desktop/LYQ/CHUANG_AI/eta-assistant/.venv/lib/python3.12/site-packages/anyio/to_thread.py", line 65, in run_sync
    return await get_async_backend().run_sync_in_worker_thread(
           ^^^^^^^^^^^^^^^^^^^^^^^^^^^^^^^^^^^^^^^^^^^^^^^^^^^^
  File "/Users/zbloom/Desktop/LYQ/CHUANG_AI/eta-assistant/.venv/lib/python3.12/site-packages/anyio/_backends/_asyncio.py", line 2706, in run_sync_in_worker_thread
    return await future
           ^^^^^^^^^^^^
  File "/Users/zbloom/Desktop/LYQ/CHUANG_AI/eta-assistant/.venv/lib/python3.12/site-packages/anyio/_backends/_asyncio.py", line 1100, in run
    result = context.run(func, *args)
             ^^^^^^^^^^^^^^^^^^^^^^^^
  File "/Users/zbloom/Desktop/LYQ/CHUANG_AI/eta-assistant/app/api/export_routes.py", line 173, in export_student_report
    return HTMLResponse(export_docs.render_student_trend_report_html(p))
                        ^^^^^^^^^^^^^^^^^^^^^^^^^^^^^^^^^^^^^^^^^^^^^^^
  File "/Users/zbloom/Desktop/LYQ/CHUANG_AI/eta-assistant/app/services/export_docs.py", line 613, in render_student_trend_report_html
    cat_rows = "".join(
               ^^^^^^^^
  File "/Users/zbloom/Desktop/LYQ/CHUANG_AI/eta-assistant/app/services/export_docs.py", line 617, in <genexpr>
    _esc(ontology.category_name(c["category_id"])),
         ^^^^^^^^
NameError: name 'ontology' is not defined
2026-09-19 17:20:06 ERROR [eta.main] 未处理异常 GET /api/students/S01/report
Traceback (most recent call last):
  File "/Users/zbloom/Desktop/LYQ/CHUANG_AI/eta-assistant/.venv/lib/python3.12/site-packages/starlette/middleware/errors.py", line 164, in __call__
    await self.app(scope, receive, _send)
  File "/Users/zbloom/Desktop/LYQ/CHUANG_AI/eta-assistant/.venv/lib/python3.12/site-packages/starlette/middleware/base.py", line 193, in __call__
    response = await self.dispatch_func(request, call_next)
               ^^^^^^^^^^^^^^^^^^^^^^^^^^^^^^^^^^^^^^^^^^^^
  File "/Users/zbloom/Desktop/LYQ/CHUANG_AI/eta-assistant/app/main.py", line 53, in log_requests
    response = await call_next(request)
               ^^^^^^^^^^^^^^^^^^^^^^^^
  File "/Users/zbloom/Desktop/LYQ/CHUANG_AI/eta-assistant/.venv/lib/python3.12/site-packages/starlette/middleware/base.py", line 168, in call_next
    raise app_exc from app_exc.__cause__ or app_exc.__context__
  File "/Users/zbloom/Desktop/LYQ/CHUANG_AI/eta-assistant/.venv/lib/python3.12/site-packages/starlette/middleware/base.py", line 144, in coro
    await self.app(scope, receive_or_disconnect, send_no_error)
  File "/Users/zbloom/Desktop/LYQ/CHUANG_AI/eta-assistant/.venv/lib/python3.12/site-packages/starlette/middleware/exceptions.py", line 63, in __call__
    await wrap_app_handling_exceptions(self.app, conn)(scope, receive, send)
  File "/Users/zbloom/Desktop/LYQ/CHUANG_AI/eta-assistant/.venv/lib/python3.12/site-packages/starlette/_exception_handler.py", line 53, in wrapped_app
    raise exc
  File "/Users/zbloom/Desktop/LYQ/CHUANG_AI/eta-assistant/.venv/lib/python3.12/site-packages/starlette/_exception_handler.py", line 42, in wrapped_app
    await app(scope, receive, sender)
  File "/Users/zbloom/Desktop/LYQ/CHUANG_AI/eta-assistant/.venv/lib/python3.12/site-packages/fastapi/middleware/asyncexitstack.py", line 18, in __call__
    await self.app(scope, receive, send)
  File "/Users/zbloom/Desktop/LYQ/CHUANG_AI/eta-assistant/.venv/lib/python3.12/site-packages/starlette/routing.py", line 670, in __call__
    await self.middleware_stack(scope, receive, send)
  File "/Users/zbloom/Desktop/LYQ/CHUANG_AI/eta-assistant/.venv/lib/python3.12/site-packages/fastapi/routing.py", line 2734, in app
    await route.handle(scope, receive, send)
  File "/Users/zbloom/Desktop/LYQ/CHUANG_AI/eta-assistant/.venv/lib/python3.12/site-packages/fastapi/routing.py", line 1780, in handle
    await self.original_router.handle(scope, receive, send)
  File "/Users/zbloom/Desktop/LYQ/CHUANG_AI/eta-assistant/.venv/lib/python3.12/site-packages/fastapi/routing.py", line 2789, in handle
    await included_router._handle_selected(scope, receive, send)
  File "/Users/zbloom/Desktop/LYQ/CHUANG_AI/eta-assistant/.venv/lib/python3.12/site-packages/fastapi/routing.py", line 1800, in _handle_selected
    await original_route.handle(scope, receive, send)
  File "/Users/zbloom/Desktop/LYQ/CHUANG_AI/eta-assistant/.venv/lib/python3.12/site-packages/fastapi/routing.py", line 1279, in handle
    await app(scope, receive, send)
  File "/Users/zbloom/Desktop/LYQ/CHUANG_AI/eta-assistant/.venv/lib/python3.12/site-packages/fastapi/routing.py", line 158, in app
    await wrap_app_handling_exceptions(app, request)(scope, receive, send)
  File "/Users/zbloom/Desktop/LYQ/CHUANG_AI/eta-assistant/.venv/lib/python3.12/site-packages/starlette/_exception_handler.py", line 53, in wrapped_app
    raise exc
  File "/Users/zbloom/Desktop/LYQ/CHUANG_AI/eta-assistant/.venv/lib/python3.12/site-packages/starlette/_exception_handler.py", line 42, in wrapped_app
    await app(scope, receive, sender)
  File "/Users/zbloom/Desktop/LYQ/CHUANG_AI/eta-assistant/.venv/lib/python3.12/site-packages/fastapi/routing.py", line 144, in app
    response = await f(request)
               ^^^^^^^^^^^^^^^^
  File "/Users/zbloom/Desktop/LYQ/CHUANG_AI/eta-assistant/.venv/lib/python3.12/site-packages/fastapi/routing.py", line 706, in app
    raw_response = await run_endpoint_function(
                   ^^^^^^^^^^^^^^^^^^^^^^^^^^^^
  File "/Users/zbloom/Desktop/LYQ/CHUANG_AI/eta-assistant/.venv/lib/python3.12/site-packages/fastapi/routing.py", line 354, in run_endpoint_function
    return await run_in_threadpool(dependant.call, **values)
           ^^^^^^^^^^^^^^^^^^^^^^^^^^^^^^^^^^^^^^^^^^^^^^^^^
  File "/Users/zbloom/Desktop/LYQ/CHUANG_AI/eta-assistant/.venv/lib/python3.12/site-packages/starlette/concurrency.py", line 34, in run_in_threadpool
    return await anyio.to_thread.run_sync(func)
           ^^^^^^^^^^^^^^^^^^^^^^^^^^^^^^^^^^^^
  File "/Users/zbloom/Desktop/LYQ/CHUANG_AI/eta-assistant/.venv/lib/python3.12/site-packages/anyio/to_thread.py", line 65, in run_sync
    return await get_async_backend().run_sync_in_worker_thread(
           ^^^^^^^^^^^^^^^^^^^^^^^^^^^^^^^^^^^^^^^^^^^^^^^^^^^^
  File "/Users/zbloom/Desktop/LYQ/CHUANG_AI/eta-assistant/.venv/lib/python3.12/site-packages/anyio/_backends/_asyncio.py", line 2706, in run_sync_in_worker_thread
    return await future
           ^^^^^^^^^^^^
  File "/Users/zbloom/Desktop/LYQ/CHUANG_AI/eta-assistant/.venv/lib/python3.12/site-packages/anyio/_backends/_asyncio.py", line 1100, in run
    result = context.run(func, *args)
             ^^^^^^^^^^^^^^^^^^^^^^^^
  File "/Users/zbloom/Desktop/LYQ/CHUANG_AI/eta-assistant/app/api/export_routes.py", line 173, in export_student_report
    return HTMLResponse(export_docs.render_student_trend_report_html(p))
                        ^^^^^^^^^^^^^^^^^^^^^^^^^^^^^^^^^^^^^^^^^^^^^^^
  File "/Users/zbloom/Desktop/LYQ/CHUANG_AI/eta-assistant/app/services/export_docs.py", line 613, in render_student_trend_report_html
    cat_rows = "".join(
               ^^^^^^^^
  File "/Users/zbloom/Desktop/LYQ/CHUANG_AI/eta-assistant/app/services/export_docs.py", line 617, in <genexpr>
    _esc(ontology.category_name(c["category_id"])),
         ^^^^^^^^
NameError: name 'ontology' is not defined
2026-09-19 17:20:07 DEBUG [asyncio] Using selector: KqueueSelector
2026-09-19 17:20:07 DEBUG [eta.access] POST /api/students → 200 (5ms)
2026-09-19 17:20:07 DEBUG [asyncio] Using selector: KqueueSelector
2026-09-19 17:20:07 DEBUG [eta.access] GET /api/students/S01/profile → 200 (4ms)
2026-09-19 17:20:46 INFO [eta] 日志已就绪：目录 runtime/logs（按天轮转，保留 14 天，终端级别 INFO / 文件级别 DEBUG）
2026-09-19 17:20:46 DEBUG [asyncio] Using selector: KqueueSelector
2026-09-19 17:20:46 DEBUG [eta.access] POST /api/students → 200 (52ms)
2026-09-19 17:20:46 DEBUG [asyncio] Using selector: KqueueSelector
2026-09-19 17:20:46 DEBUG [eta.access] POST /api/students → 200 (7ms)
2026-09-19 17:20:46 DEBUG [asyncio] Using selector: KqueueSelector
2026-09-19 17:20:46 INFO [eta.export] 导出学生错题档案报告：S01
2026-09-19 17:20:46 ERROR [eta.access] 请求异常 GET /api/students/S01/report
Traceback (most recent call last):
  File "/Users/zbloom/Desktop/LYQ/CHUANG_AI/eta-assistant/app/main.py", line 53, in log_requests
    response = await call_next(request)
               ^^^^^^^^^^^^^^^^^^^^^^^^
  File "/Users/zbloom/Desktop/LYQ/CHUANG_AI/eta-assistant/.venv/lib/python3.12/site-packages/starlette/middleware/base.py", line 168, in call_next
    raise app_exc from app_exc.__cause__ or app_exc.__context__
  File "/Users/zbloom/Desktop/LYQ/CHUANG_AI/eta-assistant/.venv/lib/python3.12/site-packages/starlette/middleware/base.py", line 144, in coro
    await self.app(scope, receive_or_disconnect, send_no_error)
  File "/Users/zbloom/Desktop/LYQ/CHUANG_AI/eta-assistant/.venv/lib/python3.12/site-packages/starlette/middleware/exceptions.py", line 63, in __call__
    await wrap_app_handling_exceptions(self.app, conn)(scope, receive, send)
  File "/Users/zbloom/Desktop/LYQ/CHUANG_AI/eta-assistant/.venv/lib/python3.12/site-packages/starlette/_exception_handler.py", line 53, in wrapped_app
    raise exc
  File "/Users/zbloom/Desktop/LYQ/CHUANG_AI/eta-assistant/.venv/lib/python3.12/site-packages/starlette/_exception_handler.py", line 42, in wrapped_app
    await app(scope, receive, sender)
  File "/Users/zbloom/Desktop/LYQ/CHUANG_AI/eta-assistant/.venv/lib/python3.12/site-packages/fastapi/middleware/asyncexitstack.py", line 18, in __call__
    await self.app(scope, receive, send)
  File "/Users/zbloom/Desktop/LYQ/CHUANG_AI/eta-assistant/.venv/lib/python3.12/site-packages/starlette/routing.py", line 670, in __call__
    await self.middleware_stack(scope, receive, send)
  File "/Users/zbloom/Desktop/LYQ/CHUANG_AI/eta-assistant/.venv/lib/python3.12/site-packages/fastapi/routing.py", line 2734, in app
    await route.handle(scope, receive, send)
  File "/Users/zbloom/Desktop/LYQ/CHUANG_AI/eta-assistant/.venv/lib/python3.12/site-packages/fastapi/routing.py", line 1780, in handle
    await self.original_router.handle(scope, receive, send)
  File "/Users/zbloom/Desktop/LYQ/CHUANG_AI/eta-assistant/.venv/lib/python3.12/site-packages/fastapi/routing.py", line 2789, in handle
    await included_router._handle_selected(scope, receive, send)
  File "/Users/zbloom/Desktop/LYQ/CHUANG_AI/eta-assistant/.venv/lib/python3.12/site-packages/fastapi/routing.py", line 1800, in _handle_selected
    await original_route.handle(scope, receive, send)
  File "/Users/zbloom/Desktop/LYQ/CHUANG_AI/eta-assistant/.venv/lib/python3.12/site-packages/fastapi/routing.py", line 1279, in handle
    await app(scope, receive, send)
  File "/Users/zbloom/Desktop/LYQ/CHUANG_AI/eta-assistant/.venv/lib/python3.12/site-packages/fastapi/routing.py", line 158, in app
    await wrap_app_handling_exceptions(app, request)(scope, receive, send)
  File "/Users/zbloom/Desktop/LYQ/CHUANG_AI/eta-assistant/.venv/lib/python3.12/site-packages/starlette/_exception_handler.py", line 53, in wrapped_app
    raise exc
  File "/Users/zbloom/Desktop/LYQ/CHUANG_AI/eta-assistant/.venv/lib/python3.12/site-packages/starlette/_exception_handler.py", line 42, in wrapped_app
    await app(scope, receive, sender)
  File "/Users/zbloom/Desktop/LYQ/CHUANG_AI/eta-assistant/.venv/lib/python3.12/site-packages/fastapi/routing.py", line 144, in app
    response = await f(request)
               ^^^^^^^^^^^^^^^^
  File "/Users/zbloom/Desktop/LYQ/CHUANG_AI/eta-assistant/.venv/lib/python3.12/site-packages/fastapi/routing.py", line 706, in app
    raw_response = await run_endpoint_function(
                   ^^^^^^^^^^^^^^^^^^^^^^^^^^^^
  File "/Users/zbloom/Desktop/LYQ/CHUANG_AI/eta-assistant/.venv/lib/python3.12/site-packages/fastapi/routing.py", line 354, in run_endpoint_function
    return await run_in_threadpool(dependant.call, **values)
           ^^^^^^^^^^^^^^^^^^^^^^^^^^^^^^^^^^^^^^^^^^^^^^^^^
  File "/Users/zbloom/Desktop/LYQ/CHUANG_AI/eta-assistant/.venv/lib/python3.12/site-packages/starlette/concurrency.py", line 34, in run_in_threadpool
    return await anyio.to_thread.run_sync(func)
           ^^^^^^^^^^^^^^^^^^^^^^^^^^^^^^^^^^^^
  File "/Users/zbloom/Desktop/LYQ/CHUANG_AI/eta-assistant/.venv/lib/python3.12/site-packages/anyio/to_thread.py", line 65, in run_sync
    return await get_async_backend().run_sync_in_worker_thread(
           ^^^^^^^^^^^^^^^^^^^^^^^^^^^^^^^^^^^^^^^^^^^^^^^^^^^^
  File "/Users/zbloom/Desktop/LYQ/CHUANG_AI/eta-assistant/.venv/lib/python3.12/site-packages/anyio/_backends/_asyncio.py", line 2706, in run_sync_in_worker_thread
    return await future
           ^^^^^^^^^^^^
  File "/Users/zbloom/Desktop/LYQ/CHUANG_AI/eta-assistant/.venv/lib/python3.12/site-packages/anyio/_backends/_asyncio.py", line 1100, in run
    result = context.run(func, *args)
             ^^^^^^^^^^^^^^^^^^^^^^^^
  File "/Users/zbloom/Desktop/LYQ/CHUANG_AI/eta-assistant/app/api/export_routes.py", line 173, in export_student_report
    return HTMLResponse(export_docs.render_student_trend_report_html(p))
                        ^^^^^^^^^^^^^^^^^^^^^^^^^^^^^^^^^^^^^^^^^^^^^^^
  File "/Users/zbloom/Desktop/LYQ/CHUANG_AI/eta-assistant/app/services/export_docs.py", line 652, in render_student_trend_report_html
    return """<!DOCTYPE html>
           ^^^^^^^^^^^^^^^^^^
TypeError: not enough arguments for format string
2026-09-19 17:20:46 ERROR [eta.main] 未处理异常 GET /api/students/S01/report
Traceback (most recent call last):
  File "/Users/zbloom/Desktop/LYQ/CHUANG_AI/eta-assistant/.venv/lib/python3.12/site-packages/starlette/middleware/errors.py", line 164, in __call__
    await self.app(scope, receive, _send)
  File "/Users/zbloom/Desktop/LYQ/CHUANG_AI/eta-assistant/.venv/lib/python3.12/site-packages/starlette/middleware/base.py", line 193, in __call__
    response = await self.dispatch_func(request, call_next)
               ^^^^^^^^^^^^^^^^^^^^^^^^^^^^^^^^^^^^^^^^^^^^
  File "/Users/zbloom/Desktop/LYQ/CHUANG_AI/eta-assistant/app/main.py", line 53, in log_requests
    response = await call_next(request)
               ^^^^^^^^^^^^^^^^^^^^^^^^
  File "/Users/zbloom/Desktop/LYQ/CHUANG_AI/eta-assistant/.venv/lib/python3.12/site-packages/starlette/middleware/base.py", line 168, in call_next
    raise app_exc from app_exc.__cause__ or app_exc.__context__
  File "/Users/zbloom/Desktop/LYQ/CHUANG_AI/eta-assistant/.venv/lib/python3.12/site-packages/starlette/middleware/base.py", line 144, in coro
    await self.app(scope, receive_or_disconnect, send_no_error)
  File "/Users/zbloom/Desktop/LYQ/CHUANG_AI/eta-assistant/.venv/lib/python3.12/site-packages/starlette/middleware/exceptions.py", line 63, in __call__
    await wrap_app_handling_exceptions(self.app, conn)(scope, receive, send)
  File "/Users/zbloom/Desktop/LYQ/CHUANG_AI/eta-assistant/.venv/lib/python3.12/site-packages/starlette/_exception_handler.py", line 53, in wrapped_app
    raise exc
  File "/Users/zbloom/Desktop/LYQ/CHUANG_AI/eta-assistant/.venv/lib/python3.12/site-packages/starlette/_exception_handler.py", line 42, in wrapped_app
    await app(scope, receive, sender)
  File "/Users/zbloom/Desktop/LYQ/CHUANG_AI/eta-assistant/.venv/lib/python3.12/site-packages/fastapi/middleware/asyncexitstack.py", line 18, in __call__
    await self.app(scope, receive, send)
  File "/Users/zbloom/Desktop/LYQ/CHUANG_AI/eta-assistant/.venv/lib/python3.12/site-packages/starlette/routing.py", line 670, in __call__
    await self.middleware_stack(scope, receive, send)
  File "/Users/zbloom/Desktop/LYQ/CHUANG_AI/eta-assistant/.venv/lib/python3.12/site-packages/fastapi/routing.py", line 2734, in app
    await route.handle(scope, receive, send)
  File "/Users/zbloom/Desktop/LYQ/CHUANG_AI/eta-assistant/.venv/lib/python3.12/site-packages/fastapi/routing.py", line 1780, in handle
    await self.original_router.handle(scope, receive, send)
  File "/Users/zbloom/Desktop/LYQ/CHUANG_AI/eta-assistant/.venv/lib/python3.12/site-packages/fastapi/routing.py", line 2789, in handle
    await included_router._handle_selected(scope, receive, send)
  File "/Users/zbloom/Desktop/LYQ/CHUANG_AI/eta-assistant/.venv/lib/python3.12/site-packages/fastapi/routing.py", line 1800, in _handle_selected
    await original_route.handle(scope, receive, send)
  File "/Users/zbloom/Desktop/LYQ/CHUANG_AI/eta-assistant/.venv/lib/python3.12/site-packages/fastapi/routing.py", line 1279, in handle
    await app(scope, receive, send)
  File "/Users/zbloom/Desktop/LYQ/CHUANG_AI/eta-assistant/.venv/lib/python3.12/site-packages/fastapi/routing.py", line 158, in app
    await wrap_app_handling_exceptions(app, request)(scope, receive, send)
  File "/Users/zbloom/Desktop/LYQ/CHUANG_AI/eta-assistant/.venv/lib/python3.12/site-packages/starlette/_exception_handler.py", line 53, in wrapped_app
    raise exc
  File "/Users/zbloom/Desktop/LYQ/CHUANG_AI/eta-assistant/.venv/lib/python3.12/site-packages/starlette/_exception_handler.py", line 42, in wrapped_app
    await app(scope, receive, sender)
  File "/Users/zbloom/Desktop/LYQ/CHUANG_AI/eta-assistant/.venv/lib/python3.12/site-packages/fastapi/routing.py", line 144, in app
    response = await f(request)
               ^^^^^^^^^^^^^^^^
  File "/Users/zbloom/Desktop/LYQ/CHUANG_AI/eta-assistant/.venv/lib/python3.12/site-packages/fastapi/routing.py", line 706, in app
    raw_response = await run_endpoint_function(
                   ^^^^^^^^^^^^^^^^^^^^^^^^^^^^
  File "/Users/zbloom/Desktop/LYQ/CHUANG_AI/eta-assistant/.venv/lib/python3.12/site-packages/fastapi/routing.py", line 354, in run_endpoint_function
    return await run_in_threadpool(dependant.call, **values)
           ^^^^^^^^^^^^^^^^^^^^^^^^^^^^^^^^^^^^^^^^^^^^^^^^^
  File "/Users/zbloom/Desktop/LYQ/CHUANG_AI/eta-assistant/.venv/lib/python3.12/site-packages/starlette/concurrency.py", line 34, in run_in_threadpool
    return await anyio.to_thread.run_sync(func)
           ^^^^^^^^^^^^^^^^^^^^^^^^^^^^^^^^^^^^
  File "/Users/zbloom/Desktop/LYQ/CHUANG_AI/eta-assistant/.venv/lib/python3.12/site-packages/anyio/to_thread.py", line 65, in run_sync
    return await get_async_backend().run_sync_in_worker_thread(
           ^^^^^^^^^^^^^^^^^^^^^^^^^^^^^^^^^^^^^^^^^^^^^^^^^^^^
  File "/Users/zbloom/Desktop/LYQ/CHUANG_AI/eta-assistant/.venv/lib/python3.12/site-packages/anyio/_backends/_asyncio.py", line 2706, in run_sync_in_worker_thread
    return await future
           ^^^^^^^^^^^^
  File "/Users/zbloom/Desktop/LYQ/CHUANG_AI/eta-assistant/.venv/lib/python3.12/site-packages/anyio/_backends/_asyncio.py", line 1100, in run
    result = context.run(func, *args)
             ^^^^^^^^^^^^^^^^^^^^^^^^
  File "/Users/zbloom/Desktop/LYQ/CHUANG_AI/eta-assistant/app/api/export_routes.py", line 173, in export_student_report
    return HTMLResponse(export_docs.render_student_trend_report_html(p))
                        ^^^^^^^^^^^^^^^^^^^^^^^^^^^^^^^^^^^^^^^^^^^^^^^
  File "/Users/zbloom/Desktop/LYQ/CHUANG_AI/eta-assistant/app/services/export_docs.py", line 652, in render_student_trend_report_html
    return """<!DOCTYPE html>
           ^^^^^^^^^^^^^^^^^^
TypeError: not enough arguments for format string
2026-09-19 17:20:47 DEBUG [asyncio] Using selector: KqueueSelector
2026-09-19 17:20:47 DEBUG [eta.access] POST /api/students → 200 (6ms)
2026-09-19 17:20:47 DEBUG [asyncio] Using selector: KqueueSelector
2026-09-19 17:20:47 DEBUG [eta.access] GET /api/students/S01/profile → 200 (8ms)
2026-09-19 17:20:56 INFO [eta] 日志已就绪：目录 runtime/logs（按天轮转，保留 14 天，终端级别 INFO / 文件级别 DEBUG）
2026-09-19 17:20:56 DEBUG [asyncio] Using selector: KqueueSelector
2026-09-19 17:20:56 DEBUG [eta.access] POST /api/students → 200 (43ms)
2026-09-19 17:20:56 DEBUG [asyncio] Using selector: KqueueSelector
2026-09-19 17:20:56 DEBUG [eta.access] POST /api/students → 200 (5ms)
2026-09-19 17:20:56 DEBUG [asyncio] Using selector: KqueueSelector
2026-09-19 17:20:56 INFO [eta.export] 导出学生错题档案报告：S01
2026-09-19 17:20:56 ERROR [eta.access] 请求异常 GET /api/students/S01/report
Traceback (most recent call last):
  File "/Users/zbloom/Desktop/LYQ/CHUANG_AI/eta-assistant/app/main.py", line 53, in log_requests
    response = await call_next(request)
               ^^^^^^^^^^^^^^^^^^^^^^^^
  File "/Users/zbloom/Desktop/LYQ/CHUANG_AI/eta-assistant/.venv/lib/python3.12/site-packages/starlette/middleware/base.py", line 168, in call_next
    raise app_exc from app_exc.__cause__ or app_exc.__context__
  File "/Users/zbloom/Desktop/LYQ/CHUANG_AI/eta-assistant/.venv/lib/python3.12/site-packages/starlette/middleware/base.py", line 144, in coro
    await self.app(scope, receive_or_disconnect, send_no_error)
  File "/Users/zbloom/Desktop/LYQ/CHUANG_AI/eta-assistant/.venv/lib/python3.12/site-packages/starlette/middleware/exceptions.py", line 63, in __call__
    await wrap_app_handling_exceptions(self.app, conn)(scope, receive, send)
  File "/Users/zbloom/Desktop/LYQ/CHUANG_AI/eta-assistant/.venv/lib/python3.12/site-packages/starlette/_exception_handler.py", line 53, in wrapped_app
    raise exc
  File "/Users/zbloom/Desktop/LYQ/CHUANG_AI/eta-assistant/.venv/lib/python3.12/site-packages/starlette/_exception_handler.py", line 42, in wrapped_app
    await app(scope, receive, sender)
  File "/Users/zbloom/Desktop/LYQ/CHUANG_AI/eta-assistant/.venv/lib/python3.12/site-packages/fastapi/middleware/asyncexitstack.py", line 18, in __call__
    await self.app(scope, receive, send)
  File "/Users/zbloom/Desktop/LYQ/CHUANG_AI/eta-assistant/.venv/lib/python3.12/site-packages/starlette/routing.py", line 670, in __call__
    await self.middleware_stack(scope, receive, send)
  File "/Users/zbloom/Desktop/LYQ/CHUANG_AI/eta-assistant/.venv/lib/python3.12/site-packages/fastapi/routing.py", line 2734, in app
    await route.handle(scope, receive, send)
  File "/Users/zbloom/Desktop/LYQ/CHUANG_AI/eta-assistant/.venv/lib/python3.12/site-packages/fastapi/routing.py", line 1780, in handle
    await self.original_router.handle(scope, receive, send)
  File "/Users/zbloom/Desktop/LYQ/CHUANG_AI/eta-assistant/.venv/lib/python3.12/site-packages/fastapi/routing.py", line 2789, in handle
    await included_router._handle_selected(scope, receive, send)
  File "/Users/zbloom/Desktop/LYQ/CHUANG_AI/eta-assistant/.venv/lib/python3.12/site-packages/fastapi/routing.py", line 1800, in _handle_selected
    await original_route.handle(scope, receive, send)
  File "/Users/zbloom/Desktop/LYQ/CHUANG_AI/eta-assistant/.venv/lib/python3.12/site-packages/fastapi/routing.py", line 1279, in handle
    await app(scope, receive, send)
  File "/Users/zbloom/Desktop/LYQ/CHUANG_AI/eta-assistant/.venv/lib/python3.12/site-packages/fastapi/routing.py", line 158, in app
    await wrap_app_handling_exceptions(app, request)(scope, receive, send)
  File "/Users/zbloom/Desktop/LYQ/CHUANG_AI/eta-assistant/.venv/lib/python3.12/site-packages/starlette/_exception_handler.py", line 53, in wrapped_app
    raise exc
  File "/Users/zbloom/Desktop/LYQ/CHUANG_AI/eta-assistant/.venv/lib/python3.12/site-packages/starlette/_exception_handler.py", line 42, in wrapped_app
    await app(scope, receive, sender)
  File "/Users/zbloom/Desktop/LYQ/CHUANG_AI/eta-assistant/.venv/lib/python3.12/site-packages/fastapi/routing.py", line 144, in app
    response = await f(request)
               ^^^^^^^^^^^^^^^^
  File "/Users/zbloom/Desktop/LYQ/CHUANG_AI/eta-assistant/.venv/lib/python3.12/site-packages/fastapi/routing.py", line 706, in app
    raw_response = await run_endpoint_function(
                   ^^^^^^^^^^^^^^^^^^^^^^^^^^^^
  File "/Users/zbloom/Desktop/LYQ/CHUANG_AI/eta-assistant/.venv/lib/python3.12/site-packages/fastapi/routing.py", line 354, in run_endpoint_function
    return await run_in_threadpool(dependant.call, **values)
           ^^^^^^^^^^^^^^^^^^^^^^^^^^^^^^^^^^^^^^^^^^^^^^^^^
  File "/Users/zbloom/Desktop/LYQ/CHUANG_AI/eta-assistant/.venv/lib/python3.12/site-packages/starlette/concurrency.py", line 34, in run_in_threadpool
    return await anyio.to_thread.run_sync(func)
           ^^^^^^^^^^^^^^^^^^^^^^^^^^^^^^^^^^^^
  File "/Users/zbloom/Desktop/LYQ/CHUANG_AI/eta-assistant/.venv/lib/python3.12/site-packages/anyio/to_thread.py", line 65, in run_sync
    return await get_async_backend().run_sync_in_worker_thread(
           ^^^^^^^^^^^^^^^^^^^^^^^^^^^^^^^^^^^^^^^^^^^^^^^^^^^^
  File "/Users/zbloom/Desktop/LYQ/CHUANG_AI/eta-assistant/.venv/lib/python3.12/site-packages/anyio/_backends/_asyncio.py", line 2706, in run_sync_in_worker_thread
    return await future
           ^^^^^^^^^^^^
  File "/Users/zbloom/Desktop/LYQ/CHUANG_AI/eta-assistant/.venv/lib/python3.12/site-packages/anyio/_backends/_asyncio.py", line 1100, in run
    result = context.run(func, *args)
             ^^^^^^^^^^^^^^^^^^^^^^^^
  File "/Users/zbloom/Desktop/LYQ/CHUANG_AI/eta-assistant/app/api/export_routes.py", line 173, in export_student_report
    return HTMLResponse(export_docs.render_student_trend_report_html(p))
                        ^^^^^^^^^^^^^^^^^^^^^^^^^^^^^^^^^^^^^^^^^^^^^^^
  File "/Users/zbloom/Desktop/LYQ/CHUANG_AI/eta-assistant/app/services/export_docs.py", line 652, in render_student_trend_report_html
    return """<!DOCTYPE html>
           ^^^^^^^^^^^^^^^^^^
TypeError: not enough arguments for format string
2026-09-19 17:20:56 ERROR [eta.main] 未处理异常 GET /api/students/S01/report
Traceback (most recent call last):
  File "/Users/zbloom/Desktop/LYQ/CHUANG_AI/eta-assistant/.venv/lib/python3.12/site-packages/starlette/middleware/errors.py", line 164, in __call__
    await self.app(scope, receive, _send)
  File "/Users/zbloom/Desktop/LYQ/CHUANG_AI/eta-assistant/.venv/lib/python3.12/site-packages/starlette/middleware/base.py", line 193, in __call__
    response = await self.dispatch_func(request, call_next)
               ^^^^^^^^^^^^^^^^^^^^^^^^^^^^^^^^^^^^^^^^^^^^
  File "/Users/zbloom/Desktop/LYQ/CHUANG_AI/eta-assistant/app/main.py", line 53, in log_requests
    response = await call_next(request)
               ^^^^^^^^^^^^^^^^^^^^^^^^
  File "/Users/zbloom/Desktop/LYQ/CHUANG_AI/eta-assistant/.venv/lib/python3.12/site-packages/starlette/middleware/base.py", line 168, in call_next
    raise app_exc from app_exc.__cause__ or app_exc.__context__
  File "/Users/zbloom/Desktop/LYQ/CHUANG_AI/eta-assistant/.venv/lib/python3.12/site-packages/starlette/middleware/base.py", line 144, in coro
    await self.app(scope, receive_or_disconnect, send_no_error)
  File "/Users/zbloom/Desktop/LYQ/CHUANG_AI/eta-assistant/.venv/lib/python3.12/site-packages/starlette/middleware/exceptions.py", line 63, in __call__
    await wrap_app_handling_exceptions(self.app, conn)(scope, receive, send)
  File "/Users/zbloom/Desktop/LYQ/CHUANG_AI/eta-assistant/.venv/lib/python3.12/site-packages/starlette/_exception_handler.py", line 53, in wrapped_app
    raise exc
  File "/Users/zbloom/Desktop/LYQ/CHUANG_AI/eta-assistant/.venv/lib/python3.12/site-packages/starlette/_exception_handler.py", line 42, in wrapped_app
    await app(scope, receive, sender)
  File "/Users/zbloom/Desktop/LYQ/CHUANG_AI/eta-assistant/.venv/lib/python3.12/site-packages/fastapi/middleware/asyncexitstack.py", line 18, in __call__
    await self.app(scope, receive, send)
  File "/Users/zbloom/Desktop/LYQ/CHUANG_AI/eta-assistant/.venv/lib/python3.12/site-packages/starlette/routing.py", line 670, in __call__
    await self.middleware_stack(scope, receive, send)
  File "/Users/zbloom/Desktop/LYQ/CHUANG_AI/eta-assistant/.venv/lib/python3.12/site-packages/fastapi/routing.py", line 2734, in app
    await route.handle(scope, receive, send)
  File "/Users/zbloom/Desktop/LYQ/CHUANG_AI/eta-assistant/.venv/lib/python3.12/site-packages/fastapi/routing.py", line 1780, in handle
    await self.original_router.handle(scope, receive, send)
  File "/Users/zbloom/Desktop/LYQ/CHUANG_AI/eta-assistant/.venv/lib/python3.12/site-packages/fastapi/routing.py", line 2789, in handle
    await included_router._handle_selected(scope, receive, send)
  File "/Users/zbloom/Desktop/LYQ/CHUANG_AI/eta-assistant/.venv/lib/python3.12/site-packages/fastapi/routing.py", line 1800, in _handle_selected
    await original_route.handle(scope, receive, send)
  File "/Users/zbloom/Desktop/LYQ/CHUANG_AI/eta-assistant/.venv/lib/python3.12/site-packages/fastapi/routing.py", line 1279, in handle
    await app(scope, receive, send)
  File "/Users/zbloom/Desktop/LYQ/CHUANG_AI/eta-assistant/.venv/lib/python3.12/site-packages/fastapi/routing.py", line 158, in app
    await wrap_app_handling_exceptions(app, request)(scope, receive, send)
  File "/Users/zbloom/Desktop/LYQ/CHUANG_AI/eta-assistant/.venv/lib/python3.12/site-packages/starlette/_exception_handler.py", line 53, in wrapped_app
    raise exc
  File "/Users/zbloom/Desktop/LYQ/CHUANG_AI/eta-assistant/.venv/lib/python3.12/site-packages/starlette/_exception_handler.py", line 42, in wrapped_app
    await app(scope, receive, sender)
  File "/Users/zbloom/Desktop/LYQ/CHUANG_AI/eta-assistant/.venv/lib/python3.12/site-packages/fastapi/routing.py", line 144, in app
    response = await f(request)
               ^^^^^^^^^^^^^^^^
  File "/Users/zbloom/Desktop/LYQ/CHUANG_AI/eta-assistant/.venv/lib/python3.12/site-packages/fastapi/routing.py", line 706, in app
    raw_response = await run_endpoint_function(
                   ^^^^^^^^^^^^^^^^^^^^^^^^^^^^
  File "/Users/zbloom/Desktop/LYQ/CHUANG_AI/eta-assistant/.venv/lib/python3.12/site-packages/fastapi/routing.py", line 354, in run_endpoint_function
    return await run_in_threadpool(dependant.call, **values)
           ^^^^^^^^^^^^^^^^^^^^^^^^^^^^^^^^^^^^^^^^^^^^^^^^^
  File "/Users/zbloom/Desktop/LYQ/CHUANG_AI/eta-assistant/.venv/lib/python3.12/site-packages/starlette/concurrency.py", line 34, in run_in_threadpool
    return await anyio.to_thread.run_sync(func)
           ^^^^^^^^^^^^^^^^^^^^^^^^^^^^^^^^^^^^
  File "/Users/zbloom/Desktop/LYQ/CHUANG_AI/eta-assistant/.venv/lib/python3.12/site-packages/anyio/to_thread.py", line 65, in run_sync
    return await get_async_backend().run_sync_in_worker_thread(
           ^^^^^^^^^^^^^^^^^^^^^^^^^^^^^^^^^^^^^^^^^^^^^^^^^^^^
  File "/Users/zbloom/Desktop/LYQ/CHUANG_AI/eta-assistant/.venv/lib/python3.12/site-packages/anyio/_backends/_asyncio.py", line 2706, in run_sync_in_worker_thread
    return await future
           ^^^^^^^^^^^^
  File "/Users/zbloom/Desktop/LYQ/CHUANG_AI/eta-assistant/.venv/lib/python3.12/site-packages/anyio/_backends/_asyncio.py", line 1100, in run
    result = context.run(func, *args)
             ^^^^^^^^^^^^^^^^^^^^^^^^
  File "/Users/zbloom/Desktop/LYQ/CHUANG_AI/eta-assistant/app/api/export_routes.py", line 173, in export_student_report
    return HTMLResponse(export_docs.render_student_trend_report_html(p))
                        ^^^^^^^^^^^^^^^^^^^^^^^^^^^^^^^^^^^^^^^^^^^^^^^
  File "/Users/zbloom/Desktop/LYQ/CHUANG_AI/eta-assistant/app/services/export_docs.py", line 652, in render_student_trend_report_html
    return """<!DOCTYPE html>
           ^^^^^^^^^^^^^^^^^^
TypeError: not enough arguments for format string
2026-09-19 17:21:20 INFO [eta] 日志已就绪：目录 runtime/logs（按天轮转，保留 14 天，终端级别 INFO / 文件级别 DEBUG）
2026-09-19 17:21:20 DEBUG [asyncio] Using selector: KqueueSelector
2026-09-19 17:21:20 DEBUG [eta.access] POST /api/students → 200 (50ms)
2026-09-19 17:21:20 DEBUG [asyncio] Using selector: KqueueSelector
2026-09-19 17:21:20 DEBUG [eta.access] POST /api/students → 200 (5ms)
2026-09-19 17:21:20 DEBUG [asyncio] Using selector: KqueueSelector
2026-09-19 17:21:20 INFO [eta.export] 导出学生错题档案报告：S01
2026-09-19 17:21:20 DEBUG [eta.access] GET /api/students/S01/report → 200 (122ms)
2026-09-19 17:21:20 DEBUG [asyncio] Using selector: KqueueSelector
2026-09-19 17:21:20 DEBUG [eta.access] GET /api/students/S99/report → 404 (3ms)
2026-09-19 17:21:20 DEBUG [asyncio] Using selector: KqueueSelector
2026-09-19 17:21:20 INFO [eta.export] 导出学生错题档案 zip：2 名学生（class=九(1)班）
2026-09-19 17:21:20 DEBUG [eta.access] GET /api/students/reports.zip → 200 (9ms)
2026-09-19 17:21:20 DEBUG [asyncio] Using selector: KqueueSelector
2026-09-19 17:21:20 DEBUG [eta.access] GET /api/students/reports.zip → 400 (2ms)
2026-09-19 17:21:20 DEBUG [asyncio] Using selector: KqueueSelector
2026-09-19 17:21:20 DEBUG [eta.access] POST /api/students → 200 (7ms)
2026-09-19 17:21:20 DEBUG [asyncio] Using selector: KqueueSelector
2026-09-19 17:21:20 DEBUG [eta.access] GET /api/students/S01/profile → 200 (6ms)
2026-09-19 17:21:30 INFO [eta] 日志已就绪：目录 runtime/logs（按天轮转，保留 14 天，终端级别 INFO / 文件级别 DEBUG）
2026-09-19 17:21:30 INFO [eta.providers.agent_chat] 智能体会话调用完成 | 返回 2 字，耗时 0ms
2026-09-19 17:21:30 INFO [eta.providers.agent_chat] 智能体会话调用完成 | 返回 2 字，耗时 0ms
2026-09-19 17:21:30 WARNING [eta.providers.agent_chat] 智能体会话请求失败，2s 后重试一次：connection reset
2026-09-19 17:21:32 WARNING [eta.services.photo_check] 多图联合解析失败，该批降级逐张解析：多图联合失败
2026-09-19 17:21:32 WARNING [eta.services.photo_check] Markdown 结构化失败：DeepSeek 超时
2026-09-19 17:21:32 WARNING [eta.services.photo_check] 智能体会话解析失败，降级 OCR 转录解析：invalid_api_key
2026-09-19 17:21:32 WARNING [eta.services.photo_check] 多图联合解析失败，该批降级逐张解析：多图联合失败（测试桩）
2026-09-19 17:21:33 DEBUG [asyncio] Using selector: KqueueSelector
2026-09-19 17:21:33 DEBUG [eta.access] GET /api/health → 200 (39ms)
2026-09-19 17:21:33 DEBUG [asyncio] Using selector: KqueueSelector
2026-09-19 17:21:33 DEBUG [eta.access] GET /api/ontology → 200 (3ms)
2026-09-19 17:21:33 DEBUG [asyncio] Using selector: KqueueSelector
2026-09-19 17:21:33 DEBUG [eta.access] POST /api/students/import → 200 (5ms)
2026-09-19 17:21:33 DEBUG [asyncio] Using selector: KqueueSelector
2026-09-19 17:21:33 DEBUG [eta.access] GET /api/students → 200 (2ms)
2026-09-19 17:21:33 DEBUG [asyncio] Using selector: KqueueSelector
2026-09-19 17:21:33 DEBUG [eta.access] POST /api/errors/scan → 200 (6ms)
2026-09-19 17:21:33 DEBUG [asyncio] Using selector: KqueueSelector
2026-09-19 17:21:33 DEBUG [eta.access] GET /api/errors → 200 (3ms)
2026-09-19 17:21:33 DEBUG [asyncio] Using selector: KqueueSelector
2026-09-19 17:21:33 DEBUG [eta.access] POST /api/errors/1/confirm → 200 (6ms)
2026-09-19 17:21:33 DEBUG [asyncio] Using selector: KqueueSelector
2026-09-19 17:21:33 DEBUG [eta.access] POST /api/errors/scan → 200 (5ms)
2026-09-19 17:21:33 DEBUG [asyncio] Using selector: KqueueSelector
2026-09-19 17:21:33 DEBUG [eta.access] POST /api/errors/2/confirm → 200 (6ms)
2026-09-19 17:21:33 DEBUG [asyncio] Using selector: KqueueSelector
2026-09-19 17:21:33 DEBUG [eta.access] POST /api/errors/scan → 200 (6ms)
2026-09-19 17:21:33 DEBUG [asyncio] Using selector: KqueueSelector
2026-09-19 17:21:33 DEBUG [eta.access] GET /api/errors → 200 (2ms)
2026-09-19 17:21:33 DEBUG [asyncio] Using selector: KqueueSelector
2026-09-19 17:21:33 DEBUG [eta.access] POST /api/errors/3/confirm → 200 (4ms)
2026-09-19 17:21:33 DEBUG [asyncio] Using selector: KqueueSelector
2026-09-19 17:21:33 DEBUG [eta.access] POST /api/errors/scan → 200 (6ms)
2026-09-19 17:21:33 DEBUG [asyncio] Using selector: KqueueSelector
2026-09-19 17:21:33 DEBUG [eta.access] GET /api/errors → 200 (2ms)
2026-09-19 17:21:33 DEBUG [asyncio] Using selector: KqueueSelector
2026-09-19 17:21:33 DEBUG [eta.access] POST /api/errors/4/confirm → 200 (4ms)
2026-09-19 17:21:33 DEBUG [asyncio] Using selector: KqueueSelector
2026-09-19 17:21:33 DEBUG [eta.access] POST /api/errors/scan → 200 (6ms)
2026-09-19 17:21:33 DEBUG [asyncio] Using selector: KqueueSelector
2026-09-19 17:21:33 DEBUG [eta.access] GET /api/errors → 200 (2ms)
2026-09-19 17:21:33 DEBUG [asyncio] Using selector: KqueueSelector
2026-09-19 17:21:33 DEBUG [eta.access] POST /api/errors/5/confirm → 200 (4ms)
2026-09-19 17:21:33 DEBUG [asyncio] Using selector: KqueueSelector
2026-09-19 17:21:33 DEBUG [eta.access] POST /api/errors/scan → 200 (6ms)
2026-09-19 17:21:33 DEBUG [asyncio] Using selector: KqueueSelector
2026-09-19 17:21:33 DEBUG [eta.access] GET /api/errors → 200 (2ms)
2026-09-19 17:21:33 DEBUG [asyncio] Using selector: KqueueSelector
2026-09-19 17:21:33 DEBUG [eta.access] POST /api/errors/6/confirm → 200 (4ms)
2026-09-19 17:21:33 DEBUG [asyncio] Using selector: KqueueSelector
2026-09-19 17:21:33 DEBUG [eta.access] POST /api/errors/scan → 200 (8ms)
2026-09-19 17:21:33 DEBUG [asyncio] Using selector: KqueueSelector
2026-09-19 17:21:33 DEBUG [eta.access] GET /api/errors → 200 (2ms)
2026-09-19 17:21:33 DEBUG [asyncio] Using selector: KqueueSelector
2026-09-19 17:21:33 DEBUG [eta.access] POST /api/errors/7/confirm → 200 (4ms)
2026-09-19 17:21:33 DEBUG [asyncio] Using selector: KqueueSelector
2026-09-19 17:21:33 DEBUG [eta.access] POST /api/errors/scan → 200 (5ms)
2026-09-19 17:21:33 DEBUG [asyncio] Using selector: KqueueSelector
2026-09-19 17:21:33 DEBUG [eta.access] GET /api/errors → 200 (2ms)
2026-09-19 17:21:33 DEBUG [asyncio] Using selector: KqueueSelector
2026-09-19 17:21:33 DEBUG [eta.access] POST /api/errors/8/confirm → 200 (4ms)
2026-09-19 17:21:33 DEBUG [asyncio] Using selector: KqueueSelector
2026-09-19 17:21:33 DEBUG [eta.access] POST /api/errors/scan → 200 (6ms)
2026-09-19 17:21:33 DEBUG [asyncio] Using selector: KqueueSelector
2026-09-19 17:21:33 DEBUG [eta.access] GET /api/errors → 200 (2ms)
2026-09-19 17:21:33 DEBUG [asyncio] Using selector: KqueueSelector
2026-09-19 17:21:33 DEBUG [eta.access] POST /api/errors/9/confirm → 200 (4ms)
2026-09-19 17:21:33 DEBUG [asyncio] Using selector: KqueueSelector
2026-09-19 17:21:33 DEBUG [eta.access] POST /api/errors/scan → 200 (6ms)
2026-09-19 17:21:33 DEBUG [asyncio] Using selector: KqueueSelector
2026-09-19 17:21:33 DEBUG [eta.access] GET /api/errors → 200 (2ms)
2026-09-19 17:21:33 DEBUG [asyncio] Using selector: KqueueSelector
2026-09-19 17:21:33 DEBUG [eta.access] POST /api/errors/10/confirm → 200 (4ms)
2026-09-19 17:21:33 DEBUG [asyncio] Using selector: KqueueSelector
2026-09-19 17:21:33 DEBUG [eta.access] POST /api/errors/scan → 200 (5ms)
2026-09-19 17:21:33 DEBUG [asyncio] Using selector: KqueueSelector
2026-09-19 17:21:33 DEBUG [eta.access] GET /api/errors → 200 (2ms)
2026-09-19 17:21:33 DEBUG [asyncio] Using selector: KqueueSelector
2026-09-19 17:21:33 DEBUG [eta.access] POST /api/errors/11/confirm → 200 (4ms)
2026-09-19 17:21:33 DEBUG [asyncio] Using selector: KqueueSelector
2026-09-19 17:21:33 DEBUG [eta.access] POST /api/errors/scan → 200 (5ms)
2026-09-19 17:21:33 DEBUG [asyncio] Using selector: KqueueSelector
2026-09-19 17:21:33 DEBUG [eta.access] GET /api/errors → 200 (2ms)
2026-09-19 17:21:33 DEBUG [asyncio] Using selector: KqueueSelector
2026-09-19 17:21:33 DEBUG [eta.access] POST /api/errors/12/confirm → 200 (4ms)
2026-09-19 17:21:33 DEBUG [asyncio] Using selector: KqueueSelector
2026-09-19 17:21:33 DEBUG [eta.access] POST /api/errors/scan → 200 (5ms)
2026-09-19 17:21:33 DEBUG [asyncio] Using selector: KqueueSelector
2026-09-19 17:21:33 DEBUG [eta.access] GET /api/errors → 200 (2ms)
2026-09-19 17:21:33 DEBUG [asyncio] Using selector: KqueueSelector
2026-09-19 17:21:33 DEBUG [eta.access] POST /api/errors/13/confirm → 200 (4ms)
2026-09-19 17:21:33 DEBUG [asyncio] Using selector: KqueueSelector
2026-09-19 17:21:33 DEBUG [eta.access] POST /api/errors/scan → 200 (5ms)
2026-09-19 17:21:33 DEBUG [asyncio] Using selector: KqueueSelector
2026-09-19 17:21:33 DEBUG [eta.access] GET /api/errors → 200 (2ms)
2026-09-19 17:21:33 DEBUG [asyncio] Using selector: KqueueSelector
2026-09-19 17:21:33 DEBUG [eta.access] POST /api/errors/14/confirm → 200 (4ms)
2026-09-19 17:21:33 DEBUG [asyncio] Using selector: KqueueSelector
2026-09-19 17:21:33 DEBUG [eta.access] POST /api/practice/generate → 200 (5ms)
2026-09-19 17:21:33 DEBUG [asyncio] Using selector: KqueueSelector
2026-09-19 17:21:33 DEBUG [eta.access] POST /api/practice/1/approve → 200 (3ms)
2026-09-19 17:21:33 DEBUG [asyncio] Using selector: KqueueSelector
2026-09-19 17:21:33 DEBUG [eta.access] GET /api/decision-sheet → 200 (7ms)
2026-09-19 17:21:33 DEBUG [asyncio] Using selector: KqueueSelector
2026-09-19 17:21:33 DEBUG [eta.access] GET /api/trends/categories → 200 (3ms)
2026-09-19 17:21:33 DEBUG [asyncio] Using selector: KqueueSelector
2026-09-19 17:21:33 DEBUG [eta.access] GET /api/export/errors.csv → 200 (4ms)
2026-09-19 17:21:33 DEBUG [asyncio] Using selector: KqueueSelector
2026-09-19 17:21:33 DEBUG [eta.access] POST /api/errors/scan → 200 (4ms)
2026-09-19 17:21:33 DEBUG [asyncio] Using selector: KqueueSelector
2026-09-19 17:21:33 DEBUG [eta.access] POST /api/errors/scan → 400 (2ms)
2026-09-19 17:21:33 DEBUG [asyncio] Using selector: KqueueSelector
2026-09-19 17:21:33 DEBUG [eta.access] POST /api/errors/scan → 200 (4ms)
2026-09-19 17:21:33 DEBUG [asyncio] Using selector: KqueueSelector
2026-09-19 17:21:33 DEBUG [eta.access] POST /api/errors/1/confirm → 400 (2ms)
2026-09-19 17:21:33 DEBUG [asyncio] Using selector: KqueueSelector
2026-09-19 17:21:33 DEBUG [eta.access] POST /api/students/import → 200 (4ms)
2026-09-19 17:21:33 DEBUG [asyncio] Using selector: KqueueSelector
2026-09-19 17:21:33 DEBUG [eta.access] POST /api/errors/scan-batch → 200 (13ms)
2026-09-19 17:21:33 DEBUG [asyncio] Using selector: KqueueSelector
2026-09-19 17:21:33 DEBUG [eta.access] GET /api/errors → 200 (2ms)
2026-09-19 17:21:33 DEBUG [asyncio] Using selector: KqueueSelector
2026-09-19 17:21:33 DEBUG [eta.access] POST /api/students/import → 200 (4ms)
2026-09-19 17:21:33 DEBUG [asyncio] Using selector: KqueueSelector
2026-09-19 17:21:33 DEBUG [eta.access] POST /api/errors/scan-batch → 200 (10ms)
2026-09-19 17:21:33 DEBUG [asyncio] Using selector: KqueueSelector
2026-09-19 17:21:33 DEBUG [eta.access] POST /api/students/import → 200 (3ms)
2026-09-19 17:21:33 DEBUG [asyncio] Using selector: KqueueSelector
2026-09-19 17:21:33 DEBUG [eta.access] POST /api/errors/scan-batch → 200 (6ms)
2026-09-19 17:21:33 DEBUG [asyncio] Using selector: KqueueSelector
2026-09-19 17:21:33 DEBUG [eta.access] POST /api/students/import → 200 (3ms)
2026-09-19 17:21:33 DEBUG [asyncio] Using selector: KqueueSelector
2026-09-19 17:21:33 DEBUG [eta.access] POST /api/errors/scan-photos → 200 (3ms)
2026-09-19 17:21:33 DEBUG [asyncio] Using selector: KqueueSelector
2026-09-19 17:21:33 DEBUG [eta.access] GET /api/errors → 200 (2ms)
2026-09-19 17:21:33 DEBUG [asyncio] Using selector: KqueueSelector
2026-09-19 17:21:33 DEBUG [eta.access] POST /api/errors/scan-photos-submit → 200 (11ms)
2026-09-19 17:21:33 DEBUG [asyncio] Using selector: KqueueSelector
2026-09-19 17:21:33 DEBUG [eta.access] GET /api/errors → 200 (3ms)
2026-09-19 17:21:33 DEBUG [asyncio] Using selector: KqueueSelector
2026-09-19 17:21:33 DEBUG [eta.access] POST /api/errors/scan-photos → 400 (2ms)
2026-09-19 17:21:33 DEBUG [asyncio] Using selector: KqueueSelector
2026-09-19 17:21:33 DEBUG [eta.access] POST /api/errors/scan-photos → 400 (2ms)
2026-09-19 17:21:33 DEBUG [asyncio] Using selector: KqueueSelector
2026-09-19 17:21:33 DEBUG [eta.access] POST /api/errors/scan-photos → 400 (1ms)
2026-09-19 17:21:33 DEBUG [asyncio] Using selector: KqueueSelector
2026-09-19 17:21:34 DEBUG [eta.access] POST /api/errors/scan → 200 (5ms)
2026-09-19 17:21:34 DEBUG [asyncio] Using selector: KqueueSelector
2026-09-19 17:21:34 DEBUG [eta.access] POST /api/errors/scan → 200 (3ms)
2026-09-19 17:21:34 DEBUG [asyncio] Using selector: KqueueSelector
2026-09-19 17:21:34 DEBUG [eta.access] GET /api/errors → 200 (2ms)
2026-09-19 17:21:34 DEBUG [asyncio] Using selector: KqueueSelector
2026-09-19 17:21:34 DEBUG [eta.access] POST /api/errors/confirm-bulk → 200 (4ms)
2026-09-19 17:21:34 DEBUG [asyncio] Using selector: KqueueSelector
2026-09-19 17:21:34 DEBUG [eta.access] GET /api/errors → 200 (2ms)
2026-09-19 17:21:34 DEBUG [asyncio] Using selector: KqueueSelector
2026-09-19 17:21:34 DEBUG [eta.access] POST /api/errors/confirm-bulk → 200 (3ms)
2026-09-19 17:21:34 DEBUG [asyncio] Using selector: KqueueSelector
2026-09-19 17:21:34 DEBUG [eta.access] GET /api/errors → 200 (2ms)
2026-09-19 17:21:34 DEBUG [asyncio] Using selector: KqueueSelector
2026-09-19 17:21:34 DEBUG [eta.access] POST /api/errors/confirm-bulk → 400 (2ms)
2026-09-19 17:21:34 DEBUG [asyncio] Using selector: KqueueSelector
2026-09-19 17:21:34 DEBUG [eta.access] POST /api/students → 200 (4ms)
2026-09-19 17:21:34 DEBUG [asyncio] Using selector: KqueueSelector
2026-09-19 17:21:34 DEBUG [eta.access] POST /api/students → 400 (3ms)
2026-09-19 17:21:34 DEBUG [asyncio] Using selector: KqueueSelector
2026-09-19 17:21:34 DEBUG [eta.access] POST /api/errors/scan → 200 (5ms)
2026-09-19 17:21:34 DEBUG [asyncio] Using selector: KqueueSelector
2026-09-19 17:21:34 DEBUG [eta.access] PUT /api/students/9101 → 200 (4ms)
2026-09-19 17:21:34 DEBUG [asyncio] Using selector: KqueueSelector
2026-09-19 17:21:34 DEBUG [eta.access] GET /api/errors → 200 (2ms)
2026-09-19 17:21:34 DEBUG [asyncio] Using selector: KqueueSelector
2026-09-19 17:21:34 DEBUG [eta.access] POST /api/students → 200 (3ms)
2026-09-19 17:21:34 DEBUG [asyncio] Using selector: KqueueSelector
2026-09-19 17:21:34 DEBUG [eta.access] PUT /api/students/9201 → 400 (3ms)
2026-09-19 17:21:34 DEBUG [asyncio] Using selector: KqueueSelector
2026-09-19 17:21:34 DEBUG [eta.access] DELETE /api/students/9201 → 200 (4ms)
2026-09-19 17:21:34 DEBUG [asyncio] Using selector: KqueueSelector
2026-09-19 17:21:34 DEBUG [eta.access] GET /api/errors → 200 (2ms)
2026-09-19 17:21:34 DEBUG [asyncio] Using selector: KqueueSelector
2026-09-19 17:21:34 DEBUG [eta.access] DELETE /api/students/9201 → 404 (1ms)
2026-09-19 17:21:34 DEBUG [asyncio] Using selector: KqueueSelector
2026-09-19 17:21:34 DEBUG [eta.access] POST /api/students → 200 (4ms)
2026-09-19 17:21:34 DEBUG [asyncio] Using selector: KqueueSelector
2026-09-19 17:21:34 DEBUG [eta.access] POST /api/errors/scan → 200 (5ms)
2026-09-19 17:21:34 DEBUG [asyncio] Using selector: KqueueSelector
2026-09-19 17:21:34 DEBUG [eta.access] DELETE /api/students/9102 → 200 (3ms)
2026-09-19 17:21:34 DEBUG [asyncio] Using selector: KqueueSelector
2026-09-19 17:21:34 DEBUG [eta.access] GET /api/errors → 200 (2ms)
2026-09-19 17:21:34 DEBUG [asyncio] Using selector: KqueueSelector
2026-09-19 17:21:34 DEBUG [eta.access] POST /api/classes → 200 (5ms)
2026-09-19 17:21:34 DEBUG [asyncio] Using selector: KqueueSelector
2026-09-19 17:21:34 DEBUG [eta.access] GET /api/classes → 200 (2ms)
2026-09-19 17:21:34 DEBUG [asyncio] Using selector: KqueueSelector
2026-09-19 17:21:34 DEBUG [eta.access] POST /api/classes → 400 (2ms)
2026-09-19 17:21:34 DEBUG [asyncio] Using selector: KqueueSelector
2026-09-19 17:21:34 DEBUG [eta.access] POST /api/classes → 400 (2ms)
2026-09-19 17:21:34 DEBUG [asyncio] Using selector: KqueueSelector
2026-09-19 17:21:34 DEBUG [eta.access] POST /api/students → 200 (3ms)
2026-09-19 17:21:34 DEBUG [asyncio] Using selector: KqueueSelector
2026-09-19 17:21:34 DEBUG [eta.access] POST /api/errors/scan → 200 (4ms)
2026-09-19 17:21:34 DEBUG [asyncio] Using selector: KqueueSelector
2026-09-19 17:21:34 DEBUG [eta.access] PUT /api/classes/九(1)班 → 200 (4ms)
2026-09-19 17:21:34 DEBUG [asyncio] Using selector: KqueueSelector
2026-09-19 17:21:34 DEBUG [eta.access] GET /api/classes → 200 (2ms)
2026-09-19 17:21:34 DEBUG [asyncio] Using selector: KqueueSelector
2026-09-19 17:21:34 DEBUG [eta.access] GET /api/students → 200 (1ms)
2026-09-19 17:21:34 DEBUG [asyncio] Using selector: KqueueSelector
2026-09-19 17:21:34 DEBUG [eta.access] GET /api/errors → 200 (2ms)
2026-09-19 17:21:34 DEBUG [asyncio] Using selector: KqueueSelector
2026-09-19 17:21:34 DEBUG [eta.access] DELETE /api/classes/九(2)班 → 200 (3ms)
2026-09-19 17:21:34 DEBUG [asyncio] Using selector: KqueueSelector
2026-09-19 17:21:34 DEBUG [eta.access] GET /api/students → 200 (2ms)
2026-09-19 17:21:34 DEBUG [asyncio] Using selector: KqueueSelector
2026-09-19 17:21:34 DEBUG [eta.access] GET /api/errors → 200 (2ms)
2026-09-19 17:21:34 DEBUG [asyncio] Using selector: KqueueSelector
2026-09-19 17:21:34 DEBUG [eta.access] POST /api/classes → 200 (4ms)
2026-09-19 17:21:34 DEBUG [asyncio] Using selector: KqueueSelector
2026-09-19 17:21:34 DEBUG [eta.access] POST /api/classes → 200 (4ms)
2026-09-19 17:21:34 DEBUG [asyncio] Using selector: KqueueSelector
2026-09-19 17:21:34 DEBUG [eta.access] POST /api/students → 200 (3ms)
2026-09-19 17:21:34 DEBUG [asyncio] Using selector: KqueueSelector
2026-09-19 17:21:34 DEBUG [eta.access] PUT /api/classes/九(3)班 → 400 (2ms)
2026-09-19 17:21:34 DEBUG [asyncio] Using selector: KqueueSelector
2026-09-19 17:21:34 DEBUG [eta.access] DELETE /api/classes/九(3)班 → 200 (3ms)
2026-09-19 17:21:34 DEBUG [asyncio] Using selector: KqueueSelector
2026-09-19 17:21:34 DEBUG [eta.access] DELETE /api/classes/九(1)班 → 200 (3ms)
2026-09-19 17:21:34 DEBUG [asyncio] Using selector: KqueueSelector
2026-09-19 17:21:34 DEBUG [eta.access] GET /api/classes → 200 (1ms)
2026-09-19 17:21:34 DEBUG [asyncio] Using selector: KqueueSelector
2026-09-19 17:21:34 DEBUG [eta.access] POST /api/classes → 200 (3ms)
2026-09-19 17:21:34 DEBUG [asyncio] Using selector: KqueueSelector
2026-09-19 17:21:34 DEBUG [eta.access] POST /api/students → 200 (4ms)
2026-09-19 17:21:34 DEBUG [asyncio] Using selector: KqueueSelector
2026-09-19 17:21:34 DEBUG [eta.access] POST /api/errors/scan → 200 (5ms)
2026-09-19 17:21:34 DEBUG [asyncio] Using selector: KqueueSelector
2026-09-19 17:21:34 DEBUG [eta.access] DELETE /api/classes/旧库班 → 200 (4ms)
2026-09-19 17:21:34 DEBUG [asyncio] Using selector: KqueueSelector
2026-09-19 17:21:34 DEBUG [eta.access] POST /api/errors/scan → 200 (4ms)
2026-09-19 17:21:34 DEBUG [asyncio] Using selector: KqueueSelector
2026-09-19 17:21:34 DEBUG [eta.access] POST /api/errors/1/confirm → 200 (4ms)
2026-09-19 17:21:34 DEBUG [asyncio] Using selector: KqueueSelector
2026-09-19 17:21:34 DEBUG [eta.access] POST /api/errors/scan → 200 (4ms)
2026-09-19 17:21:34 DEBUG [asyncio] Using selector: KqueueSelector
2026-09-19 17:21:34 DEBUG [eta.access] POST /api/errors/2/confirm → 200 (4ms)
2026-09-19 17:21:34 DEBUG [asyncio] Using selector: KqueueSelector
2026-09-19 17:21:34 DEBUG [eta.access] POST /api/errors/scan → 200 (4ms)
2026-09-19 17:21:34 DEBUG [asyncio] Using selector: KqueueSelector
2026-09-19 17:21:34 DEBUG [eta.access] POST /api/errors/3/confirm → 200 (4ms)
2026-09-19 17:21:34 DEBUG [asyncio] Using selector: KqueueSelector
2026-09-19 17:21:34 DEBUG [eta.access] POST /api/errors/scan → 200 (4ms)
2026-09-19 17:21:34 DEBUG [asyncio] Using selector: KqueueSelector
2026-09-19 17:21:34 DEBUG [eta.access] POST /api/errors/4/confirm → 200 (4ms)
2026-09-19 17:21:34 DEBUG [asyncio] Using selector: KqueueSelector
2026-09-19 17:21:34 DEBUG [eta.access] POST /api/decision-sheet/ai → 200 (6ms)
2026-09-19 17:21:34 DEBUG [asyncio] Using selector: KqueueSelector
2026-09-19 17:21:34 DEBUG [eta.access] POST /api/decision-sheet/ai → 400 (3ms)
2026-09-19 17:21:34 DEBUG [asyncio] Using selector: KqueueSelector
2026-09-19 17:21:34 DEBUG [eta.access] POST /api/practice/generate → 422 (1ms)
2026-09-19 17:21:34 DEBUG [asyncio] Using selector: KqueueSelector
2026-09-19 17:21:34 DEBUG [eta.access] POST /api/practice/generate → 422 (1ms)
2026-09-19 17:21:34 DEBUG [asyncio] Using selector: KqueueSelector
2026-09-19 17:21:34 DEBUG [eta.access] POST /api/practice/generate → 200 (4ms)
2026-09-19 17:21:34 DEBUG [asyncio] Using selector: KqueueSelector
2026-09-19 17:21:34 DEBUG [eta.access] POST /api/practice/generate → 200 (6ms)
2026-09-19 17:21:34 DEBUG [asyncio] Using selector: KqueueSelector
2026-09-19 17:21:34 DEBUG [eta.access] POST /api/practice/generate → 200 (5ms)
2026-09-19 17:21:34 DEBUG [asyncio] Using selector: KqueueSelector
2026-09-19 17:21:34 DEBUG [eta.access] POST /api/practice/generate → 400 (1ms)
2026-09-19 17:21:34 DEBUG [asyncio] Using selector: KqueueSelector
2026-09-19 17:21:34 DEBUG [eta.access] POST /api/practice/generate → 400 (2ms)
2026-09-19 17:21:34 DEBUG [asyncio] Using selector: KqueueSelector
2026-09-19 17:21:34 DEBUG [eta.access] POST /api/paper/generate → 400 (3ms)
2026-09-19 17:21:34 DEBUG [asyncio] Using selector: KqueueSelector
2026-09-19 17:21:34 DEBUG [eta.access] POST /api/errors/scan → 200 (4ms)
2026-09-19 17:21:34 DEBUG [asyncio] Using selector: KqueueSelector
2026-09-19 17:21:34 DEBUG [eta.access] POST /api/errors/1/confirm → 200 (4ms)
2026-09-19 17:21:34 DEBUG [asyncio] Using selector: KqueueSelector
2026-09-19 17:21:34 DEBUG [eta.access] POST /api/errors/scan → 200 (4ms)
2026-09-19 17:21:34 DEBUG [asyncio] Using selector: KqueueSelector
2026-09-19 17:21:34 DEBUG [eta.access] POST /api/errors/2/confirm → 200 (5ms)
2026-09-19 17:21:34 DEBUG [asyncio] Using selector: KqueueSelector
2026-09-19 17:21:34 DEBUG [eta.access] POST /api/paper/generate → 200 (4ms)
2026-09-19 17:21:34 DEBUG [asyncio] Using selector: KqueueSelector
2026-09-19 17:21:34 DEBUG [eta.access] POST /api/paper/generate → 200 (4ms)
2026-09-19 17:21:34 DEBUG [asyncio] Using selector: KqueueSelector
2026-09-19 17:21:34 DEBUG [eta.access] POST /api/paper/generate → 422 (2ms)
2026-09-19 17:21:34 DEBUG [asyncio] Using selector: KqueueSelector
2026-09-19 17:21:34 DEBUG [eta.access] POST /api/paper/generate → 422 (1ms)
2026-09-19 17:21:34 DEBUG [asyncio] Using selector: KqueueSelector
2026-09-19 17:21:34 DEBUG [eta.access] POST /api/paper/generate → 200 (3ms)
2026-09-19 17:21:34 DEBUG [asyncio] Using selector: KqueueSelector
2026-09-19 17:21:34 DEBUG [eta.access] GET /api/papers → 200 (3ms)
2026-09-19 17:21:34 DEBUG [asyncio] Using selector: KqueueSelector
2026-09-19 17:21:34 DEBUG [eta.access] POST /api/paper/1/approve → 200 (3ms)
2026-09-19 17:21:34 DEBUG [asyncio] Using selector: KqueueSelector
2026-09-19 17:21:34 DEBUG [eta.access] POST /api/paper/1/approve → 404 (2ms)
2026-09-19 17:21:34 DEBUG [asyncio] Using selector: KqueueSelector
2026-09-19 17:21:34 DEBUG [eta.access] GET /api/papers → 200 (2ms)
2026-09-19 17:21:34 DEBUG [asyncio] Using selector: KqueueSelector
2026-09-19 17:21:34 DEBUG [eta.access] POST /api/errors/scan → 200 (3ms)
2026-09-19 17:21:34 DEBUG [asyncio] Using selector: KqueueSelector
2026-09-19 17:21:34 DEBUG [eta.access] POST /api/errors/1/confirm → 200 (4ms)
2026-09-19 17:21:34 DEBUG [asyncio] Using selector: KqueueSelector
2026-09-19 17:21:34 DEBUG [eta.access] POST /api/errors/scan → 200 (4ms)
2026-09-19 17:21:34 DEBUG [asyncio] Using selector: KqueueSelector
2026-09-19 17:21:34 DEBUG [eta.access] POST /api/errors/2/confirm → 200 (4ms)
2026-09-19 17:21:34 DEBUG [asyncio] Using selector: KqueueSelector
2026-09-19 17:21:34 DEBUG [eta.access] POST /api/practice/generate → 200 (5ms)
2026-09-19 17:21:34 DEBUG [asyncio] Using selector: KqueueSelector
2026-09-19 17:21:34 DEBUG [eta.access] POST /api/practice/generate → 200 (4ms)
2026-09-19 17:21:34 DEBUG [asyncio] Using selector: KqueueSelector
2026-09-19 17:21:34 DEBUG [eta.access] POST /api/paper/generate → 200 (3ms)
2026-09-19 17:21:34 DEBUG [asyncio] Using selector: KqueueSelector
2026-09-19 17:21:34 DEBUG [eta.access] POST /api/paper/generate → 400 (3ms)
2026-09-19 17:21:34 DEBUG [asyncio] Using selector: KqueueSelector
2026-09-19 17:21:34 DEBUG [eta.access] POST /api/practice/generate → 200 (4ms)
2026-09-19 17:21:34 DEBUG [asyncio] Using selector: KqueueSelector
2026-09-19 17:21:34 DEBUG [eta.access] POST /api/paper/generate → 200 (3ms)
2026-09-19 17:21:34 DEBUG [asyncio] Using selector: KqueueSelector
2026-09-19 17:21:34 DEBUG [eta.access] POST /api/practice/generate → 200 (4ms)
2026-09-19 17:21:34 DEBUG [asyncio] Using selector: KqueueSelector
2026-09-19 17:21:34 DEBUG [eta.access] GET /api/practices/export → 400 (20ms)
2026-09-19 17:21:34 DEBUG [asyncio] Using selector: KqueueSelector
2026-09-19 17:21:34 DEBUG [eta.access] GET /api/practices/export → 200 (2ms)
2026-09-19 17:21:34 DEBUG [asyncio] Using selector: KqueueSelector
2026-09-19 17:21:34 DEBUG [eta.access] POST /api/practice/1/approve → 200 (3ms)
2026-09-19 17:21:34 DEBUG [asyncio] Using selector: KqueueSelector
2026-09-19 17:21:34 DEBUG [eta.access] GET /api/practices/export → 200 (2ms)
2026-09-19 17:21:34 DEBUG [asyncio] Using selector: KqueueSelector
2026-09-19 17:21:34 DEBUG [eta.access] GET /api/practices/export → 200 (178ms)
2026-09-19 17:21:34 DEBUG [asyncio] Using selector: KqueueSelector
2026-09-19 17:21:34 DEBUG [eta.access] POST /api/practice/generate → 200 (4ms)
2026-09-19 17:21:35 DEBUG [asyncio] Using selector: KqueueSelector
2026-09-19 17:21:35 DEBUG [eta.access] POST /api/practice/2/approve → 200 (3ms)
2026-09-19 17:21:35 DEBUG [asyncio] Using selector: KqueueSelector
2026-09-19 17:21:35 DEBUG [eta.access] GET /api/practices/export → 200 (2ms)
2026-09-19 17:21:35 DEBUG [asyncio] Using selector: KqueueSelector
2026-09-19 17:21:35 DEBUG [eta.access] GET /api/practices/export → 400 (1ms)
2026-09-19 17:21:35 DEBUG [asyncio] Using selector: KqueueSelector
2026-09-19 17:21:35 DEBUG [eta.access] POST /api/errors/scan → 200 (4ms)
2026-09-19 17:21:35 DEBUG [asyncio] Using selector: KqueueSelector
2026-09-19 17:21:35 DEBUG [eta.access] POST /api/errors/1/confirm → 200 (4ms)
2026-09-19 17:21:35 DEBUG [asyncio] Using selector: KqueueSelector
2026-09-19 17:21:35 DEBUG [eta.access] POST /api/errors/scan → 200 (4ms)
2026-09-19 17:21:35 DEBUG [asyncio] Using selector: KqueueSelector
2026-09-19 17:21:35 DEBUG [eta.access] POST /api/errors/2/confirm → 200 (10ms)
2026-09-19 17:21:35 DEBUG [asyncio] Using selector: KqueueSelector
2026-09-19 17:21:35 DEBUG [eta.access] POST /api/paper/generate → 200 (4ms)
2026-09-19 17:21:35 DEBUG [asyncio] Using selector: KqueueSelector
2026-09-19 17:21:35 DEBUG [eta.access] GET /api/papers/1/export → 400 (3ms)
2026-09-19 17:21:35 DEBUG [asyncio] Using selector: KqueueSelector
2026-09-19 17:21:35 DEBUG [eta.access] POST /api/paper/1/approve → 200 (2ms)
2026-09-19 17:21:35 DEBUG [asyncio] Using selector: KqueueSelector
2026-09-19 17:21:35 DEBUG [eta.access] GET /api/papers/1/export → 200 (2ms)
2026-09-19 17:21:35 DEBUG [asyncio] Using selector: KqueueSelector
2026-09-19 17:21:35 DEBUG [eta.access] GET /api/papers/1/export → 200 (36ms)
2026-09-19 17:21:35 DEBUG [asyncio] Using selector: KqueueSelector
2026-09-19 17:21:35 DEBUG [eta.access] GET /api/papers/999/export → 404 (2ms)
2026-09-19 17:21:35 DEBUG [asyncio] Using selector: KqueueSelector
2026-09-19 17:21:35 DEBUG [eta.access] POST /api/classes → 200 (4ms)
2026-09-19 17:21:35 DEBUG [asyncio] Using selector: KqueueSelector
2026-09-19 17:21:35 DEBUG [eta.access] POST /api/students → 200 (3ms)
2026-09-19 17:21:35 DEBUG [asyncio] Using selector: KqueueSelector
2026-09-19 17:21:35 DEBUG [eta.access] POST /api/errors/scan → 200 (6ms)
2026-09-19 17:21:35 DEBUG [asyncio] Using selector: KqueueSelector
2026-09-19 17:21:35 DEBUG [eta.access] POST /api/errors/1/confirm → 200 (5ms)
2026-09-19 17:21:35 DEBUG [asyncio] Using selector: KqueueSelector
2026-09-19 17:21:35 DEBUG [eta.access] POST /api/errors/scan → 200 (5ms)
2026-09-19 17:21:35 DEBUG [asyncio] Using selector: KqueueSelector
2026-09-19 17:21:35 DEBUG [eta.access] POST /api/errors/2/confirm → 200 (4ms)
2026-09-19 17:21:35 DEBUG [asyncio] Using selector: KqueueSelector
2026-09-19 17:21:35 DEBUG [eta.access] POST /api/errors/scan → 200 (5ms)
2026-09-19 17:21:35 DEBUG [asyncio] Using selector: KqueueSelector
2026-09-19 17:21:35 DEBUG [eta.access] POST /api/errors/3/confirm → 200 (4ms)
2026-09-19 17:21:35 DEBUG [asyncio] Using selector: KqueueSelector
2026-09-19 17:21:35 DEBUG [eta.access] POST /api/errors/scan → 200 (5ms)
2026-09-19 17:21:35 DEBUG [asyncio] Using selector: KqueueSelector
2026-09-19 17:21:35 DEBUG [eta.access] POST /api/errors/4/confirm → 200 (5ms)
2026-09-19 17:21:35 DEBUG [asyncio] Using selector: KqueueSelector
2026-09-19 17:21:35 DEBUG [eta.access] POST /api/errors/scan → 200 (5ms)
2026-09-19 17:21:35 DEBUG [asyncio] Using selector: KqueueSelector
2026-09-19 17:21:35 DEBUG [eta.access] POST /api/errors/5/confirm → 200 (4ms)
2026-09-19 17:21:35 DEBUG [asyncio] Using selector: KqueueSelector
2026-09-19 17:21:35 DEBUG [eta.access] GET /api/decision-sheet/export → 200 (5ms)
2026-09-19 17:21:35 DEBUG [asyncio] Using selector: KqueueSelector
2026-09-19 17:21:35 DEBUG [eta.access] GET /api/decision-sheet/export → 200 (45ms)
2026-09-19 17:21:35 DEBUG [asyncio] Using selector: KqueueSelector
2026-09-19 17:21:35 DEBUG [eta.access] POST /api/students/import → 200 (3ms)
2026-09-19 17:21:35 DEBUG [asyncio] Using selector: KqueueSelector
2026-09-19 17:21:35 DEBUG [eta.access] POST /api/errors/scan → 200 (5ms)
2026-09-19 17:21:35 DEBUG [asyncio] Using selector: KqueueSelector
2026-09-19 17:21:35 DEBUG [eta.access] POST /api/errors/1/confirm → 200 (4ms)
2026-09-19 17:21:35 DEBUG [asyncio] Using selector: KqueueSelector
2026-09-19 17:21:35 DEBUG [eta.access] POST /api/errors/scan → 200 (5ms)
2026-09-19 17:21:35 DEBUG [asyncio] Using selector: KqueueSelector
2026-09-19 17:21:35 DEBUG [eta.access] POST /api/errors/2/confirm → 200 (5ms)
2026-09-19 17:21:35 DEBUG [asyncio] Using selector: KqueueSelector
2026-09-19 17:21:35 INFO [eta.export] 导出学生综合信息：2 名学生（class=九(1)班）
2026-09-19 17:21:35 DEBUG [eta.access] GET /api/students/export.csv → 200 (5ms)
2026-09-19 17:21:35 DEBUG [asyncio] Using selector: KqueueSelector
2026-09-19 17:21:35 DEBUG [eta.access] POST /api/students → 200 (3ms)
2026-09-19 17:21:35 DEBUG [asyncio] Using selector: KqueueSelector
2026-09-19 17:21:35 DEBUG [eta.access] GET /api/students/S01/profile → 200 (5ms)
2026-09-19 17:21:35 DEBUG [asyncio] Using selector: KqueueSelector
2026-09-19 17:21:35 DEBUG [eta.access] POST /api/students → 200 (3ms)
2026-09-19 17:21:35 DEBUG [asyncio] Using selector: KqueueSelector
2026-09-19 17:21:35 DEBUG [eta.access] POST /api/students → 200 (14ms)
2026-09-19 17:21:35 DEBUG [asyncio] Using selector: KqueueSelector
2026-09-19 17:21:35 INFO [eta.export] 导出学生错题档案报告：S01
2026-09-19 17:21:35 DEBUG [eta.access] GET /api/students/S01/report → 200 (3ms)
2026-09-19 17:21:35 DEBUG [asyncio] Using selector: KqueueSelector
2026-09-19 17:21:35 DEBUG [eta.access] GET /api/students/S99/report → 404 (2ms)
2026-09-19 17:21:35 DEBUG [asyncio] Using selector: KqueueSelector
2026-09-19 17:21:35 INFO [eta.export] 导出学生错题档案 zip：2 名学生（class=九(1)班）
2026-09-19 17:21:35 DEBUG [eta.access] GET /api/students/reports.zip → 200 (6ms)
2026-09-19 17:21:35 DEBUG [asyncio] Using selector: KqueueSelector
2026-09-19 17:21:35 DEBUG [eta.access] GET /api/students/reports.zip → 400 (2ms)
2026-09-19 17:21:35 DEBUG [asyncio] Using selector: KqueueSelector
2026-09-19 17:21:35 DEBUG [eta.access] GET /api/errors/batches → 200 (2ms)
2026-09-19 17:21:35 DEBUG [asyncio] Using selector: KqueueSelector
2026-09-19 17:21:35 DEBUG [eta.access] GET /api/errors/batches → 200 (2ms)
2026-09-19 17:21:35 DEBUG [asyncio] Using selector: KqueueSelector
2026-09-19 17:21:35 DEBUG [eta.access] GET /api/decision-sheet → 200 (7ms)
2026-09-19 17:21:35 DEBUG [asyncio] Using selector: KqueueSelector
2026-09-19 17:21:35 DEBUG [eta.access] GET /api/decision-sheet → 200 (6ms)
2026-09-19 17:21:35 DEBUG [asyncio] Using selector: KqueueSelector
2026-09-19 17:21:35 DEBUG [eta.access] GET /api/dashboard → 200 (6ms)
2026-09-19 17:21:35 DEBUG [asyncio] Using selector: KqueueSelector
2026-09-19 17:21:35 DEBUG [eta.access] GET /api/dashboard → 200 (9ms)
2026-09-19 17:21:35 DEBUG [asyncio] Using selector: KqueueSelector
2026-09-19 17:21:35 DEBUG [eta.access] GET /api/trends/categories → 200 (2ms)
2026-09-19 17:21:35 DEBUG [asyncio] Using selector: KqueueSelector
2026-09-19 17:21:36 DEBUG [eta.access] POST /api/errors/confirm-bulk → 200 (4ms)
2026-09-19 17:21:36 DEBUG [asyncio] Using selector: KqueueSelector
2026-09-19 17:21:36 DEBUG [eta.access] GET /api/dashboard → 200 (7ms)
2026-09-19 17:21:36 DEBUG [asyncio] Using selector: KqueueSelector
2026-09-19 17:21:36 DEBUG [eta.access] GET /api/decision-sheet/export → 200 (3ms)
2026-09-19 17:21:36 DEBUG [asyncio] Using selector: KqueueSelector
2026-09-19 17:21:36 DEBUG [eta.access] POST /api/check/dictation → 200 (13ms)
2026-09-19 17:21:36 DEBUG [asyncio] Using selector: KqueueSelector
2026-09-19 17:21:36 DEBUG [eta.access] GET /api/errors → 200 (3ms)
2026-09-19 17:21:36 DEBUG [asyncio] Using selector: KqueueSelector
2026-09-19 17:21:36 DEBUG [eta.access] GET /api/check/sessions → 200 (2ms)
2026-09-19 17:21:36 DEBUG [asyncio] Using selector: KqueueSelector
2026-09-19 17:21:36 DEBUG [eta.access] GET /api/check/sessions/1 → 200 (2ms)
2026-09-19 17:21:36 DEBUG [asyncio] Using selector: KqueueSelector
2026-09-19 17:21:36 DEBUG [eta.access] POST /api/check/assignment → 200 (14ms)
2026-09-19 17:21:36 DEBUG [asyncio] Using selector: KqueueSelector
2026-09-19 17:21:36 DEBUG [eta.access] GET /api/errors → 200 (2ms)
2026-09-19 17:21:36 DEBUG [asyncio] Using selector: KqueueSelector
2026-09-19 17:21:36 DEBUG [eta.access] POST /api/check/assignment → 200 (11ms)
2026-09-19 17:21:36 DEBUG [asyncio] Using selector: KqueueSelector
2026-09-19 17:21:36 DEBUG [eta.access] GET /api/errors → 200 (4ms)
2026-09-19 17:21:36 DEBUG [asyncio] Using selector: KqueueSelector
2026-09-19 17:21:36 DEBUG [eta.access] POST /api/check/assignment → 200 (4ms)
2026-09-19 17:21:36 DEBUG [asyncio] Using selector: KqueueSelector
2026-09-19 17:21:36 DEBUG [eta.access] POST /api/check/assignment → 200 (9ms)
2026-09-19 17:21:36 DEBUG [asyncio] Using selector: KqueueSelector
2026-09-19 17:21:36 DEBUG [eta.access] POST /api/check/dictation → 400 (2ms)
2026-09-19 17:21:36 DEBUG [asyncio] Using selector: KqueueSelector
2026-09-19 17:21:36 DEBUG [eta.access] POST /api/check/assignment → 400 (2ms)
2026-09-19 17:21:36 DEBUG [asyncio] Using selector: KqueueSelector
2026-09-19 17:21:36 DEBUG [eta.access] GET /api/check/sessions/999999 → 404 (2ms)
2026-09-19 17:21:36 DEBUG [asyncio] Using selector: KqueueSelector
2026-09-19 17:21:36 DEBUG [eta.access] POST /api/check/dictation → 200 (5ms)
2026-09-19 17:21:36 DEBUG [asyncio] Using selector: KqueueSelector
2026-09-19 17:21:36 DEBUG [eta.access] PATCH /api/check/sessions/1 → 200 (5ms)
2026-09-19 17:21:36 DEBUG [asyncio] Using selector: KqueueSelector
2026-09-19 17:21:36 DEBUG [eta.access] GET /api/check/sessions → 200 (2ms)
2026-09-19 17:21:36 DEBUG [asyncio] Using selector: KqueueSelector
2026-09-19 17:21:36 DEBUG [eta.access] POST /api/students/import → 200 (4ms)
2026-09-19 17:21:36 DEBUG [asyncio] Using selector: KqueueSelector
2026-09-19 17:21:36 DEBUG [eta.access] POST /api/check/dictation → 200 (10ms)
2026-09-19 17:21:36 DEBUG [asyncio] Using selector: KqueueSelector
2026-09-19 17:21:36 DEBUG [eta.access] GET /api/check/sessions/1/export → 200 (3ms)
2026-09-19 17:21:36 DEBUG [asyncio] Using selector: KqueueSelector
2026-09-19 17:21:36 DEBUG [eta.access] GET /api/check/sessions/999999/export → 404 (2ms)
2026-09-19 17:21:36 DEBUG [asyncio] Using selector: KqueueSelector
2026-09-19 17:21:36 DEBUG [eta.access] POST /api/students/import → 200 (6ms)
2026-09-19 17:21:36 DEBUG [asyncio] Using selector: KqueueSelector
2026-09-19 17:21:36 DEBUG [eta.access] POST /api/check/dictation → 200 (10ms)
2026-09-19 17:21:36 DEBUG [asyncio] Using selector: KqueueSelector
2026-09-19 17:21:36 INFO [eta.api.check] 导出全部单生批改报告：2 名学生（session=1）
2026-09-19 17:21:36 DEBUG [eta.access] GET /api/check/sessions/1/export-all → 200 (5ms)
2026-09-19 17:21:36 DEBUG [asyncio] Using selector: KqueueSelector
2026-09-19 17:21:36 DEBUG [eta.access] GET /api/check/sessions/999999/export-all → 404 (4ms)
2026-09-19 17:21:36 DEBUG [asyncio] Using selector: KqueueSelector
2026-09-19 17:21:36 DEBUG [eta.access] POST /api/students → 200 (4ms)
2026-09-19 17:21:36 DEBUG [asyncio] Using selector: KqueueSelector
2026-09-19 17:21:36 DEBUG [eta.access] POST /api/students → 200 (4ms)
2026-09-19 17:21:36 DEBUG [asyncio] Using selector: KqueueSelector
2026-09-19 17:21:36 DEBUG [eta.access] POST /api/students → 200 (4ms)
2026-09-19 17:21:36 DEBUG [asyncio] Using selector: KqueueSelector
2026-09-19 17:21:36 DEBUG [eta.access] POST /api/students → 200 (5ms)
2026-09-19 17:21:36 DEBUG [asyncio] Using selector: KqueueSelector
2026-09-19 17:21:36 DEBUG [eta.access] POST /api/students → 200 (5ms)
2026-09-19 17:21:36 DEBUG [asyncio] Using selector: KqueueSelector
2026-09-19 17:21:36 DEBUG [eta.access] POST /api/students → 200 (4ms)
2026-09-19 17:21:36 DEBUG [asyncio] Using selector: KqueueSelector
2026-09-19 17:21:36 DEBUG [eta.access] POST /api/students/S01/cleanup → 200 (5ms)
2026-09-19 17:21:36 DEBUG [asyncio] Using selector: KqueueSelector
2026-09-19 17:21:36 DEBUG [eta.access] GET /api/students/S01/profile → 200 (3ms)
2026-09-19 17:21:36 DEBUG [asyncio] Using selector: KqueueSelector
2026-09-19 17:21:36 DEBUG [eta.access] POST /api/students/S01/cleanup → 200 (4ms)
2026-09-19 17:21:36 DEBUG [asyncio] Using selector: KqueueSelector
2026-09-19 17:21:36 DEBUG [eta.access] GET /api/students/S01/profile → 200 (2ms)
2026-09-19 17:21:36 DEBUG [asyncio] Using selector: KqueueSelector
2026-09-19 17:21:36 DEBUG [eta.access] POST /api/students → 200 (4ms)
2026-09-19 17:21:36 DEBUG [asyncio] Using selector: KqueueSelector
2026-09-19 17:21:36 DEBUG [eta.access] POST /api/students → 200 (4ms)
2026-09-19 17:21:36 DEBUG [asyncio] Using selector: KqueueSelector
2026-09-19 17:21:36 DEBUG [eta.access] POST /api/students/S01/cleanup → 200 (3ms)
2026-09-19 17:21:37 DEBUG [asyncio] Using selector: KqueueSelector
2026-09-19 17:21:37 DEBUG [eta.access] POST /api/students → 200 (8ms)
2026-09-19 17:21:37 DEBUG [asyncio] Using selector: KqueueSelector
2026-09-19 17:21:37 DEBUG [eta.access] POST /api/students → 200 (6ms)
2026-09-19 17:21:37 DEBUG [asyncio] Using selector: KqueueSelector
2026-09-19 17:21:37 DEBUG [eta.access] POST /api/students/S01/cleanup → 200 (5ms)
2026-09-19 17:21:37 DEBUG [asyncio] Using selector: KqueueSelector
2026-09-19 17:21:37 DEBUG [eta.access] POST /api/students → 200 (6ms)
2026-09-19 17:21:37 DEBUG [asyncio] Using selector: KqueueSelector
2026-09-19 17:21:37 DEBUG [eta.access] POST /api/students → 200 (5ms)
2026-09-19 17:21:37 DEBUG [asyncio] Using selector: KqueueSelector
2026-09-19 17:21:37 DEBUG [eta.access] POST /api/students/S01/cleanup → 200 (5ms)
2026-09-19 17:21:37 DEBUG [asyncio] Using selector: KqueueSelector
2026-09-19 17:21:37 DEBUG [eta.access] POST /api/students → 200 (6ms)
2026-09-19 17:21:37 DEBUG [asyncio] Using selector: KqueueSelector
2026-09-19 17:21:37 DEBUG [eta.access] POST /api/students/P01/cleanup → 400 (2ms)
2026-09-19 17:21:37 DEBUG [asyncio] Using selector: KqueueSelector
2026-09-19 17:21:37 DEBUG [eta.access] POST /api/students/P01/cleanup → 400 (4ms)
2026-09-19 17:21:37 DEBUG [asyncio] Using selector: KqueueSelector
2026-09-19 17:21:37 DEBUG [eta.access] POST /api/students/NOPE/cleanup → 404 (2ms)
2026-09-19 17:21:37 DEBUG [asyncio] Using selector: KqueueSelector
2026-09-19 17:21:37 DEBUG [eta.access] POST /api/students → 200 (5ms)
2026-09-19 17:21:37 DEBUG [asyncio] Using selector: KqueueSelector
2026-09-19 17:21:37 DEBUG [eta.access] POST /api/students/V01/cleanup → 400 (2ms)
2026-09-19 17:21:37 WARNING [eta.ocr] dual 文档流 mineru 通道失败（降级继续）：MinerU 链路抖动
2026-09-19 17:21:37 WARNING [eta.ocr] dual 文档流 mineru 通道失败（降级继续）：down
2026-09-19 17:21:37 WARNING [eta.ocr] dual 文档流 paddleocr 通道失败（降级继续）：down
2026-09-19 17:21:38 DEBUG [asyncio] Using selector: KqueueSelector
2026-09-19 17:21:38 ERROR [eta.logs] 浏览器 [ERROR] 页面=#/scan 页面脚本错误
at boot
2026-09-19 17:21:38 DEBUG [eta.access] POST /api/logs/client → 200 (4ms)
2026-09-19 17:21:38 INFO [eta.ocr] MinerU batch=b1 创建，上传图片 (5 bytes)
2026-09-19 17:21:39 WARNING [eta.trace] 运行留痕写入失败：[Errno 20] Not a directory: '/private/var/folders/sh/v4ws268d63928m_6n_jzds6m0000gn/T/pytest-of-zbloom/pytest-31/test_record_never_raises_on_io0/blocker/sub'
2026-09-19 17:21:39 DEBUG [asyncio] Using selector: KqueueSelector
2026-09-19 17:21:39 DEBUG [eta.access] POST /api/check/organize-upload → 200 (3ms)
2026-09-19 17:21:39 DEBUG [asyncio] Using selector: KqueueSelector
2026-09-19 17:21:39 DEBUG [eta.access] POST /api/check/organize-upload → 200 (2ms)
2026-09-19 17:21:39 DEBUG [asyncio] Using selector: KqueueSelector
2026-09-19 17:21:39 DEBUG [eta.access] POST /api/check/organize-upload → 400 (2ms)
2026-09-19 17:21:39 DEBUG [asyncio] Using selector: KqueueSelector
2026-09-19 17:21:39 DEBUG [eta.access] POST /api/students/import → 200 (4ms)
2026-09-19 17:21:39 DEBUG [asyncio] Using selector: KqueueSelector
2026-09-19 17:21:39 DEBUG [eta.access] POST /api/check/photo-parse → 200 (5ms)
2026-09-19 17:21:39 DEBUG [asyncio] Using selector: KqueueSelector
2026-09-19 17:21:39 DEBUG [eta.access] POST /api/check/photo-parse → 200 (6ms)
2026-09-19 17:21:39 DEBUG [asyncio] Using selector: KqueueSelector
2026-09-19 17:21:39 DEBUG [eta.access] POST /api/check/photo-parse → 200 (4ms)
2026-09-19 17:21:39 DEBUG [asyncio] Using selector: KqueueSelector
2026-09-19 17:21:39 WARNING [eta.services.photo_check] 批改读图失败（张三/bad.jpg）：识别失败
2026-09-19 17:21:39 DEBUG [eta.access] POST /api/check/photo-parse → 200 (4ms)
2026-09-19 17:21:39 DEBUG [asyncio] Using selector: KqueueSelector
2026-09-19 17:21:39 DEBUG [eta.access] POST /api/check/photo-parse → 422 (2ms)
2026-09-19 17:21:39 DEBUG [asyncio] Using selector: KqueueSelector
2026-09-19 17:21:39 DEBUG [eta.access] POST /api/students/import → 200 (5ms)
2026-09-19 17:21:39 DEBUG [asyncio] Using selector: KqueueSelector
2026-09-19 17:21:39 DEBUG [eta.access] POST /api/check/assignment → 200 (11ms)
2026-09-19 17:21:39 DEBUG [asyncio] Using selector: KqueueSelector
2026-09-19 17:21:39 DEBUG [eta.access] GET /api/errors → 200 (3ms)
2026-09-19 17:21:39 DEBUG [asyncio] Using selector: KqueueSelector
2026-09-19 17:21:39 DEBUG [eta.access] GET /api/check/sessions/1/files → 200 (4ms)
2026-09-19 17:21:39 DEBUG [asyncio] Using selector: KqueueSelector
2026-09-19 17:21:39 DEBUG [eta.access] GET /api/check/sessions → 200 (2ms)
2026-09-19 17:21:39 DEBUG [asyncio] Using selector: KqueueSelector
2026-09-19 17:21:39 DEBUG [eta.access] POST /api/check/assignment → 200 (10ms)
2026-09-19 17:21:39 DEBUG [asyncio] Using selector: KqueueSelector
2026-09-19 17:21:39 DEBUG [eta.access] GET /api/check/sessions/1 → 200 (3ms)
2026-09-19 17:21:39 DEBUG [asyncio] Using selector: KqueueSelector
2026-09-19 17:21:39 DEBUG [eta.access] POST /api/students/import → 200 (4ms)
2026-09-19 17:21:39 DEBUG [asyncio] Using selector: KqueueSelector
2026-09-19 17:21:39 DEBUG [eta.access] POST /api/check/assignment → 200 (11ms)
2026-09-19 17:21:39 DEBUG [asyncio] Using selector: KqueueSelector
2026-09-19 17:21:39 DEBUG [eta.access] POST /api/students/import → 200 (4ms)
2026-09-19 17:21:39 DEBUG [asyncio] Using selector: KqueueSelector
2026-09-19 17:21:39 DEBUG [eta.access] POST /api/check/assignment → 200 (9ms)
2026-09-19 17:21:39 DEBUG [asyncio] Using selector: KqueueSelector
2026-09-19 17:21:39 DEBUG [eta.access] GET /api/check/sessions → 200 (5ms)
2026-09-19 17:21:39 DEBUG [asyncio] Using selector: KqueueSelector
2026-09-19 17:21:39 DEBUG [eta.access] GET /api/check/sessions → 200 (2ms)
2026-09-19 17:21:39 DEBUG [asyncio] Using selector: KqueueSelector
2026-09-19 17:21:39 DEBUG [eta.access] POST /api/students/import → 200 (4ms)
2026-09-19 17:21:39 DEBUG [asyncio] Using selector: KqueueSelector
2026-09-19 17:21:39 DEBUG [eta.access] POST /api/check/assignment → 200 (10ms)
2026-09-19 17:21:39 DEBUG [asyncio] Using selector: KqueueSelector
2026-09-19 17:21:39 DEBUG [eta.access] GET /api/check/sessions/1/files → 200 (2ms)
2026-09-19 17:21:39 DEBUG [asyncio] Using selector: KqueueSelector
2026-09-19 17:21:39 DEBUG [eta.access] DELETE /api/check/sessions/1 → 200 (3ms)
2026-09-19 17:21:39 DEBUG [asyncio] Using selector: KqueueSelector
2026-09-19 17:21:39 DEBUG [eta.access] GET /api/check/sessions/1 → 404 (2ms)
2026-09-19 17:21:39 DEBUG [asyncio] Using selector: KqueueSelector
2026-09-19 17:21:39 DEBUG [eta.access] GET /api/check/sessions/1/files → 404 (4ms)
2026-09-19 17:21:39 DEBUG [asyncio] Using selector: KqueueSelector
2026-09-19 17:21:39 DEBUG [eta.access] GET /api/errors → 200 (5ms)
2026-09-19 17:21:39 DEBUG [asyncio] Using selector: KqueueSelector
2026-09-19 17:21:39 DEBUG [eta.access] POST /api/students/import → 200 (4ms)
2026-09-19 17:21:39 DEBUG [asyncio] Using selector: KqueueSelector
2026-09-19 17:21:39 DEBUG [eta.access] POST /api/check/assignment → 200 (10ms)
2026-09-19 17:21:39 DEBUG [asyncio] Using selector: KqueueSelector
2026-09-19 17:21:39 DEBUG [eta.access] DELETE /api/check/sessions/2 → 200 (4ms)
2026-09-19 17:21:40 DEBUG [asyncio] Using selector: KqueueSelector
2026-09-19 17:21:40 DEBUG [eta.access] GET /api/errors → 200 (2ms)
2026-09-19 17:21:40 DEBUG [asyncio] Using selector: KqueueSelector
2026-09-19 17:21:40 DEBUG [eta.access] DELETE /api/check/sessions/999999 → 404 (2ms)
2026-09-19 17:21:40 DEBUG [asyncio] Using selector: KqueueSelector
2026-09-19 17:21:40 DEBUG [eta.access] POST /api/students/import → 200 (5ms)
2026-09-19 17:21:40 DEBUG [asyncio] Using selector: KqueueSelector
2026-09-19 17:21:40 DEBUG [eta.access] POST /api/check/photo-parse → 200 (3ms)
2026-09-19 17:21:40 DEBUG [asyncio] Using selector: KqueueSelector
2026-09-19 17:21:40 DEBUG [eta.access] POST /api/check/photo-parse → 200 (3ms)
2026-09-19 17:21:40 DEBUG [asyncio] Using selector: KqueueSelector
2026-09-19 17:21:40 DEBUG [eta.access] POST /api/check/md-reparse → 200 (3ms)
2026-09-19 17:21:40 DEBUG [asyncio] Using selector: KqueueSelector
2026-09-19 17:21:40 DEBUG [eta.access] POST /api/check/md-reparse → 400 (2ms)
2026-09-19 17:21:40 DEBUG [asyncio] Using selector: KqueueSelector
2026-09-19 17:21:40 DEBUG [eta.access] POST /api/students/import → 200 (7ms)
2026-09-19 17:21:40 DEBUG [asyncio] Using selector: KqueueSelector
2026-09-19 17:21:40 DEBUG [eta.access] POST /api/check/assignment → 200 (6ms)
2026-09-19 17:21:40 DEBUG [asyncio] Using selector: KqueueSelector
2026-09-19 17:21:40 DEBUG [eta.access] POST /api/students/import → 200 (4ms)
2026-09-19 17:21:40 DEBUG [asyncio] Using selector: KqueueSelector
2026-09-19 17:21:40 DEBUG [eta.access] POST /api/check/assignment → 200 (6ms)
2026-09-19 17:21:40 DEBUG [asyncio] Using selector: KqueueSelector
2026-09-19 17:21:40 DEBUG [eta.access] GET /api/check/sessions → 200 (3ms)
2026-09-19 17:21:40 DEBUG [asyncio] Using selector: KqueueSelector
2026-09-19 17:21:40 DEBUG [eta.access] GET /api/check/sessions → 200 (2ms)
2026-09-19 17:21:40 DEBUG [asyncio] Using selector: KqueueSelector
2026-09-19 17:21:40 DEBUG [eta.access] GET /api/check/sessions → 200 (2ms)
2026-09-19 17:21:53 INFO [eta] 日志已就绪：目录 runtime/logs（按天轮转，保留 14 天，终端级别 INFO / 文件级别 DEBUG）
2026-09-19 17:21:53 DEBUG [asyncio] Using selector: KqueueSelector
2026-09-19 17:21:53 INFO [eta.main] ════════ 系统启动 ════════
2026-09-19 17:21:56 INFO [eta.export] 导出学生错题档案报告：92001
2026-09-19 17:21:56 DEBUG [eta.access] GET /api/students/92001/report → 200 (237ms)
2026-09-19 17:21:57 INFO [eta.export] 导出学生错题档案 zip：22 名学生（class=）
2026-09-19 17:21:57 DEBUG [eta.access] GET /api/students/reports.zip → 200 (122ms)
2026-09-19 17:21:57 DEBUG [eta.access] GET /static/js/students.js → 200 (12ms)
2026-09-19 17:21:57 INFO [eta.export] 导出学生错题档案报告：92001
2026-09-19 17:21:57 DEBUG [eta.access] GET /api/students/92001/report → 200 (4ms)
2026-09-19 17:21:57 INFO [eta.main] ════════ 系统停止 ════════
2026-09-19 17:26:26 INFO [eta] 日志已就绪：目录 runtime/logs（按天轮转，保留 14 天，终端级别 INFO / 文件级别 DEBUG）
2026-09-19 17:27:14 INFO [eta] 日志已就绪：目录 runtime/logs（按天轮转，保留 14 天，终端级别 INFO / 文件级别 DEBUG）
2026-09-19 17:27:15 INFO [eta.providers.agent_chat] 智能体会话调用完成 | 返回 2 字，耗时 0ms
2026-09-19 17:27:15 INFO [eta.providers.agent_chat] 智能体会话调用完成 | 返回 2 字，耗时 0ms
2026-09-19 17:27:15 WARNING [eta.providers.agent_chat] 智能体会话请求失败，2s 后重试一次：connection reset
2026-09-19 17:27:16 INFO [eta] 日志已就绪：目录 runtime/logs（按天轮转，保留 14 天，终端级别 INFO / 文件级别 DEBUG）
2026-09-19 17:27:16 INFO [eta.providers.agent_chat] 智能体会话调用完成 | 返回 2 字，耗时 0ms
2026-09-19 17:27:16 INFO [eta.providers.agent_chat] 智能体会话调用完成 | 返回 2 字，耗时 0ms
2026-09-19 17:27:16 WARNING [eta.providers.agent_chat] 智能体会话请求失败，2s 后重试一次：connection reset
2026-09-19 17:27:17 WARNING [eta.services.photo_check] 多图联合解析失败，该批降级逐张解析：多图联合失败
2026-09-19 17:27:17 WARNING [eta.services.photo_check] Markdown 结构化失败：DeepSeek 超时
2026-09-19 17:27:17 WARNING [eta.services.photo_check] 智能体会话解析失败，降级 OCR 转录解析：invalid_api_key
2026-09-19 17:27:17 WARNING [eta.services.photo_check] 多图联合解析失败，该批降级逐张解析：多图联合失败（测试桩）
2026-09-19 17:27:17 DEBUG [asyncio] Using selector: KqueueSelector
2026-09-19 17:27:17 DEBUG [eta.access] GET /api/health → 200 (38ms)
2026-09-19 17:27:17 DEBUG [asyncio] Using selector: KqueueSelector
2026-09-19 17:27:17 DEBUG [eta.access] GET /api/ontology → 200 (2ms)
2026-09-19 17:27:18 DEBUG [asyncio] Using selector: KqueueSelector
2026-09-19 17:27:18 DEBUG [eta.access] POST /api/students/import → 200 (7ms)
2026-09-19 17:27:18 DEBUG [asyncio] Using selector: KqueueSelector
2026-09-19 17:27:18 DEBUG [eta.access] GET /api/students → 200 (2ms)
2026-09-19 17:27:18 DEBUG [asyncio] Using selector: KqueueSelector
2026-09-19 17:27:18 DEBUG [eta.access] POST /api/errors/scan → 200 (6ms)
2026-09-19 17:27:18 DEBUG [asyncio] Using selector: KqueueSelector
2026-09-19 17:27:18 DEBUG [eta.access] GET /api/errors → 200 (4ms)
2026-09-19 17:27:18 DEBUG [asyncio] Using selector: KqueueSelector
2026-09-19 17:27:18 DEBUG [eta.access] POST /api/errors/1/confirm → 200 (5ms)
2026-09-19 17:27:18 DEBUG [asyncio] Using selector: KqueueSelector
2026-09-19 17:27:18 DEBUG [eta.access] POST /api/errors/scan → 200 (6ms)
2026-09-19 17:27:18 DEBUG [asyncio] Using selector: KqueueSelector
2026-09-19 17:27:18 DEBUG [eta.access] POST /api/errors/2/confirm → 200 (6ms)
2026-09-19 17:27:18 DEBUG [asyncio] Using selector: KqueueSelector
2026-09-19 17:27:18 DEBUG [eta.access] POST /api/errors/scan → 200 (6ms)
2026-09-19 17:27:18 DEBUG [asyncio] Using selector: KqueueSelector
2026-09-19 17:27:18 DEBUG [eta.access] GET /api/errors → 200 (3ms)
2026-09-19 17:27:18 DEBUG [asyncio] Using selector: KqueueSelector
2026-09-19 17:27:18 DEBUG [eta.access] POST /api/errors/3/confirm → 200 (5ms)
2026-09-19 17:27:18 DEBUG [asyncio] Using selector: KqueueSelector
2026-09-19 17:27:18 DEBUG [eta.access] POST /api/errors/scan → 200 (7ms)
2026-09-19 17:27:18 DEBUG [asyncio] Using selector: KqueueSelector
2026-09-19 17:27:18 DEBUG [eta.access] GET /api/errors → 200 (2ms)
2026-09-19 17:27:18 DEBUG [asyncio] Using selector: KqueueSelector
2026-09-19 17:27:18 DEBUG [eta.access] POST /api/errors/4/confirm → 200 (8ms)
2026-09-19 17:27:18 DEBUG [asyncio] Using selector: KqueueSelector
2026-09-19 17:27:18 DEBUG [eta.access] POST /api/errors/scan → 200 (6ms)
2026-09-19 17:27:18 DEBUG [asyncio] Using selector: KqueueSelector
2026-09-19 17:27:18 DEBUG [eta.access] GET /api/errors → 200 (4ms)
2026-09-19 17:27:18 DEBUG [asyncio] Using selector: KqueueSelector
2026-09-19 17:27:18 DEBUG [eta.access] POST /api/errors/5/confirm → 200 (35ms)
2026-09-19 17:27:18 DEBUG [asyncio] Using selector: KqueueSelector
2026-09-19 17:27:18 DEBUG [eta.access] POST /api/errors/scan → 200 (10ms)
2026-09-19 17:27:18 DEBUG [asyncio] Using selector: KqueueSelector
2026-09-19 17:27:18 DEBUG [eta.access] GET /api/errors → 200 (3ms)
2026-09-19 17:27:18 DEBUG [asyncio] Using selector: KqueueSelector
2026-09-19 17:27:18 DEBUG [eta.access] POST /api/errors/6/confirm → 200 (9ms)
2026-09-19 17:27:18 DEBUG [asyncio] Using selector: KqueueSelector
2026-09-19 17:27:18 DEBUG [eta.access] POST /api/errors/scan → 200 (10ms)
2026-09-19 17:27:18 DEBUG [asyncio] Using selector: KqueueSelector
2026-09-19 17:27:18 DEBUG [eta.access] GET /api/errors → 200 (3ms)
2026-09-19 17:27:18 DEBUG [asyncio] Using selector: KqueueSelector
2026-09-19 17:27:18 DEBUG [eta.access] POST /api/errors/7/confirm → 200 (8ms)
2026-09-19 17:27:18 DEBUG [asyncio] Using selector: KqueueSelector
2026-09-19 17:27:18 DEBUG [eta.access] POST /api/errors/scan → 200 (10ms)
2026-09-19 17:27:18 DEBUG [asyncio] Using selector: KqueueSelector
2026-09-19 17:27:18 DEBUG [eta.access] GET /api/errors → 200 (5ms)
2026-09-19 17:27:18 DEBUG [asyncio] Using selector: KqueueSelector
2026-09-19 17:27:18 DEBUG [eta.access] POST /api/errors/8/confirm → 200 (6ms)
2026-09-19 17:27:18 DEBUG [asyncio] Using selector: KqueueSelector
2026-09-19 17:27:18 DEBUG [eta.access] POST /api/errors/scan → 200 (8ms)
2026-09-19 17:27:18 DEBUG [asyncio] Using selector: KqueueSelector
2026-09-19 17:27:18 DEBUG [eta.access] GET /api/errors → 200 (2ms)
2026-09-19 17:27:18 DEBUG [asyncio] Using selector: KqueueSelector
2026-09-19 17:27:18 DEBUG [eta.access] POST /api/errors/9/confirm → 200 (9ms)
2026-09-19 17:27:18 DEBUG [asyncio] Using selector: KqueueSelector
2026-09-19 17:27:18 DEBUG [eta.access] POST /api/errors/scan → 200 (8ms)
2026-09-19 17:27:18 DEBUG [asyncio] Using selector: KqueueSelector
2026-09-19 17:27:18 DEBUG [eta.access] GET /api/errors → 200 (3ms)
2026-09-19 17:27:18 DEBUG [asyncio] Using selector: KqueueSelector
2026-09-19 17:27:18 DEBUG [eta.access] POST /api/errors/10/confirm → 200 (6ms)
2026-09-19 17:27:18 DEBUG [asyncio] Using selector: KqueueSelector
2026-09-19 17:27:18 DEBUG [eta.access] POST /api/errors/scan → 200 (7ms)
2026-09-19 17:27:18 DEBUG [asyncio] Using selector: KqueueSelector
2026-09-19 17:27:18 DEBUG [eta.access] GET /api/errors → 200 (3ms)
2026-09-19 17:27:18 DEBUG [asyncio] Using selector: KqueueSelector
2026-09-19 17:27:18 DEBUG [eta.access] POST /api/errors/11/confirm → 200 (5ms)
2026-09-19 17:27:18 DEBUG [asyncio] Using selector: KqueueSelector
2026-09-19 17:27:18 DEBUG [eta.access] POST /api/errors/scan → 200 (8ms)
2026-09-19 17:27:18 DEBUG [asyncio] Using selector: KqueueSelector
2026-09-19 17:27:18 DEBUG [eta.access] GET /api/errors → 200 (2ms)
2026-09-19 17:27:18 DEBUG [asyncio] Using selector: KqueueSelector
2026-09-19 17:27:18 DEBUG [eta.access] POST /api/errors/12/confirm → 200 (7ms)
2026-09-19 17:27:18 DEBUG [asyncio] Using selector: KqueueSelector
2026-09-19 17:27:18 DEBUG [eta.access] POST /api/errors/scan → 200 (6ms)
2026-09-19 17:27:18 DEBUG [asyncio] Using selector: KqueueSelector
2026-09-19 17:27:18 DEBUG [eta.access] GET /api/errors → 200 (3ms)
2026-09-19 17:27:18 DEBUG [asyncio] Using selector: KqueueSelector
2026-09-19 17:27:18 DEBUG [eta.access] POST /api/errors/13/confirm → 200 (5ms)
2026-09-19 17:27:18 DEBUG [asyncio] Using selector: KqueueSelector
2026-09-19 17:27:18 DEBUG [eta.access] POST /api/errors/scan → 200 (7ms)
2026-09-19 17:27:18 DEBUG [asyncio] Using selector: KqueueSelector
2026-09-19 17:27:18 DEBUG [eta.access] GET /api/errors → 200 (2ms)
2026-09-19 17:27:18 DEBUG [asyncio] Using selector: KqueueSelector
2026-09-19 17:27:18 DEBUG [eta.access] POST /api/errors/14/confirm → 200 (6ms)
2026-09-19 17:27:18 DEBUG [asyncio] Using selector: KqueueSelector
2026-09-19 17:27:18 DEBUG [eta.access] POST /api/practice/generate → 200 (5ms)
2026-09-19 17:27:18 DEBUG [asyncio] Using selector: KqueueSelector
2026-09-19 17:27:18 DEBUG [eta.access] POST /api/practice/1/approve → 200 (4ms)
2026-09-19 17:27:18 DEBUG [asyncio] Using selector: KqueueSelector
2026-09-19 17:27:18 DEBUG [eta.access] GET /api/decision-sheet → 200 (9ms)
2026-09-19 17:27:18 DEBUG [asyncio] Using selector: KqueueSelector
2026-09-19 17:27:18 DEBUG [eta.access] GET /api/trends/categories → 200 (5ms)
2026-09-19 17:27:18 DEBUG [asyncio] Using selector: KqueueSelector
2026-09-19 17:27:18 DEBUG [eta.access] GET /api/export/errors.csv → 200 (3ms)
2026-09-19 17:27:18 DEBUG [asyncio] Using selector: KqueueSelector
2026-09-19 17:27:18 DEBUG [eta.access] POST /api/errors/scan → 200 (5ms)
2026-09-19 17:27:18 DEBUG [asyncio] Using selector: KqueueSelector
2026-09-19 17:27:18 DEBUG [eta.access] POST /api/errors/scan → 400 (4ms)
2026-09-19 17:27:18 DEBUG [asyncio] Using selector: KqueueSelector
2026-09-19 17:27:18 DEBUG [eta.access] POST /api/errors/scan → 200 (4ms)
2026-09-19 17:27:18 DEBUG [asyncio] Using selector: KqueueSelector
2026-09-19 17:27:18 DEBUG [eta.access] POST /api/errors/1/confirm → 400 (3ms)
2026-09-19 17:27:18 DEBUG [asyncio] Using selector: KqueueSelector
2026-09-19 17:27:18 DEBUG [eta.access] POST /api/students/import → 200 (5ms)
2026-09-19 17:27:18 DEBUG [asyncio] Using selector: KqueueSelector
2026-09-19 17:27:18 DEBUG [eta.access] POST /api/errors/scan-batch → 200 (17ms)
2026-09-19 17:27:18 DEBUG [asyncio] Using selector: KqueueSelector
2026-09-19 17:27:18 DEBUG [eta.access] GET /api/errors → 200 (3ms)
2026-09-19 17:27:18 DEBUG [asyncio] Using selector: KqueueSelector
2026-09-19 17:27:18 DEBUG [eta.access] POST /api/students/import → 200 (4ms)
2026-09-19 17:27:18 DEBUG [asyncio] Using selector: KqueueSelector
2026-09-19 17:27:18 DEBUG [eta.access] POST /api/errors/scan-batch → 200 (12ms)
2026-09-19 17:27:18 DEBUG [asyncio] Using selector: KqueueSelector
2026-09-19 17:27:18 DEBUG [eta.access] POST /api/students/import → 200 (4ms)
2026-09-19 17:27:18 DEBUG [asyncio] Using selector: KqueueSelector
2026-09-19 17:27:18 DEBUG [eta.access] POST /api/errors/scan-batch → 200 (9ms)
2026-09-19 17:27:18 DEBUG [asyncio] Using selector: KqueueSelector
2026-09-19 17:27:18 DEBUG [eta.access] POST /api/students/import → 200 (6ms)
2026-09-19 17:27:18 DEBUG [asyncio] Using selector: KqueueSelector
2026-09-19 17:27:18 DEBUG [eta.access] POST /api/errors/scan-photos → 200 (6ms)
2026-09-19 17:27:18 DEBUG [asyncio] Using selector: KqueueSelector
2026-09-19 17:27:18 DEBUG [eta.access] GET /api/errors → 200 (3ms)
2026-09-19 17:27:18 DEBUG [asyncio] Using selector: KqueueSelector
2026-09-19 17:27:18 DEBUG [eta.access] POST /api/errors/scan-photos-submit → 200 (17ms)
2026-09-19 17:27:18 DEBUG [asyncio] Using selector: KqueueSelector
2026-09-19 17:27:18 DEBUG [eta.access] GET /api/errors → 200 (5ms)
2026-09-19 17:27:18 DEBUG [asyncio] Using selector: KqueueSelector
2026-09-19 17:27:18 DEBUG [eta.access] POST /api/errors/scan-photos → 400 (2ms)
2026-09-19 17:27:18 DEBUG [asyncio] Using selector: KqueueSelector
2026-09-19 17:27:18 DEBUG [eta.access] POST /api/errors/scan-photos → 400 (2ms)
2026-09-19 17:27:18 DEBUG [asyncio] Using selector: KqueueSelector
2026-09-19 17:27:18 DEBUG [eta.access] POST /api/errors/scan-photos → 400 (2ms)
2026-09-19 17:27:18 DEBUG [asyncio] Using selector: KqueueSelector
2026-09-19 17:27:18 DEBUG [eta.access] POST /api/errors/scan → 200 (8ms)
2026-09-19 17:27:18 DEBUG [asyncio] Using selector: KqueueSelector
2026-09-19 17:27:18 DEBUG [eta.access] POST /api/errors/scan → 200 (5ms)
2026-09-19 17:27:18 DEBUG [asyncio] Using selector: KqueueSelector
2026-09-19 17:27:18 DEBUG [eta.access] GET /api/errors → 200 (3ms)
2026-09-19 17:27:18 DEBUG [asyncio] Using selector: KqueueSelector
2026-09-19 17:27:18 DEBUG [eta.access] POST /api/errors/confirm-bulk → 200 (5ms)
2026-09-19 17:27:18 DEBUG [asyncio] Using selector: KqueueSelector
2026-09-19 17:27:18 DEBUG [eta.access] GET /api/errors → 200 (4ms)
2026-09-19 17:27:18 DEBUG [asyncio] Using selector: KqueueSelector
2026-09-19 17:27:18 DEBUG [eta.access] POST /api/errors/confirm-bulk → 200 (3ms)
2026-09-19 17:27:18 DEBUG [asyncio] Using selector: KqueueSelector
2026-09-19 17:27:18 DEBUG [eta.access] GET /api/errors → 200 (3ms)
2026-09-19 17:27:18 DEBUG [asyncio] Using selector: KqueueSelector
2026-09-19 17:27:18 DEBUG [eta.access] POST /api/errors/confirm-bulk → 400 (3ms)
2026-09-19 17:27:19 DEBUG [asyncio] Using selector: KqueueSelector
2026-09-19 17:27:19 DEBUG [eta.access] POST /api/students → 200 (8ms)
2026-09-19 17:27:19 DEBUG [asyncio] Using selector: KqueueSelector
2026-09-19 17:27:19 DEBUG [eta.access] POST /api/students → 400 (4ms)
2026-09-19 17:27:19 DEBUG [asyncio] Using selector: KqueueSelector
2026-09-19 17:27:19 DEBUG [eta.access] POST /api/errors/scan → 200 (10ms)
2026-09-19 17:27:19 DEBUG [asyncio] Using selector: KqueueSelector
2026-09-19 17:27:19 DEBUG [eta.access] PUT /api/students/9101 → 200 (7ms)
2026-09-19 17:27:19 DEBUG [asyncio] Using selector: KqueueSelector
2026-09-19 17:27:19 DEBUG [eta.access] GET /api/errors → 200 (3ms)
2026-09-19 17:27:19 DEBUG [asyncio] Using selector: KqueueSelector
2026-09-19 17:27:19 DEBUG [eta.access] POST /api/students → 200 (7ms)
2026-09-19 17:27:19 DEBUG [asyncio] Using selector: KqueueSelector
2026-09-19 17:27:19 DEBUG [eta.access] PUT /api/students/9201 → 400 (4ms)
2026-09-19 17:27:19 DEBUG [asyncio] Using selector: KqueueSelector
2026-09-19 17:27:19 DEBUG [eta.access] DELETE /api/students/9201 → 200 (8ms)
2026-09-19 17:27:19 DEBUG [asyncio] Using selector: KqueueSelector
2026-09-19 17:27:19 DEBUG [eta.access] GET /api/errors → 200 (3ms)
2026-09-19 17:27:19 DEBUG [asyncio] Using selector: KqueueSelector
2026-09-19 17:27:19 DEBUG [eta.access] DELETE /api/students/9201 → 404 (2ms)
2026-09-19 17:27:19 WARNING [eta.services.photo_check] 多图联合解析失败，该批降级逐张解析：多图联合失败
2026-09-19 17:27:19 DEBUG [asyncio] Using selector: KqueueSelector
2026-09-19 17:27:19 DEBUG [eta.access] POST /api/students → 200 (6ms)
2026-09-19 17:27:19 DEBUG [asyncio] Using selector: KqueueSelector
2026-09-19 17:27:19 DEBUG [eta.access] POST /api/errors/scan → 200 (7ms)
2026-09-19 17:27:19 DEBUG [asyncio] Using selector: KqueueSelector
2026-09-19 17:27:19 DEBUG [eta.access] DELETE /api/students/9102 → 200 (5ms)
2026-09-19 17:27:19 DEBUG [asyncio] Using selector: KqueueSelector
2026-09-19 17:27:19 DEBUG [eta.access] GET /api/errors → 200 (3ms)
2026-09-19 17:27:19 DEBUG [asyncio] Using selector: KqueueSelector
2026-09-19 17:27:19 DEBUG [eta.access] POST /api/classes → 200 (9ms)
2026-09-19 17:27:19 DEBUG [asyncio] Using selector: KqueueSelector
2026-09-19 17:27:19 DEBUG [eta.access] GET /api/classes → 200 (3ms)
2026-09-19 17:27:19 DEBUG [asyncio] Using selector: KqueueSelector
2026-09-19 17:27:19 DEBUG [eta.access] POST /api/classes → 400 (5ms)
2026-09-19 17:27:19 DEBUG [asyncio] Using selector: KqueueSelector
2026-09-19 17:27:19 DEBUG [eta.access] POST /api/classes → 400 (3ms)
2026-09-19 17:27:19 DEBUG [asyncio] Using selector: KqueueSelector
2026-09-19 17:27:19 DEBUG [eta.access] POST /api/students → 200 (6ms)
2026-09-19 17:27:19 DEBUG [asyncio] Using selector: KqueueSelector
2026-09-19 17:27:19 DEBUG [eta.access] POST /api/errors/scan → 200 (7ms)
2026-09-19 17:27:19 DEBUG [asyncio] Using selector: KqueueSelector
2026-09-19 17:27:19 DEBUG [eta.access] PUT /api/classes/九(1)班 → 200 (8ms)
2026-09-19 17:27:19 DEBUG [asyncio] Using selector: KqueueSelector
2026-09-19 17:27:19 DEBUG [eta.access] GET /api/classes → 200 (2ms)
2026-09-19 17:27:19 DEBUG [asyncio] Using selector: KqueueSelector
2026-09-19 17:27:19 DEBUG [eta.access] GET /api/students → 200 (2ms)
2026-09-19 17:27:19 DEBUG [asyncio] Using selector: KqueueSelector
2026-09-19 17:27:19 DEBUG [eta.access] GET /api/errors → 200 (2ms)
2026-09-19 17:27:19 DEBUG [asyncio] Using selector: KqueueSelector
2026-09-19 17:27:19 DEBUG [eta.access] DELETE /api/classes/九(2)班 → 200 (6ms)
2026-09-19 17:27:19 DEBUG [asyncio] Using selector: KqueueSelector
2026-09-19 17:27:19 DEBUG [eta.access] GET /api/students → 200 (3ms)
2026-09-19 17:27:19 DEBUG [asyncio] Using selector: KqueueSelector
2026-09-19 17:27:19 DEBUG [eta.access] GET /api/errors → 200 (4ms)
2026-09-19 17:27:19 DEBUG [asyncio] Using selector: KqueueSelector
2026-09-19 17:27:19 DEBUG [eta.access] POST /api/classes → 200 (7ms)
2026-09-19 17:27:19 DEBUG [asyncio] Using selector: KqueueSelector
2026-09-19 17:27:19 DEBUG [eta.access] POST /api/classes → 200 (5ms)
2026-09-19 17:27:19 DEBUG [asyncio] Using selector: KqueueSelector
2026-09-19 17:27:19 WARNING [eta.services.photo_check] Markdown 结构化失败：DeepSeek 超时
2026-09-19 17:27:19 DEBUG [eta.access] POST /api/students → 200 (6ms)
2026-09-19 17:27:19 DEBUG [asyncio] Using selector: KqueueSelector
2026-09-19 17:27:19 DEBUG [eta.access] PUT /api/classes/九(3)班 → 400 (4ms)
2026-09-19 17:27:19 DEBUG [asyncio] Using selector: KqueueSelector
2026-09-19 17:27:19 DEBUG [eta.access] DELETE /api/classes/九(3)班 → 200 (5ms)
2026-09-19 17:27:19 DEBUG [asyncio] Using selector: KqueueSelector
2026-09-19 17:27:19 DEBUG [eta.access] DELETE /api/classes/九(1)班 → 200 (4ms)
2026-09-19 17:27:19 DEBUG [asyncio] Using selector: KqueueSelector
2026-09-19 17:27:19 DEBUG [eta.access] GET /api/classes → 200 (4ms)
2026-09-19 17:27:19 DEBUG [asyncio] Using selector: KqueueSelector
2026-09-19 17:27:19 DEBUG [eta.access] POST /api/classes → 200 (6ms)
2026-09-19 17:27:19 DEBUG [asyncio] Using selector: KqueueSelector
2026-09-19 17:27:19 DEBUG [eta.access] POST /api/students → 200 (8ms)
2026-09-19 17:27:19 WARNING [eta.services.photo_check] 智能体会话解析失败，降级 OCR 转录解析：invalid_api_key
2026-09-19 17:27:19 DEBUG [asyncio] Using selector: KqueueSelector
2026-09-19 17:27:19 DEBUG [eta.access] POST /api/errors/scan → 200 (29ms)
2026-09-19 17:27:19 DEBUG [asyncio] Using selector: KqueueSelector
2026-09-19 17:27:19 DEBUG [eta.access] DELETE /api/classes/旧库班 → 200 (22ms)
2026-09-19 17:27:19 DEBUG [asyncio] Using selector: KqueueSelector
2026-09-19 17:27:19 DEBUG [eta.access] POST /api/errors/scan → 200 (8ms)
2026-09-19 17:27:19 DEBUG [asyncio] Using selector: KqueueSelector
2026-09-19 17:27:19 DEBUG [eta.access] POST /api/errors/1/confirm → 200 (7ms)
2026-09-19 17:27:19 DEBUG [asyncio] Using selector: KqueueSelector
2026-09-19 17:27:19 DEBUG [eta.access] POST /api/errors/scan → 200 (5ms)
2026-09-19 17:27:19 DEBUG [asyncio] Using selector: KqueueSelector
2026-09-19 17:27:19 DEBUG [eta.access] POST /api/errors/2/confirm → 200 (8ms)
2026-09-19 17:27:19 DEBUG [asyncio] Using selector: KqueueSelector
2026-09-19 17:27:19 DEBUG [eta.access] POST /api/errors/scan → 200 (6ms)
2026-09-19 17:27:19 DEBUG [asyncio] Using selector: KqueueSelector
2026-09-19 17:27:19 DEBUG [eta.access] POST /api/errors/3/confirm → 200 (6ms)
2026-09-19 17:27:19 DEBUG [asyncio] Using selector: KqueueSelector
2026-09-19 17:27:19 DEBUG [eta.access] POST /api/errors/scan → 200 (8ms)
2026-09-19 17:27:19 WARNING [eta.services.photo_check] 多图联合解析失败，该批降级逐张解析：多图联合失败（测试桩）
2026-09-19 17:27:19 DEBUG [asyncio] Using selector: KqueueSelector
2026-09-19 17:27:19 DEBUG [eta.access] POST /api/errors/4/confirm → 200 (5ms)
2026-09-19 17:27:19 DEBUG [asyncio] Using selector: KqueueSelector
2026-09-19 17:27:19 DEBUG [eta.access] POST /api/decision-sheet/ai → 200 (9ms)
2026-09-19 17:27:19 DEBUG [asyncio] Using selector: KqueueSelector
2026-09-19 17:27:19 DEBUG [eta.access] POST /api/decision-sheet/ai → 400 (5ms)
2026-09-19 17:27:19 DEBUG [asyncio] Using selector: KqueueSelector
2026-09-19 17:27:19 DEBUG [eta.access] POST /api/practice/generate → 422 (2ms)
2026-09-19 17:27:19 DEBUG [asyncio] Using selector: KqueueSelector
2026-09-19 17:27:19 DEBUG [eta.access] POST /api/practice/generate → 422 (2ms)
2026-09-19 17:27:19 DEBUG [asyncio] Using selector: KqueueSelector
2026-09-19 17:27:19 DEBUG [eta.access] POST /api/practice/generate → 200 (8ms)
2026-09-19 17:27:19 DEBUG [asyncio] Using selector: KqueueSelector
2026-09-19 17:27:19 DEBUG [eta.access] POST /api/practice/generate → 200 (10ms)
2026-09-19 17:27:19 DEBUG [asyncio] Using selector: KqueueSelector
2026-09-19 17:27:19 DEBUG [eta.access] POST /api/practice/generate → 200 (8ms)
2026-09-19 17:27:19 DEBUG [asyncio] Using selector: KqueueSelector
2026-09-19 17:27:19 DEBUG [eta.access] POST /api/practice/generate → 400 (2ms)
2026-09-19 17:27:19 DEBUG [asyncio] Using selector: KqueueSelector
2026-09-19 17:27:19 DEBUG [eta.access] POST /api/practice/generate → 400 (3ms)
2026-09-19 17:27:19 DEBUG [asyncio] Using selector: KqueueSelector
2026-09-19 17:27:19 DEBUG [eta.access] POST /api/paper/generate → 400 (4ms)
2026-09-19 17:27:19 DEBUG [asyncio] Using selector: KqueueSelector
2026-09-19 17:27:19 DEBUG [eta.access] POST /api/errors/scan → 200 (7ms)
2026-09-19 17:27:19 DEBUG [asyncio] Using selector: KqueueSelector
2026-09-19 17:27:19 DEBUG [eta.access] POST /api/errors/1/confirm → 200 (6ms)
2026-09-19 17:27:19 DEBUG [asyncio] Using selector: KqueueSelector
2026-09-19 17:27:19 DEBUG [eta.access] POST /api/errors/scan → 200 (6ms)
2026-09-19 17:27:19 DEBUG [asyncio] Using selector: KqueueSelector
2026-09-19 17:27:19 DEBUG [eta.access] POST /api/errors/2/confirm → 200 (8ms)
2026-09-19 17:27:19 DEBUG [asyncio] Using selector: KqueueSelector
2026-09-19 17:27:19 DEBUG [eta.access] POST /api/paper/generate → 200 (6ms)
2026-09-19 17:27:19 DEBUG [asyncio] Using selector: KqueueSelector
2026-09-19 17:27:19 DEBUG [eta.access] POST /api/paper/generate → 200 (6ms)
2026-09-19 17:27:19 DEBUG [asyncio] Using selector: KqueueSelector
2026-09-19 17:27:19 DEBUG [eta.access] POST /api/paper/generate → 422 (3ms)
2026-09-19 17:27:19 DEBUG [asyncio] Using selector: KqueueSelector
2026-09-19 17:27:19 DEBUG [eta.access] POST /api/paper/generate → 422 (2ms)
2026-09-19 17:27:19 DEBUG [asyncio] Using selector: KqueueSelector
2026-09-19 17:27:19 DEBUG [eta.access] POST /api/paper/generate → 200 (7ms)
2026-09-19 17:27:19 DEBUG [asyncio] Using selector: KqueueSelector
2026-09-19 17:27:19 DEBUG [eta.access] GET /api/papers → 200 (4ms)
2026-09-19 17:27:19 DEBUG [asyncio] Using selector: KqueueSelector
2026-09-19 17:27:19 DEBUG [eta.access] POST /api/paper/1/approve → 200 (3ms)
2026-09-19 17:27:19 DEBUG [asyncio] Using selector: KqueueSelector
2026-09-19 17:27:19 DEBUG [eta.access] POST /api/paper/1/approve → 404 (2ms)
2026-09-19 17:27:19 DEBUG [asyncio] Using selector: KqueueSelector
2026-09-19 17:27:19 DEBUG [eta.access] GET /api/papers → 200 (3ms)
2026-09-19 17:27:20 DEBUG [asyncio] Using selector: KqueueSelector
2026-09-19 17:27:20 DEBUG [eta.access] POST /api/errors/scan → 200 (7ms)
2026-09-19 17:27:20 DEBUG [asyncio] Using selector: KqueueSelector
2026-09-19 17:27:20 DEBUG [eta.access] POST /api/errors/1/confirm → 200 (10ms)
2026-09-19 17:27:20 DEBUG [asyncio] Using selector: KqueueSelector
2026-09-19 17:27:20 DEBUG [eta.access] POST /api/errors/scan → 200 (7ms)
2026-09-19 17:27:20 DEBUG [asyncio] Using selector: KqueueSelector
2026-09-19 17:27:20 DEBUG [eta.access] POST /api/errors/2/confirm → 200 (7ms)
2026-09-19 17:27:20 DEBUG [asyncio] Using selector: KqueueSelector
2026-09-19 17:27:20 DEBUG [eta.access] POST /api/practice/generate → 200 (7ms)
2026-09-19 17:27:20 DEBUG [asyncio] Using selector: KqueueSelector
2026-09-19 17:27:20 DEBUG [eta.access] POST /api/practice/generate → 200 (5ms)
2026-09-19 17:27:20 DEBUG [asyncio] Using selector: KqueueSelector
2026-09-19 17:27:20 DEBUG [eta.access] POST /api/paper/generate → 200 (6ms)
2026-09-19 17:27:20 DEBUG [asyncio] Using selector: KqueueSelector
2026-09-19 17:27:20 DEBUG [eta.access] POST /api/paper/generate → 400 (4ms)
2026-09-19 17:27:20 DEBUG [asyncio] Using selector: KqueueSelector
2026-09-19 17:27:20 DEBUG [eta.access] POST /api/practice/generate → 200 (5ms)
2026-09-19 17:27:20 DEBUG [asyncio] Using selector: KqueueSelector
2026-09-19 17:27:20 DEBUG [asyncio] Using selector: KqueueSelector
2026-09-19 17:27:20 DEBUG [eta.access] POST /api/paper/generate → 200 (4ms)
2026-09-19 17:27:20 DEBUG [asyncio] Using selector: KqueueSelector
2026-09-19 17:27:20 DEBUG [eta.access] POST /api/practice/generate → 200 (7ms)
2026-09-19 17:27:20 DEBUG [asyncio] Using selector: KqueueSelector
2026-09-19 17:27:20 DEBUG [eta.access] GET /api/health → 200 (46ms)
2026-09-19 17:27:20 DEBUG [asyncio] Using selector: KqueueSelector
2026-09-19 17:27:20 DEBUG [eta.access] GET /api/ontology → 200 (2ms)
2026-09-19 17:27:20 DEBUG [eta.access] GET /api/practices/export → 400 (26ms)
2026-09-19 17:27:20 DEBUG [asyncio] Using selector: KqueueSelector
2026-09-19 17:27:20 DEBUG [eta.access] GET /api/practices/export → 200 (3ms)
2026-09-19 17:27:20 DEBUG [asyncio] Using selector: KqueueSelector
2026-09-19 17:27:20 DEBUG [eta.access] POST /api/practice/1/approve → 200 (4ms)
2026-09-19 17:27:20 DEBUG [asyncio] Using selector: KqueueSelector
2026-09-19 17:27:20 DEBUG [eta.access] GET /api/practices/export → 200 (3ms)
2026-09-19 17:27:20 DEBUG [asyncio] Using selector: KqueueSelector
2026-09-19 17:27:20 DEBUG [asyncio] Using selector: KqueueSelector
2026-09-19 17:27:20 DEBUG [eta.access] POST /api/students/import → 200 (6ms)
2026-09-19 17:27:20 DEBUG [asyncio] Using selector: KqueueSelector
2026-09-19 17:27:20 DEBUG [eta.access] GET /api/students → 200 (3ms)
2026-09-19 17:27:20 DEBUG [asyncio] Using selector: KqueueSelector
2026-09-19 17:27:20 DEBUG [eta.access] POST /api/errors/scan → 200 (7ms)
2026-09-19 17:27:20 DEBUG [asyncio] Using selector: KqueueSelector
2026-09-19 17:27:20 DEBUG [eta.access] GET /api/errors → 200 (4ms)
2026-09-19 17:27:20 DEBUG [asyncio] Using selector: KqueueSelector
2026-09-19 17:27:20 DEBUG [eta.access] POST /api/errors/1/confirm → 200 (6ms)
2026-09-19 17:27:20 DEBUG [asyncio] Using selector: KqueueSelector
2026-09-19 17:27:20 DEBUG [eta.access] POST /api/errors/scan → 200 (8ms)
2026-09-19 17:27:20 DEBUG [asyncio] Using selector: KqueueSelector
2026-09-19 17:27:20 DEBUG [eta.access] POST /api/errors/2/confirm → 200 (5ms)
2026-09-19 17:27:20 DEBUG [asyncio] Using selector: KqueueSelector
2026-09-19 17:27:20 DEBUG [eta.access] POST /api/errors/scan → 200 (7ms)
2026-09-19 17:27:20 DEBUG [asyncio] Using selector: KqueueSelector
2026-09-19 17:27:20 DEBUG [eta.access] GET /api/errors → 200 (2ms)
2026-09-19 17:27:20 DEBUG [asyncio] Using selector: KqueueSelector
2026-09-19 17:27:20 DEBUG [eta.access] POST /api/errors/3/confirm → 200 (7ms)
2026-09-19 17:27:20 DEBUG [asyncio] Using selector: KqueueSelector
2026-09-19 17:27:20 DEBUG [eta.access] POST /api/errors/scan → 200 (6ms)
2026-09-19 17:27:20 DEBUG [asyncio] Using selector: KqueueSelector
2026-09-19 17:27:20 DEBUG [eta.access] GET /api/errors → 200 (2ms)
2026-09-19 17:27:20 DEBUG [asyncio] Using selector: KqueueSelector
2026-09-19 17:27:20 DEBUG [eta.access] POST /api/errors/4/confirm → 200 (6ms)
2026-09-19 17:27:20 DEBUG [asyncio] Using selector: KqueueSelector
2026-09-19 17:27:20 DEBUG [eta.access] POST /api/errors/scan → 200 (7ms)
2026-09-19 17:27:20 DEBUG [asyncio] Using selector: KqueueSelector
2026-09-19 17:27:20 DEBUG [eta.access] GET /api/errors → 200 (2ms)
2026-09-19 17:27:20 DEBUG [asyncio] Using selector: KqueueSelector
2026-09-19 17:27:20 DEBUG [eta.access] POST /api/errors/5/confirm → 200 (7ms)
2026-09-19 17:27:20 DEBUG [asyncio] Using selector: KqueueSelector
2026-09-19 17:27:20 DEBUG [eta.access] POST /api/errors/scan → 200 (7ms)
2026-09-19 17:27:20 DEBUG [asyncio] Using selector: KqueueSelector
2026-09-19 17:27:20 DEBUG [eta.access] GET /api/errors → 200 (2ms)
2026-09-19 17:27:20 DEBUG [asyncio] Using selector: KqueueSelector
2026-09-19 17:27:20 DEBUG [eta.access] POST /api/errors/6/confirm → 200 (7ms)
2026-09-19 17:27:20 DEBUG [asyncio] Using selector: KqueueSelector
2026-09-19 17:27:20 DEBUG [eta.access] POST /api/errors/scan → 200 (5ms)
2026-09-19 17:27:20 DEBUG [asyncio] Using selector: KqueueSelector
2026-09-19 17:27:20 DEBUG [eta.access] GET /api/errors → 200 (3ms)
2026-09-19 17:27:20 DEBUG [asyncio] Using selector: KqueueSelector
2026-09-19 17:27:20 DEBUG [eta.access] POST /api/errors/7/confirm → 200 (7ms)
2026-09-19 17:27:20 DEBUG [asyncio] Using selector: KqueueSelector
2026-09-19 17:27:20 DEBUG [eta.access] GET /api/practices/export → 200 (199ms)
2026-09-19 17:27:20 DEBUG [eta.access] POST /api/errors/scan → 200 (6ms)
2026-09-19 17:27:20 DEBUG [asyncio] Using selector: KqueueSelector
2026-09-19 17:27:20 DEBUG [eta.access] GET /api/errors → 200 (2ms)
2026-09-19 17:27:20 DEBUG [asyncio] Using selector: KqueueSelector
2026-09-19 17:27:20 DEBUG [eta.access] POST /api/errors/8/confirm → 200 (6ms)
2026-09-19 17:27:20 DEBUG [asyncio] Using selector: KqueueSelector
2026-09-19 17:27:20 DEBUG [eta.access] POST /api/errors/scan → 200 (6ms)
2026-09-19 17:27:20 DEBUG [asyncio] Using selector: KqueueSelector
2026-09-19 17:27:20 DEBUG [eta.access] GET /api/errors → 200 (3ms)
2026-09-19 17:27:20 DEBUG [asyncio] Using selector: KqueueSelector
2026-09-19 17:27:20 DEBUG [eta.access] POST /api/errors/9/confirm → 200 (5ms)
2026-09-19 17:27:20 DEBUG [asyncio] Using selector: KqueueSelector
2026-09-19 17:27:20 DEBUG [eta.access] POST /api/errors/scan → 200 (6ms)
2026-09-19 17:27:20 DEBUG [asyncio] Using selector: KqueueSelector
2026-09-19 17:27:20 DEBUG [eta.access] GET /api/errors → 200 (4ms)
2026-09-19 17:27:20 DEBUG [asyncio] Using selector: KqueueSelector
2026-09-19 17:27:20 DEBUG [asyncio] Using selector: KqueueSelector
2026-09-19 17:27:20 DEBUG [eta.access] POST /api/errors/10/confirm → 200 (5ms)
2026-09-19 17:27:20 DEBUG [asyncio] Using selector: KqueueSelector
2026-09-19 17:27:20 DEBUG [eta.access] POST /api/practice/generate → 200 (4ms)
2026-09-19 17:27:20 DEBUG [asyncio] Using selector: KqueueSelector
2026-09-19 17:27:20 DEBUG [eta.access] POST /api/errors/scan → 200 (8ms)
2026-09-19 17:27:20 DEBUG [eta.access] POST /api/practice/2/approve → 200 (5ms)
2026-09-19 17:27:20 DEBUG [asyncio] Using selector: KqueueSelector
2026-09-19 17:27:20 DEBUG [asyncio] Using selector: KqueueSelector
2026-09-19 17:27:20 DEBUG [eta.access] GET /api/errors → 200 (3ms)
2026-09-19 17:27:20 DEBUG [eta.access] GET /api/practices/export → 200 (3ms)
2026-09-19 17:27:20 DEBUG [asyncio] Using selector: KqueueSelector
2026-09-19 17:27:20 DEBUG [asyncio] Using selector: KqueueSelector
2026-09-19 17:27:20 DEBUG [eta.access] GET /api/practices/export → 400 (2ms)
2026-09-19 17:27:20 DEBUG [eta.access] POST /api/errors/11/confirm → 200 (6ms)
2026-09-19 17:27:20 DEBUG [asyncio] Using selector: KqueueSelector
2026-09-19 17:27:20 DEBUG [eta.access] POST /api/errors/scan → 200 (7ms)
2026-09-19 17:27:20 DEBUG [asyncio] Using selector: KqueueSelector
2026-09-19 17:27:20 DEBUG [eta.access] GET /api/errors → 200 (2ms)
2026-09-19 17:27:20 DEBUG [asyncio] Using selector: KqueueSelector
2026-09-19 17:27:20 DEBUG [asyncio] Using selector: KqueueSelector
2026-09-19 17:27:20 DEBUG [eta.access] POST /api/errors/12/confirm → 200 (6ms)
2026-09-19 17:27:20 DEBUG [asyncio] Using selector: KqueueSelector
2026-09-19 17:27:20 DEBUG [eta.access] POST /api/errors/scan → 200 (7ms)
2026-09-19 17:27:20 DEBUG [asyncio] Using selector: KqueueSelector
2026-09-19 17:27:20 DEBUG [eta.access] POST /api/errors/scan → 200 (7ms)
2026-09-19 17:27:20 DEBUG [asyncio] Using selector: KqueueSelector
2026-09-19 17:27:20 DEBUG [eta.access] POST /api/errors/1/confirm → 200 (5ms)
2026-09-19 17:27:20 DEBUG [asyncio] Using selector: KqueueSelector
2026-09-19 17:27:20 DEBUG [eta.access] GET /api/errors → 200 (2ms)
2026-09-19 17:27:20 DEBUG [asyncio] Using selector: KqueueSelector
2026-09-19 17:27:20 DEBUG [eta.access] POST /api/errors/scan → 200 (6ms)
2026-09-19 17:27:20 DEBUG [asyncio] Using selector: KqueueSelector
2026-09-19 17:27:20 DEBUG [eta.access] POST /api/errors/13/confirm → 200 (6ms)
2026-09-19 17:27:20 DEBUG [asyncio] Using selector: KqueueSelector
2026-09-19 17:27:20 DEBUG [eta.access] POST /api/errors/scan → 200 (8ms)
2026-09-19 17:27:20 DEBUG [asyncio] Using selector: KqueueSelector
2026-09-19 17:27:20 DEBUG [eta.access] POST /api/errors/2/confirm → 200 (14ms)
2026-09-19 17:27:20 DEBUG [asyncio] Using selector: KqueueSelector
2026-09-19 17:27:20 DEBUG [eta.access] GET /api/errors → 200 (3ms)
2026-09-19 17:27:20 DEBUG [asyncio] Using selector: KqueueSelector
2026-09-19 17:27:20 DEBUG [eta.access] POST /api/paper/generate → 200 (5ms)
2026-09-19 17:27:20 DEBUG [asyncio] Using selector: KqueueSelector
2026-09-19 17:27:20 DEBUG [eta.access] POST /api/errors/14/confirm → 200 (7ms)
2026-09-19 17:27:20 DEBUG [asyncio] Using selector: KqueueSelector
2026-09-19 17:27:20 DEBUG [eta.access] GET /api/papers/1/export → 400 (3ms)
2026-09-19 17:27:20 DEBUG [asyncio] Using selector: KqueueSelector
2026-09-19 17:27:20 DEBUG [eta.access] POST /api/practice/generate → 200 (7ms)
2026-09-19 17:27:20 DEBUG [eta.access] POST /api/paper/1/approve → 200 (4ms)
2026-09-19 17:27:20 DEBUG [asyncio] Using selector: KqueueSelector
2026-09-19 17:27:20 DEBUG [asyncio] Using selector: KqueueSelector
2026-09-19 17:27:20 DEBUG [eta.access] GET /api/papers/1/export → 200 (2ms)
2026-09-19 17:27:20 DEBUG [eta.access] POST /api/practice/1/approve → 200 (4ms)
2026-09-19 17:27:20 DEBUG [asyncio] Using selector: KqueueSelector
2026-09-19 17:27:20 DEBUG [asyncio] Using selector: KqueueSelector
2026-09-19 17:27:20 DEBUG [eta.access] GET /api/decision-sheet → 200 (11ms)
2026-09-19 17:27:20 DEBUG [asyncio] Using selector: KqueueSelector
2026-09-19 17:27:20 DEBUG [eta.access] GET /api/trends/categories → 200 (5ms)
2026-09-19 17:27:20 DEBUG [asyncio] Using selector: KqueueSelector
2026-09-19 17:27:20 DEBUG [eta.access] GET /api/export/errors.csv → 200 (4ms)
2026-09-19 17:27:20 DEBUG [eta.access] GET /api/papers/1/export → 200 (53ms)
2026-09-19 17:27:20 DEBUG [asyncio] Using selector: KqueueSelector
2026-09-19 17:27:20 DEBUG [eta.access] POST /api/errors/scan → 200 (6ms)
2026-09-19 17:27:20 DEBUG [asyncio] Using selector: KqueueSelector
2026-09-19 17:27:20 DEBUG [eta.access] POST /api/errors/scan → 400 (3ms)
2026-09-19 17:27:20 DEBUG [asyncio] Using selector: KqueueSelector
2026-09-19 17:27:20 DEBUG [eta.access] GET /api/papers/999/export → 404 (2ms)
2026-09-19 17:27:20 DEBUG [asyncio] Using selector: KqueueSelector
2026-09-19 17:27:20 DEBUG [asyncio] Using selector: KqueueSelector
2026-09-19 17:27:20 DEBUG [eta.access] POST /api/classes → 200 (7ms)
2026-09-19 17:27:20 DEBUG [asyncio] Using selector: KqueueSelector
2026-09-19 17:27:20 DEBUG [eta.access] POST /api/errors/scan → 200 (5ms)
2026-09-19 17:27:20 DEBUG [asyncio] Using selector: KqueueSelector
2026-09-19 17:27:20 DEBUG [eta.access] POST /api/students → 200 (5ms)
2026-09-19 17:27:20 DEBUG [eta.access] POST /api/errors/1/confirm → 400 (5ms)
2026-09-19 17:27:20 DEBUG [asyncio] Using selector: KqueueSelector
2026-09-19 17:27:20 DEBUG [eta.access] POST /api/errors/scan → 200 (6ms)
2026-09-19 17:27:20 DEBUG [asyncio] Using selector: KqueueSelector
2026-09-19 17:27:20 DEBUG [eta.access] POST /api/errors/1/confirm → 200 (8ms)
2026-09-19 17:27:20 DEBUG [asyncio] Using selector: KqueueSelector
2026-09-19 17:27:20 DEBUG [eta.access] POST /api/errors/scan → 200 (6ms)
2026-09-19 17:27:20 DEBUG [asyncio] Using selector: KqueueSelector
2026-09-19 17:27:20 DEBUG [eta.access] POST /api/errors/2/confirm → 200 (6ms)
2026-09-19 17:27:20 DEBUG [asyncio] Using selector: KqueueSelector
2026-09-19 17:27:20 DEBUG [eta.access] POST /api/errors/scan → 200 (9ms)
2026-09-19 17:27:20 DEBUG [asyncio] Using selector: KqueueSelector
2026-09-19 17:27:20 DEBUG [eta.access] POST /api/errors/3/confirm → 200 (5ms)
2026-09-19 17:27:20 DEBUG [asyncio] Using selector: KqueueSelector
2026-09-19 17:27:20 DEBUG [eta.access] POST /api/errors/scan → 200 (7ms)
2026-09-19 17:27:20 DEBUG [asyncio] Using selector: KqueueSelector
2026-09-19 17:27:20 DEBUG [eta.access] POST /api/errors/4/confirm → 200 (6ms)
2026-09-19 17:27:20 DEBUG [asyncio] Using selector: KqueueSelector
2026-09-19 17:27:20 DEBUG [asyncio] Using selector: KqueueSelector
2026-09-19 17:27:20 DEBUG [eta.access] POST /api/students/import → 200 (6ms)
2026-09-19 17:27:20 DEBUG [eta.access] POST /api/errors/scan → 200 (6ms)
2026-09-19 17:27:20 DEBUG [asyncio] Using selector: KqueueSelector
2026-09-19 17:27:20 DEBUG [asyncio] Using selector: KqueueSelector
2026-09-19 17:27:20 DEBUG [eta.access] POST /api/errors/5/confirm → 200 (5ms)
2026-09-19 17:27:20 DEBUG [asyncio] Using selector: KqueueSelector
2026-09-19 17:27:20 DEBUG [eta.access] POST /api/errors/scan-batch → 200 (17ms)
2026-09-19 17:27:20 DEBUG [eta.access] GET /api/decision-sheet/export → 200 (7ms)
2026-09-19 17:27:20 DEBUG [asyncio] Using selector: KqueueSelector
2026-09-19 17:27:20 DEBUG [asyncio] Using selector: KqueueSelector
2026-09-19 17:27:20 DEBUG [eta.access] GET /api/errors → 200 (2ms)
2026-09-19 17:27:20 DEBUG [asyncio] Using selector: KqueueSelector
2026-09-19 17:27:20 DEBUG [eta.access] POST /api/students/import → 200 (4ms)
2026-09-19 17:27:20 DEBUG [asyncio] Using selector: KqueueSelector
2026-09-19 17:27:20 DEBUG [eta.access] GET /api/decision-sheet/export → 200 (65ms)
2026-09-19 17:27:20 DEBUG [eta.access] POST /api/errors/scan-batch → 200 (15ms)
2026-09-19 17:27:21 DEBUG [asyncio] Using selector: KqueueSelector
2026-09-19 17:27:21 DEBUG [eta.access] POST /api/students/import → 200 (4ms)
2026-09-19 17:27:21 DEBUG [asyncio] Using selector: KqueueSelector
2026-09-19 17:27:21 DEBUG [eta.access] POST /api/errors/scan-batch → 200 (9ms)
2026-09-19 17:27:21 DEBUG [asyncio] Using selector: KqueueSelector
2026-09-19 17:27:21 DEBUG [asyncio] Using selector: KqueueSelector
2026-09-19 17:27:21 DEBUG [eta.access] POST /api/students/import → 200 (5ms)
2026-09-19 17:27:21 DEBUG [asyncio] Using selector: KqueueSelector
2026-09-19 17:27:21 DEBUG [eta.access] POST /api/students/import → 200 (5ms)
2026-09-19 17:27:21 DEBUG [asyncio] Using selector: KqueueSelector
2026-09-19 17:27:21 DEBUG [eta.access] POST /api/errors/scan-photos → 200 (4ms)
2026-09-19 17:27:21 DEBUG [eta.access] POST /api/errors/scan → 200 (8ms)
2026-09-19 17:27:21 DEBUG [asyncio] Using selector: KqueueSelector
2026-09-19 17:27:21 DEBUG [asyncio] Using selector: KqueueSelector
2026-09-19 17:27:21 DEBUG [eta.access] GET /api/errors → 200 (2ms)
2026-09-19 17:27:21 DEBUG [asyncio] Using selector: KqueueSelector
2026-09-19 17:27:21 DEBUG [eta.access] POST /api/errors/1/confirm → 200 (4ms)
2026-09-19 17:27:21 DEBUG [asyncio] Using selector: KqueueSelector
2026-09-19 17:27:21 DEBUG [eta.access] POST /api/errors/scan → 200 (7ms)
2026-09-19 17:27:21 DEBUG [asyncio] Using selector: KqueueSelector
2026-09-19 17:27:21 DEBUG [eta.access] POST /api/errors/scan-photos-submit → 200 (15ms)
2026-09-19 17:27:21 DEBUG [asyncio] Using selector: KqueueSelector
2026-09-19 17:27:21 DEBUG [eta.access] POST /api/errors/2/confirm → 200 (7ms)
2026-09-19 17:27:21 DEBUG [eta.access] GET /api/errors → 200 (6ms)
2026-09-19 17:27:21 DEBUG [asyncio] Using selector: KqueueSelector
2026-09-19 17:27:21 INFO [eta.export] 导出学生综合信息：2 名学生（class=九(1)班）
2026-09-19 17:27:21 DEBUG [eta.access] GET /api/students/export.csv → 200 (6ms)
2026-09-19 17:27:21 DEBUG [asyncio] Using selector: KqueueSelector
2026-09-19 17:27:21 DEBUG [asyncio] Using selector: KqueueSelector
2026-09-19 17:27:21 DEBUG [eta.access] POST /api/students → 200 (4ms)
2026-09-19 17:27:21 DEBUG [eta.access] POST /api/errors/scan-photos → 400 (2ms)
2026-09-19 17:27:21 DEBUG [asyncio] Using selector: KqueueSelector
2026-09-19 17:27:21 DEBUG [eta.access] POST /api/errors/scan-photos → 400 (3ms)
2026-09-19 17:27:21 DEBUG [asyncio] Using selector: KqueueSelector
2026-09-19 17:27:21 DEBUG [eta.access] POST /api/errors/scan-photos → 400 (2ms)
2026-09-19 17:27:21 DEBUG [asyncio] Using selector: KqueueSelector
2026-09-19 17:27:21 DEBUG [eta.access] GET /api/students/S01/profile → 200 (6ms)
2026-09-19 17:27:21 DEBUG [asyncio] Using selector: KqueueSelector
2026-09-19 17:27:21 DEBUG [asyncio] Using selector: KqueueSelector
2026-09-19 17:27:21 DEBUG [eta.access] POST /api/errors/scan → 200 (7ms)
2026-09-19 17:27:21 DEBUG [asyncio] Using selector: KqueueSelector
2026-09-19 17:27:21 DEBUG [eta.access] POST /api/students → 200 (5ms)
2026-09-19 17:27:21 DEBUG [asyncio] Using selector: KqueueSelector
2026-09-19 17:27:21 DEBUG [eta.access] POST /api/errors/scan → 200 (4ms)
2026-09-19 17:27:21 DEBUG [asyncio] Using selector: KqueueSelector
2026-09-19 17:27:21 DEBUG [eta.access] GET /api/errors → 200 (2ms)
2026-09-19 17:27:21 DEBUG [asyncio] Using selector: KqueueSelector
2026-09-19 17:27:21 DEBUG [eta.access] POST /api/errors/confirm-bulk → 200 (4ms)
2026-09-19 17:27:21 DEBUG [eta.access] POST /api/students → 200 (17ms)
2026-09-19 17:27:21 DEBUG [asyncio] Using selector: KqueueSelector
2026-09-19 17:27:21 DEBUG [eta.access] GET /api/errors → 200 (3ms)
2026-09-19 17:27:21 DEBUG [asyncio] Using selector: KqueueSelector
2026-09-19 17:27:21 DEBUG [asyncio] Using selector: KqueueSelector
2026-09-19 17:27:21 DEBUG [eta.access] POST /api/errors/confirm-bulk → 200 (4ms)
2026-09-19 17:27:21 DEBUG [asyncio] Using selector: KqueueSelector
2026-09-19 17:27:21 INFO [eta.export] 导出学生错题档案报告：S01
2026-09-19 17:27:21 DEBUG [eta.access] GET /api/students/S01/report → 200 (6ms)
2026-09-19 17:27:21 DEBUG [asyncio] Using selector: KqueueSelector
2026-09-19 17:27:21 DEBUG [eta.access] GET /api/errors → 200 (3ms)
2026-09-19 17:27:21 DEBUG [asyncio] Using selector: KqueueSelector
2026-09-19 17:27:21 DEBUG [eta.access] GET /api/students/S99/report → 404 (5ms)
2026-09-19 17:27:21 DEBUG [asyncio] Using selector: KqueueSelector
2026-09-19 17:27:21 DEBUG [eta.access] POST /api/errors/confirm-bulk → 400 (3ms)
2026-09-19 17:27:21 INFO [eta.export] 导出学生错题档案 zip：2 名学生（class=九(1)班）
2026-09-19 17:27:21 DEBUG [eta.access] GET /api/students/reports.zip → 200 (14ms)
2026-09-19 17:27:21 DEBUG [asyncio] Using selector: KqueueSelector
2026-09-19 17:27:21 DEBUG [eta.access] GET /api/students/reports.zip → 400 (2ms)
2026-09-19 17:27:21 DEBUG [asyncio] Using selector: KqueueSelector
2026-09-19 17:27:21 DEBUG [eta.access] POST /api/students → 200 (7ms)
2026-09-19 17:27:21 DEBUG [asyncio] Using selector: KqueueSelector
2026-09-19 17:27:21 DEBUG [eta.access] POST /api/students → 400 (3ms)
2026-09-19 17:27:21 DEBUG [asyncio] Using selector: KqueueSelector
2026-09-19 17:27:21 DEBUG [eta.access] POST /api/errors/scan → 200 (9ms)
2026-09-19 17:27:21 DEBUG [asyncio] Using selector: KqueueSelector
2026-09-19 17:27:21 DEBUG [eta.access] PUT /api/students/9101 → 200 (7ms)
2026-09-19 17:27:21 DEBUG [asyncio] Using selector: KqueueSelector
2026-09-19 17:27:21 DEBUG [eta.access] GET /api/errors → 200 (3ms)
2026-09-19 17:27:21 DEBUG [asyncio] Using selector: KqueueSelector
2026-09-19 17:27:21 DEBUG [eta.access] POST /api/students → 200 (5ms)
2026-09-19 17:27:21 DEBUG [asyncio] Using selector: KqueueSelector
2026-09-19 17:27:21 DEBUG [eta.access] PUT /api/students/9201 → 400 (5ms)
2026-09-19 17:27:21 DEBUG [asyncio] Using selector: KqueueSelector
2026-09-19 17:27:21 DEBUG [eta.access] DELETE /api/students/9201 → 200 (8ms)
2026-09-19 17:27:21 DEBUG [asyncio] Using selector: KqueueSelector
2026-09-19 17:27:21 DEBUG [eta.access] GET /api/errors → 200 (2ms)
2026-09-19 17:27:21 DEBUG [asyncio] Using selector: KqueueSelector
2026-09-19 17:27:21 DEBUG [eta.access] DELETE /api/students/9201 → 404 (3ms)
2026-09-19 17:27:21 DEBUG [asyncio] Using selector: KqueueSelector
2026-09-19 17:27:21 DEBUG [eta.access] POST /api/students → 200 (5ms)
2026-09-19 17:27:21 DEBUG [asyncio] Using selector: KqueueSelector
2026-09-19 17:27:21 DEBUG [eta.access] POST /api/errors/scan → 200 (7ms)
2026-09-19 17:27:21 DEBUG [asyncio] Using selector: KqueueSelector
2026-09-19 17:27:21 DEBUG [eta.access] DELETE /api/students/9102 → 200 (4ms)
2026-09-19 17:27:21 DEBUG [asyncio] Using selector: KqueueSelector
2026-09-19 17:27:21 DEBUG [eta.access] GET /api/errors → 200 (2ms)
2026-09-19 17:27:21 DEBUG [asyncio] Using selector: KqueueSelector
2026-09-19 17:27:21 DEBUG [eta.access] POST /api/classes → 200 (6ms)
2026-09-19 17:27:21 DEBUG [asyncio] Using selector: KqueueSelector
2026-09-19 17:27:21 DEBUG [eta.access] GET /api/classes → 200 (2ms)
2026-09-19 17:27:21 DEBUG [asyncio] Using selector: KqueueSelector
2026-09-19 17:27:21 DEBUG [eta.access] POST /api/classes → 400 (2ms)
2026-09-19 17:27:21 DEBUG [asyncio] Using selector: KqueueSelector
2026-09-19 17:27:21 DEBUG [eta.access] POST /api/classes → 400 (3ms)
2026-09-19 17:27:21 DEBUG [asyncio] Using selector: KqueueSelector
2026-09-19 17:27:21 DEBUG [eta.access] POST /api/students → 200 (4ms)
2026-09-19 17:27:21 DEBUG [asyncio] Using selector: KqueueSelector
2026-09-19 17:27:21 DEBUG [eta.access] POST /api/errors/scan → 200 (5ms)
2026-09-19 17:27:21 DEBUG [asyncio] Using selector: KqueueSelector
2026-09-19 17:27:21 DEBUG [eta.access] PUT /api/classes/九(1)班 → 200 (6ms)
2026-09-19 17:27:21 DEBUG [asyncio] Using selector: KqueueSelector
2026-09-19 17:27:21 DEBUG [eta.access] GET /api/classes → 200 (2ms)
2026-09-19 17:27:21 DEBUG [asyncio] Using selector: KqueueSelector
2026-09-19 17:27:21 DEBUG [eta.access] GET /api/students → 200 (2ms)
2026-09-19 17:27:21 DEBUG [asyncio] Using selector: KqueueSelector
2026-09-19 17:27:21 DEBUG [eta.access] GET /api/errors → 200 (2ms)
2026-09-19 17:27:21 DEBUG [asyncio] Using selector: KqueueSelector
2026-09-19 17:27:21 DEBUG [eta.access] DELETE /api/classes/九(2)班 → 200 (6ms)
2026-09-19 17:27:21 DEBUG [asyncio] Using selector: KqueueSelector
2026-09-19 17:27:21 DEBUG [eta.access] GET /api/students → 200 (2ms)
2026-09-19 17:27:21 DEBUG [asyncio] Using selector: KqueueSelector
2026-09-19 17:27:21 DEBUG [eta.access] GET /api/errors → 200 (2ms)
2026-09-19 17:27:21 DEBUG [asyncio] Using selector: KqueueSelector
2026-09-19 17:27:21 DEBUG [eta.access] POST /api/classes → 200 (6ms)
2026-09-19 17:27:21 DEBUG [asyncio] Using selector: KqueueSelector
2026-09-19 17:27:21 DEBUG [eta.access] POST /api/classes → 200 (4ms)
2026-09-19 17:27:21 DEBUG [asyncio] Using selector: KqueueSelector
2026-09-19 17:27:21 DEBUG [eta.access] POST /api/students → 200 (5ms)
2026-09-19 17:27:21 DEBUG [asyncio] Using selector: KqueueSelector
2026-09-19 17:27:21 DEBUG [eta.access] PUT /api/classes/九(3)班 → 400 (3ms)
2026-09-19 17:27:21 DEBUG [asyncio] Using selector: KqueueSelector
2026-09-19 17:27:21 DEBUG [eta.access] DELETE /api/classes/九(3)班 → 200 (3ms)
2026-09-19 17:27:21 DEBUG [asyncio] Using selector: KqueueSelector
2026-09-19 17:27:21 DEBUG [eta.access] DELETE /api/classes/九(1)班 → 200 (4ms)
2026-09-19 17:27:21 DEBUG [asyncio] Using selector: KqueueSelector
2026-09-19 17:27:21 DEBUG [eta.access] GET /api/classes → 200 (2ms)
2026-09-19 17:27:21 DEBUG [asyncio] Using selector: KqueueSelector
2026-09-19 17:27:21 DEBUG [eta.access] GET /api/errors/batches → 200 (4ms)
2026-09-19 17:27:21 DEBUG [asyncio] Using selector: KqueueSelector
2026-09-19 17:27:21 DEBUG [eta.access] GET /api/errors/batches → 200 (3ms)
2026-09-19 17:27:21 DEBUG [asyncio] Using selector: KqueueSelector
2026-09-19 17:27:21 DEBUG [eta.access] POST /api/classes → 200 (4ms)
2026-09-19 17:27:21 DEBUG [asyncio] Using selector: KqueueSelector
2026-09-19 17:27:21 DEBUG [eta.access] POST /api/students → 200 (8ms)
2026-09-19 17:27:21 DEBUG [asyncio] Using selector: KqueueSelector
2026-09-19 17:27:21 DEBUG [eta.access] POST /api/errors/scan → 200 (6ms)
2026-09-19 17:27:21 DEBUG [asyncio] Using selector: KqueueSelector
2026-09-19 17:27:21 DEBUG [eta.access] DELETE /api/classes/旧库班 → 200 (5ms)
2026-09-19 17:27:21 DEBUG [asyncio] Using selector: KqueueSelector
2026-09-19 17:27:21 DEBUG [eta.access] GET /api/decision-sheet → 200 (8ms)
2026-09-19 17:27:21 DEBUG [asyncio] Using selector: KqueueSelector
2026-09-19 17:27:21 DEBUG [eta.access] GET /api/decision-sheet → 200 (8ms)
2026-09-19 17:27:21 DEBUG [asyncio] Using selector: KqueueSelector
2026-09-19 17:27:21 DEBUG [eta.access] POST /api/errors/scan → 200 (8ms)
2026-09-19 17:27:21 DEBUG [asyncio] Using selector: KqueueSelector
2026-09-19 17:27:21 DEBUG [eta.access] POST /api/errors/1/confirm → 200 (5ms)
2026-09-19 17:27:21 DEBUG [asyncio] Using selector: KqueueSelector
2026-09-19 17:27:21 DEBUG [eta.access] POST /api/errors/scan → 200 (7ms)
2026-09-19 17:27:21 DEBUG [asyncio] Using selector: KqueueSelector
2026-09-19 17:27:21 DEBUG [asyncio] Using selector: KqueueSelector
2026-09-19 17:27:21 DEBUG [eta.access] POST /api/errors/2/confirm → 200 (5ms)
2026-09-19 17:27:21 DEBUG [asyncio] Using selector: KqueueSelector
2026-09-19 17:27:21 DEBUG [eta.access] GET /api/dashboard → 200 (7ms)
2026-09-19 17:27:21 DEBUG [asyncio] Using selector: KqueueSelector
2026-09-19 17:27:21 DEBUG [eta.access] POST /api/errors/scan → 200 (5ms)
2026-09-19 17:27:21 DEBUG [asyncio] Using selector: KqueueSelector
2026-09-19 17:27:21 DEBUG [eta.access] GET /api/dashboard → 200 (9ms)
2026-09-19 17:27:21 DEBUG [eta.access] POST /api/errors/3/confirm → 200 (4ms)
2026-09-19 17:27:21 DEBUG [asyncio] Using selector: KqueueSelector
2026-09-19 17:27:21 DEBUG [asyncio] Using selector: KqueueSelector
2026-09-19 17:27:21 DEBUG [eta.access] GET /api/trends/categories → 200 (3ms)
2026-09-19 17:27:21 DEBUG [eta.access] POST /api/errors/scan → 200 (6ms)
2026-09-19 17:27:21 DEBUG [asyncio] Using selector: KqueueSelector
2026-09-19 17:27:21 DEBUG [eta.access] POST /api/errors/4/confirm → 200 (5ms)
2026-09-19 17:27:21 DEBUG [asyncio] Using selector: KqueueSelector
2026-09-19 17:27:21 DEBUG [eta.access] POST /api/decision-sheet/ai → 200 (10ms)
2026-09-19 17:27:21 DEBUG [asyncio] Using selector: KqueueSelector
2026-09-19 17:27:21 DEBUG [eta.access] POST /api/errors/confirm-bulk → 200 (7ms)
2026-09-19 17:27:21 DEBUG [asyncio] Using selector: KqueueSelector
2026-09-19 17:27:21 DEBUG [eta.access] GET /api/dashboard → 200 (10ms)
2026-09-19 17:27:21 DEBUG [asyncio] Using selector: KqueueSelector
2026-09-19 17:27:21 DEBUG [eta.access] POST /api/decision-sheet/ai → 400 (6ms)
2026-09-19 17:27:21 DEBUG [asyncio] Using selector: KqueueSelector
2026-09-19 17:27:21 DEBUG [eta.access] GET /api/decision-sheet/export → 200 (4ms)
2026-09-19 17:27:21 DEBUG [asyncio] Using selector: KqueueSelector
2026-09-19 17:27:22 DEBUG [eta.access] POST /api/practice/generate → 422 (2ms)
2026-09-19 17:27:22 DEBUG [asyncio] Using selector: KqueueSelector
2026-09-19 17:27:22 DEBUG [eta.access] POST /api/practice/generate → 422 (1ms)
2026-09-19 17:27:22 DEBUG [asyncio] Using selector: KqueueSelector
2026-09-19 17:27:22 DEBUG [eta.access] POST /api/practice/generate → 200 (5ms)
2026-09-19 17:27:22 DEBUG [asyncio] Using selector: KqueueSelector
2026-09-19 17:27:22 DEBUG [eta.access] POST /api/practice/generate → 200 (9ms)
2026-09-19 17:27:22 DEBUG [asyncio] Using selector: KqueueSelector
2026-09-19 17:27:22 DEBUG [eta.access] POST /api/practice/generate → 200 (9ms)
2026-09-19 17:27:22 DEBUG [asyncio] Using selector: KqueueSelector
2026-09-19 17:27:22 DEBUG [eta.access] POST /api/practice/generate → 400 (2ms)
2026-09-19 17:27:22 DEBUG [asyncio] Using selector: KqueueSelector
2026-09-19 17:27:22 DEBUG [eta.access] POST /api/practice/generate → 400 (2ms)
2026-09-19 17:27:22 DEBUG [asyncio] Using selector: KqueueSelector
2026-09-19 17:27:22 DEBUG [eta.access] POST /api/check/dictation → 200 (16ms)
2026-09-19 17:27:22 DEBUG [asyncio] Using selector: KqueueSelector
2026-09-19 17:27:22 DEBUG [asyncio] Using selector: KqueueSelector
2026-09-19 17:27:22 DEBUG [eta.access] POST /api/paper/generate → 400 (3ms)
2026-09-19 17:27:22 DEBUG [eta.access] GET /api/errors → 200 (3ms)
2026-09-19 17:27:22 DEBUG [asyncio] Using selector: KqueueSelector
2026-09-19 17:27:22 DEBUG [eta.access] GET /api/check/sessions → 200 (4ms)
2026-09-19 17:27:22 DEBUG [asyncio] Using selector: KqueueSelector
2026-09-19 17:27:22 DEBUG [eta.access] GET /api/check/sessions/1 → 200 (2ms)
2026-09-19 17:27:22 DEBUG [asyncio] Using selector: KqueueSelector
2026-09-19 17:27:22 DEBUG [asyncio] Using selector: KqueueSelector
2026-09-19 17:27:22 DEBUG [eta.access] POST /api/errors/scan → 200 (4ms)
2026-09-19 17:27:22 DEBUG [asyncio] Using selector: KqueueSelector
2026-09-19 17:27:22 DEBUG [eta.access] POST /api/errors/1/confirm → 200 (6ms)
2026-09-19 17:27:22 DEBUG [asyncio] Using selector: KqueueSelector
2026-09-19 17:27:22 DEBUG [eta.access] POST /api/check/assignment → 200 (18ms)
2026-09-19 17:27:22 DEBUG [asyncio] Using selector: KqueueSelector
2026-09-19 17:27:22 DEBUG [eta.access] POST /api/errors/scan → 200 (5ms)
2026-09-19 17:27:22 DEBUG [asyncio] Using selector: KqueueSelector
2026-09-19 17:27:22 DEBUG [eta.access] GET /api/errors → 200 (3ms)
2026-09-19 17:27:22 DEBUG [eta.access] POST /api/errors/2/confirm → 200 (5ms)
2026-09-19 17:27:22 DEBUG [asyncio] Using selector: KqueueSelector
2026-09-19 17:27:22 DEBUG [eta.access] POST /api/paper/generate → 200 (6ms)
2026-09-19 17:27:22 DEBUG [asyncio] Using selector: KqueueSelector
2026-09-19 17:27:22 DEBUG [eta.access] POST /api/paper/generate → 200 (4ms)
2026-09-19 17:27:22 DEBUG [asyncio] Using selector: KqueueSelector
2026-09-19 17:27:22 DEBUG [asyncio] Using selector: KqueueSelector
2026-09-19 17:27:22 DEBUG [eta.access] POST /api/paper/generate → 422 (5ms)
2026-09-19 17:27:22 DEBUG [asyncio] Using selector: KqueueSelector
2026-09-19 17:27:22 DEBUG [eta.access] POST /api/paper/generate → 422 (2ms)
2026-09-19 17:27:22 DEBUG [asyncio] Using selector: KqueueSelector
2026-09-19 17:27:22 DEBUG [eta.access] POST /api/check/assignment → 200 (22ms)
2026-09-19 17:27:22 DEBUG [asyncio] Using selector: KqueueSelector
2026-09-19 17:27:22 DEBUG [eta.access] POST /api/paper/generate → 200 (9ms)
2026-09-19 17:27:22 DEBUG [asyncio] Using selector: KqueueSelector
2026-09-19 17:27:22 DEBUG [eta.access] GET /api/errors → 200 (6ms)
2026-09-19 17:27:22 DEBUG [eta.access] GET /api/papers → 200 (4ms)
2026-09-19 17:27:22 DEBUG [asyncio] Using selector: KqueueSelector
2026-09-19 17:27:22 DEBUG [eta.access] POST /api/paper/1/approve → 200 (4ms)
2026-09-19 17:27:22 DEBUG [asyncio] Using selector: KqueueSelector
2026-09-19 17:27:22 DEBUG [eta.access] POST /api/paper/1/approve → 404 (5ms)
2026-09-19 17:27:22 DEBUG [asyncio] Using selector: KqueueSelector
2026-09-19 17:27:22 DEBUG [eta.access] GET /api/papers → 200 (3ms)
2026-09-19 17:27:22 DEBUG [asyncio] Using selector: KqueueSelector
2026-09-19 17:27:22 DEBUG [eta.access] POST /api/check/assignment → 200 (8ms)
2026-09-19 17:27:22 DEBUG [asyncio] Using selector: KqueueSelector
2026-09-19 17:27:22 DEBUG [asyncio] Using selector: KqueueSelector
2026-09-19 17:27:22 DEBUG [eta.access] POST /api/errors/scan → 200 (6ms)
2026-09-19 17:27:22 DEBUG [asyncio] Using selector: KqueueSelector
2026-09-19 17:27:22 DEBUG [eta.access] POST /api/check/assignment → 200 (12ms)
2026-09-19 17:27:22 DEBUG [eta.access] POST /api/errors/1/confirm → 200 (6ms)
2026-09-19 17:27:22 DEBUG [asyncio] Using selector: KqueueSelector
2026-09-19 17:27:22 DEBUG [eta.access] POST /api/errors/scan → 200 (4ms)
2026-09-19 17:27:22 DEBUG [asyncio] Using selector: KqueueSelector
2026-09-19 17:27:22 DEBUG [eta.access] POST /api/errors/2/confirm → 200 (5ms)
2026-09-19 17:27:22 DEBUG [asyncio] Using selector: KqueueSelector
2026-09-19 17:27:22 DEBUG [asyncio] Using selector: KqueueSelector
2026-09-19 17:27:22 DEBUG [eta.access] POST /api/check/dictation → 400 (3ms)
2026-09-19 17:27:22 DEBUG [eta.access] POST /api/practice/generate → 200 (8ms)
2026-09-19 17:27:22 DEBUG [asyncio] Using selector: KqueueSelector
2026-09-19 17:27:22 DEBUG [asyncio] Using selector: KqueueSelector
2026-09-19 17:27:22 DEBUG [eta.access] POST /api/check/assignment → 400 (3ms)
2026-09-19 17:27:22 DEBUG [asyncio] Using selector: KqueueSelector
2026-09-19 17:27:22 DEBUG [eta.access] POST /api/practice/generate → 200 (6ms)
2026-09-19 17:27:22 DEBUG [eta.access] GET /api/check/sessions/999999 → 404 (2ms)
2026-09-19 17:27:22 DEBUG [asyncio] Using selector: KqueueSelector
2026-09-19 17:27:22 DEBUG [eta.access] POST /api/paper/generate → 200 (4ms)
2026-09-19 17:27:22 DEBUG [asyncio] Using selector: KqueueSelector
2026-09-19 17:27:22 DEBUG [eta.access] POST /api/paper/generate → 400 (5ms)
2026-09-19 17:27:22 DEBUG [asyncio] Using selector: KqueueSelector
2026-09-19 17:27:22 DEBUG [eta.access] POST /api/practice/generate → 200 (5ms)
2026-09-19 17:27:22 DEBUG [asyncio] Using selector: KqueueSelector
2026-09-19 17:27:22 DEBUG [asyncio] Using selector: KqueueSelector
2026-09-19 17:27:22 DEBUG [eta.access] POST /api/paper/generate → 200 (5ms)
2026-09-19 17:27:22 DEBUG [eta.access] POST /api/check/dictation → 200 (8ms)
2026-09-19 17:27:22 DEBUG [asyncio] Using selector: KqueueSelector
2026-09-19 17:27:22 DEBUG [eta.access] PATCH /api/check/sessions/1 → 200 (6ms)
2026-09-19 17:27:22 DEBUG [asyncio] Using selector: KqueueSelector
2026-09-19 17:27:22 DEBUG [eta.access] GET /api/check/sessions → 200 (2ms)
2026-09-19 17:27:22 DEBUG [asyncio] Using selector: KqueueSelector
2026-09-19 17:27:22 DEBUG [asyncio] Using selector: KqueueSelector
2026-09-19 17:27:22 DEBUG [eta.access] POST /api/practice/generate → 200 (8ms)
2026-09-19 17:27:22 DEBUG [asyncio] Using selector: KqueueSelector
2026-09-19 17:27:22 DEBUG [eta.access] POST /api/students/import → 200 (6ms)
2026-09-19 17:27:22 DEBUG [asyncio] Using selector: KqueueSelector
2026-09-19 17:27:22 DEBUG [eta.access] POST /api/check/dictation → 200 (15ms)
2026-09-19 17:27:22 DEBUG [asyncio] Using selector: KqueueSelector
2026-09-19 17:27:22 DEBUG [eta.access] GET /api/check/sessions/1/export → 200 (5ms)
2026-09-19 17:27:22 DEBUG [asyncio] Using selector: KqueueSelector
2026-09-19 17:27:22 DEBUG [eta.access] GET /api/practices/export → 400 (37ms)
2026-09-19 17:27:22 DEBUG [eta.access] GET /api/check/sessions/999999/export → 404 (4ms)
2026-09-19 17:27:22 DEBUG [asyncio] Using selector: KqueueSelector
2026-09-19 17:27:22 DEBUG [eta.access] GET /api/practices/export → 200 (3ms)
2026-09-19 17:27:22 DEBUG [asyncio] Using selector: KqueueSelector
2026-09-19 17:27:22 DEBUG [eta.access] POST /api/practice/1/approve → 200 (4ms)
2026-09-19 17:27:22 DEBUG [asyncio] Using selector: KqueueSelector
2026-09-19 17:27:22 DEBUG [eta.access] GET /api/practices/export → 200 (3ms)
2026-09-19 17:27:22 DEBUG [asyncio] Using selector: KqueueSelector
2026-09-19 17:27:22 DEBUG [asyncio] Using selector: KqueueSelector
2026-09-19 17:27:22 DEBUG [eta.access] POST /api/students/import → 200 (7ms)
2026-09-19 17:27:22 DEBUG [asyncio] Using selector: KqueueSelector
2026-09-19 17:27:22 DEBUG [eta.access] POST /api/check/dictation → 200 (13ms)
2026-09-19 17:27:22 DEBUG [asyncio] Using selector: KqueueSelector
2026-09-19 17:27:22 INFO [eta.api.check] 导出全部单生批改报告：2 名学生（session=1）
2026-09-19 17:27:22 DEBUG [eta.access] GET /api/check/sessions/1/export-all → 200 (6ms)
2026-09-19 17:27:22 DEBUG [asyncio] Using selector: KqueueSelector
2026-09-19 17:27:22 DEBUG [eta.access] GET /api/check/sessions/999999/export-all → 404 (3ms)
2026-09-19 17:27:22 DEBUG [eta.access] GET /api/practices/export → 200 (233ms)
2026-09-19 17:27:22 DEBUG [asyncio] Using selector: KqueueSelector
2026-09-19 17:27:22 DEBUG [eta.access] POST /api/practice/generate → 200 (6ms)
2026-09-19 17:27:22 DEBUG [asyncio] Using selector: KqueueSelector
2026-09-19 17:27:22 DEBUG [eta.access] POST /api/practice/2/approve → 200 (4ms)
2026-09-19 17:27:22 DEBUG [asyncio] Using selector: KqueueSelector
2026-09-19 17:27:22 DEBUG [eta.access] GET /api/practices/export → 200 (3ms)
2026-09-19 17:27:22 DEBUG [asyncio] Using selector: KqueueSelector
2026-09-19 17:27:22 DEBUG [asyncio] Using selector: KqueueSelector
2026-09-19 17:27:22 DEBUG [eta.access] GET /api/practices/export → 400 (1ms)
2026-09-19 17:27:22 DEBUG [eta.access] POST /api/students → 200 (4ms)
2026-09-19 17:27:22 DEBUG [asyncio] Using selector: KqueueSelector
2026-09-19 17:27:22 DEBUG [eta.access] POST /api/students → 200 (5ms)
2026-09-19 17:27:22 DEBUG [asyncio] Using selector: KqueueSelector
2026-09-19 17:27:22 DEBUG [asyncio] Using selector: KqueueSelector
2026-09-19 17:27:22 DEBUG [eta.access] POST /api/errors/scan → 200 (6ms)
2026-09-19 17:27:22 DEBUG [asyncio] Using selector: KqueueSelector
2026-09-19 17:27:22 DEBUG [eta.access] POST /api/students → 200 (4ms)
2026-09-19 17:27:22 DEBUG [asyncio] Using selector: KqueueSelector
2026-09-19 17:27:22 DEBUG [eta.access] POST /api/errors/1/confirm → 200 (4ms)
2026-09-19 17:27:22 DEBUG [asyncio] Using selector: KqueueSelector
2026-09-19 17:27:22 DEBUG [eta.access] POST /api/students → 200 (5ms)
2026-09-19 17:27:22 DEBUG [eta.access] POST /api/errors/scan → 200 (5ms)
2026-09-19 17:27:22 DEBUG [asyncio] Using selector: KqueueSelector
2026-09-19 17:27:22 DEBUG [eta.access] POST /api/errors/2/confirm → 200 (6ms)
2026-09-19 17:27:22 DEBUG [asyncio] Using selector: KqueueSelector
2026-09-19 17:27:23 DEBUG [eta.access] POST /api/paper/generate → 200 (6ms)
2026-09-19 17:27:23 DEBUG [asyncio] Using selector: KqueueSelector
2026-09-19 17:27:23 DEBUG [eta.access] GET /api/papers/1/export → 400 (3ms)
2026-09-19 17:27:23 DEBUG [asyncio] Using selector: KqueueSelector
2026-09-19 17:27:23 DEBUG [eta.access] POST /api/paper/1/approve → 200 (3ms)
2026-09-19 17:27:23 DEBUG [asyncio] Using selector: KqueueSelector
2026-09-19 17:27:23 DEBUG [asyncio] Using selector: KqueueSelector
2026-09-19 17:27:23 DEBUG [eta.access] GET /api/papers/1/export → 200 (2ms)
2026-09-19 17:27:23 DEBUG [asyncio] Using selector: KqueueSelector
2026-09-19 17:27:23 DEBUG [eta.access] POST /api/students → 200 (5ms)
2026-09-19 17:27:23 DEBUG [asyncio] Using selector: KqueueSelector
2026-09-19 17:27:23 DEBUG [eta.access] POST /api/students → 200 (5ms)
2026-09-19 17:27:23 DEBUG [asyncio] Using selector: KqueueSelector
2026-09-19 17:27:23 DEBUG [eta.access] POST /api/students/S01/cleanup → 200 (6ms)
2026-09-19 17:27:23 DEBUG [asyncio] Using selector: KqueueSelector
2026-09-19 17:27:23 DEBUG [eta.access] GET /api/students/S01/profile → 200 (3ms)
2026-09-19 17:27:23 DEBUG [asyncio] Using selector: KqueueSelector
2026-09-19 17:27:23 DEBUG [eta.access] POST /api/students/S01/cleanup → 200 (4ms)
2026-09-19 17:27:23 DEBUG [asyncio] Using selector: KqueueSelector
2026-09-19 17:27:23 DEBUG [eta.access] GET /api/students/S01/profile → 200 (3ms)
2026-09-19 17:27:23 DEBUG [eta.access] GET /api/papers/1/export → 200 (59ms)
2026-09-19 17:27:23 DEBUG [asyncio] Using selector: KqueueSelector
2026-09-19 17:27:23 DEBUG [eta.access] POST /api/students → 200 (6ms)
2026-09-19 17:27:23 DEBUG [asyncio] Using selector: KqueueSelector
2026-09-19 17:27:23 DEBUG [eta.access] POST /api/students → 200 (4ms)
2026-09-19 17:27:23 DEBUG [asyncio] Using selector: KqueueSelector
2026-09-19 17:27:23 DEBUG [eta.access] POST /api/students/S01/cleanup → 200 (4ms)
2026-09-19 17:27:23 DEBUG [asyncio] Using selector: KqueueSelector
2026-09-19 17:27:23 DEBUG [eta.access] POST /api/students → 200 (7ms)
2026-09-19 17:27:23 DEBUG [asyncio] Using selector: KqueueSelector
2026-09-19 17:27:23 DEBUG [eta.access] POST /api/students → 200 (5ms)
2026-09-19 17:27:23 DEBUG [asyncio] Using selector: KqueueSelector
2026-09-19 17:27:23 DEBUG [eta.access] GET /api/papers/999/export → 404 (3ms)
2026-09-19 17:27:23 DEBUG [asyncio] Using selector: KqueueSelector
2026-09-19 17:27:23 DEBUG [eta.access] POST /api/students/S01/cleanup → 200 (5ms)
2026-09-19 17:27:23 DEBUG [asyncio] Using selector: KqueueSelector
2026-09-19 17:27:23 DEBUG [asyncio] Using selector: KqueueSelector
2026-09-19 17:27:23 DEBUG [eta.access] POST /api/students → 200 (8ms)
2026-09-19 17:27:23 DEBUG [eta.access] POST /api/classes → 200 (6ms)
2026-09-19 17:27:23 DEBUG [asyncio] Using selector: KqueueSelector
2026-09-19 17:27:23 DEBUG [asyncio] Using selector: KqueueSelector
2026-09-19 17:27:23 DEBUG [eta.access] POST /api/students → 200 (4ms)
2026-09-19 17:27:23 DEBUG [eta.access] POST /api/students → 200 (5ms)
2026-09-19 17:27:23 DEBUG [asyncio] Using selector: KqueueSelector
2026-09-19 17:27:23 DEBUG [asyncio] Using selector: KqueueSelector
2026-09-19 17:27:23 DEBUG [eta.access] POST /api/errors/scan → 200 (8ms)
2026-09-19 17:27:23 DEBUG [eta.access] POST /api/students/S01/cleanup → 200 (5ms)
2026-09-19 17:27:23 DEBUG [asyncio] Using selector: KqueueSelector
2026-09-19 17:27:23 DEBUG [eta.access] POST /api/errors/1/confirm → 200 (28ms)
2026-09-19 17:27:23 DEBUG [asyncio] Using selector: KqueueSelector
2026-09-19 17:27:23 DEBUG [asyncio] Using selector: KqueueSelector
2026-09-19 17:27:23 DEBUG [eta.access] POST /api/students → 200 (7ms)
2026-09-19 17:27:23 DEBUG [eta.access] POST /api/errors/scan → 200 (8ms)
2026-09-19 17:27:23 DEBUG [asyncio] Using selector: KqueueSelector
2026-09-19 17:27:23 DEBUG [asyncio] Using selector: KqueueSelector
2026-09-19 17:27:23 DEBUG [eta.access] POST /api/students/P01/cleanup → 400 (3ms)
2026-09-19 17:27:23 DEBUG [asyncio] Using selector: KqueueSelector
2026-09-19 17:27:23 DEBUG [eta.access] POST /api/errors/2/confirm → 200 (6ms)
2026-09-19 17:27:23 DEBUG [asyncio] Using selector: KqueueSelector
2026-09-19 17:27:23 DEBUG [eta.access] POST /api/students/P01/cleanup → 400 (4ms)
2026-09-19 17:27:23 DEBUG [eta.access] POST /api/errors/scan → 200 (10ms)
2026-09-19 17:27:23 DEBUG [asyncio] Using selector: KqueueSelector
2026-09-19 17:27:23 DEBUG [eta.access] POST /api/errors/3/confirm → 200 (7ms)
2026-09-19 17:27:23 DEBUG [asyncio] Using selector: KqueueSelector
2026-09-19 17:27:23 DEBUG [asyncio] Using selector: KqueueSelector
2026-09-19 17:27:23 DEBUG [eta.access] POST /api/errors/scan → 200 (8ms)
2026-09-19 17:27:23 DEBUG [asyncio] Using selector: KqueueSelector
2026-09-19 17:27:23 DEBUG [eta.access] POST /api/students/NOPE/cleanup → 404 (3ms)
2026-09-19 17:27:23 DEBUG [asyncio] Using selector: KqueueSelector
2026-09-19 17:27:23 DEBUG [eta.access] POST /api/errors/4/confirm → 200 (7ms)
2026-09-19 17:27:23 DEBUG [eta.access] POST /api/students → 200 (5ms)
2026-09-19 17:27:23 DEBUG [asyncio] Using selector: KqueueSelector
2026-09-19 17:27:23 DEBUG [asyncio] Using selector: KqueueSelector
2026-09-19 17:27:23 DEBUG [eta.access] POST /api/students/V01/cleanup → 400 (4ms)
2026-09-19 17:27:23 DEBUG [eta.access] POST /api/errors/scan → 200 (8ms)
2026-09-19 17:27:23 DEBUG [asyncio] Using selector: KqueueSelector
2026-09-19 17:27:23 DEBUG [eta.access] POST /api/errors/5/confirm → 200 (6ms)
2026-09-19 17:27:23 DEBUG [asyncio] Using selector: KqueueSelector
2026-09-19 17:27:23 DEBUG [eta.access] GET /api/decision-sheet/export → 200 (11ms)
2026-09-19 17:27:23 DEBUG [asyncio] Using selector: KqueueSelector
2026-09-19 17:27:23 DEBUG [eta.access] GET /api/decision-sheet/export → 200 (92ms)
2026-09-19 17:27:23 DEBUG [asyncio] Using selector: KqueueSelector
2026-09-19 17:27:23 DEBUG [eta.access] POST /api/students/import → 200 (5ms)
2026-09-19 17:27:23 DEBUG [asyncio] Using selector: KqueueSelector
2026-09-19 17:27:23 DEBUG [eta.access] POST /api/errors/scan → 200 (9ms)
2026-09-19 17:27:23 DEBUG [asyncio] Using selector: KqueueSelector
2026-09-19 17:27:23 DEBUG [eta.access] POST /api/errors/1/confirm → 200 (5ms)
2026-09-19 17:27:23 DEBUG [asyncio] Using selector: KqueueSelector
2026-09-19 17:27:23 DEBUG [eta.access] POST /api/errors/scan → 200 (7ms)
2026-09-19 17:27:23 DEBUG [asyncio] Using selector: KqueueSelector
2026-09-19 17:27:23 DEBUG [eta.access] POST /api/errors/2/confirm → 200 (9ms)
2026-09-19 17:27:23 DEBUG [asyncio] Using selector: KqueueSelector
2026-09-19 17:27:23 INFO [eta.export] 导出学生综合信息：2 名学生（class=九(1)班）
2026-09-19 17:27:23 DEBUG [eta.access] GET /api/students/export.csv → 200 (9ms)
2026-09-19 17:27:23 DEBUG [asyncio] Using selector: KqueueSelector
2026-09-19 17:27:23 DEBUG [eta.access] POST /api/students → 200 (6ms)
2026-09-19 17:27:23 DEBUG [asyncio] Using selector: KqueueSelector
2026-09-19 17:27:23 DEBUG [eta.access] GET /api/students/S01/profile → 200 (10ms)
2026-09-19 17:27:23 WARNING [eta.ocr] dual 文档流 mineru 通道失败（降级继续）：MinerU 链路抖动
2026-09-19 17:27:23 WARNING [eta.ocr] dual 文档流 mineru 通道失败（降级继续）：down
2026-09-19 17:27:23 WARNING [eta.ocr] dual 文档流 paddleocr 通道失败（降级继续）：down
2026-09-19 17:27:23 DEBUG [asyncio] Using selector: KqueueSelector
2026-09-19 17:27:23 DEBUG [eta.access] POST /api/students → 200 (7ms)
2026-09-19 17:27:23 DEBUG [asyncio] Using selector: KqueueSelector
2026-09-19 17:27:23 DEBUG [eta.access] POST /api/students → 200 (7ms)
2026-09-19 17:27:23 DEBUG [asyncio] Using selector: KqueueSelector
2026-09-19 17:27:23 INFO [eta.export] 导出学生错题档案报告：S01
2026-09-19 17:27:23 DEBUG [eta.access] GET /api/students/S01/report → 200 (7ms)
2026-09-19 17:27:23 DEBUG [asyncio] Using selector: KqueueSelector
2026-09-19 17:27:23 DEBUG [eta.access] GET /api/students/S99/report → 404 (3ms)
2026-09-19 17:27:23 DEBUG [asyncio] Using selector: KqueueSelector
2026-09-19 17:27:23 INFO [eta.export] 导出学生错题档案 zip：2 名学生（class=九(1)班）
2026-09-19 17:27:23 DEBUG [eta.access] GET /api/students/reports.zip → 200 (9ms)
2026-09-19 17:27:23 DEBUG [asyncio] Using selector: KqueueSelector
2026-09-19 17:27:23 DEBUG [eta.access] GET /api/students/reports.zip → 400 (4ms)
2026-09-19 17:27:24 DEBUG [asyncio] Using selector: KqueueSelector
2026-09-19 17:27:24 ERROR [eta.logs] 浏览器 [ERROR] 页面=#/scan 页面脚本错误
at boot
2026-09-19 17:27:24 DEBUG [eta.access] POST /api/logs/client → 200 (4ms)
2026-09-19 17:27:24 INFO [eta.ocr] MinerU batch=b1 创建，上传图片 (5 bytes)
2026-09-19 17:27:24 DEBUG [asyncio] Using selector: KqueueSelector
2026-09-19 17:27:24 DEBUG [eta.access] GET /api/errors/batches → 200 (21ms)
2026-09-19 17:27:24 DEBUG [asyncio] Using selector: KqueueSelector
2026-09-19 17:27:24 DEBUG [eta.access] GET /api/errors/batches → 200 (3ms)
2026-09-19 17:27:24 DEBUG [asyncio] Using selector: KqueueSelector
2026-09-19 17:27:24 DEBUG [eta.access] GET /api/decision-sheet → 200 (12ms)
2026-09-19 17:27:24 DEBUG [asyncio] Using selector: KqueueSelector
2026-09-19 17:27:24 DEBUG [eta.access] GET /api/decision-sheet → 200 (7ms)
2026-09-19 17:27:24 DEBUG [asyncio] Using selector: KqueueSelector
2026-09-19 17:27:24 DEBUG [eta.access] GET /api/dashboard → 200 (12ms)
2026-09-19 17:27:24 DEBUG [asyncio] Using selector: KqueueSelector
2026-09-19 17:27:24 DEBUG [eta.access] GET /api/dashboard → 200 (14ms)
2026-09-19 17:27:24 DEBUG [asyncio] Using selector: KqueueSelector
2026-09-19 17:27:24 DEBUG [eta.access] GET /api/trends/categories → 200 (6ms)
2026-09-19 17:27:24 DEBUG [asyncio] Using selector: KqueueSelector
2026-09-19 17:27:24 DEBUG [eta.access] POST /api/errors/confirm-bulk → 200 (5ms)
2026-09-19 17:27:24 DEBUG [asyncio] Using selector: KqueueSelector
2026-09-19 17:27:24 DEBUG [eta.access] GET /api/dashboard → 200 (10ms)
2026-09-19 17:27:24 DEBUG [asyncio] Using selector: KqueueSelector
2026-09-19 17:27:24 DEBUG [eta.access] GET /api/decision-sheet/export → 200 (6ms)
2026-09-19 17:27:25 DEBUG [asyncio] Using selector: KqueueSelector
2026-09-19 17:27:25 DEBUG [eta.access] POST /api/check/dictation → 200 (21ms)
2026-09-19 17:27:25 DEBUG [asyncio] Using selector: KqueueSelector
2026-09-19 17:27:25 DEBUG [eta.access] GET /api/errors → 200 (3ms)
2026-09-19 17:27:25 DEBUG [asyncio] Using selector: KqueueSelector
2026-09-19 17:27:25 DEBUG [eta.access] GET /api/check/sessions → 200 (3ms)
2026-09-19 17:27:25 DEBUG [asyncio] Using selector: KqueueSelector
2026-09-19 17:27:25 DEBUG [eta.access] GET /api/check/sessions/1 → 200 (3ms)
2026-09-19 17:27:25 DEBUG [asyncio] Using selector: KqueueSelector
2026-09-19 17:27:25 DEBUG [eta.access] POST /api/check/assignment → 200 (21ms)
2026-09-19 17:27:25 DEBUG [asyncio] Using selector: KqueueSelector
2026-09-19 17:27:25 DEBUG [eta.access] GET /api/errors → 200 (4ms)
2026-09-19 17:27:25 DEBUG [asyncio] Using selector: KqueueSelector
2026-09-19 17:27:25 DEBUG [eta.access] POST /api/check/assignment → 200 (16ms)
2026-09-19 17:27:25 DEBUG [asyncio] Using selector: KqueueSelector
2026-09-19 17:27:25 DEBUG [eta.access] GET /api/errors → 200 (7ms)
2026-09-19 17:27:25 DEBUG [asyncio] Using selector: KqueueSelector
2026-09-19 17:27:25 DEBUG [eta.access] POST /api/check/assignment → 200 (6ms)
2026-09-19 17:27:25 DEBUG [asyncio] Using selector: KqueueSelector
2026-09-19 17:27:25 DEBUG [eta.access] POST /api/check/assignment → 200 (13ms)
2026-09-19 17:27:25 DEBUG [asyncio] Using selector: KqueueSelector
2026-09-19 17:27:25 DEBUG [eta.access] POST /api/check/dictation → 400 (3ms)
2026-09-19 17:27:25 DEBUG [asyncio] Using selector: KqueueSelector
2026-09-19 17:27:25 DEBUG [eta.access] POST /api/check/assignment → 400 (3ms)
2026-09-19 17:27:25 DEBUG [asyncio] Using selector: KqueueSelector
2026-09-19 17:27:25 DEBUG [eta.access] GET /api/check/sessions/999999 → 404 (3ms)
2026-09-19 17:27:25 DEBUG [asyncio] Using selector: KqueueSelector
2026-09-19 17:27:25 DEBUG [eta.access] POST /api/check/dictation → 200 (6ms)
2026-09-19 17:27:25 DEBUG [asyncio] Using selector: KqueueSelector
2026-09-19 17:27:25 DEBUG [eta.access] PATCH /api/check/sessions/1 → 200 (7ms)
2026-09-19 17:27:25 DEBUG [asyncio] Using selector: KqueueSelector
2026-09-19 17:27:25 DEBUG [eta.access] GET /api/check/sessions → 200 (3ms)
2026-09-19 17:27:25 DEBUG [asyncio] Using selector: KqueueSelector
2026-09-19 17:27:25 DEBUG [eta.access] POST /api/students/import → 200 (8ms)
2026-09-19 17:27:25 DEBUG [asyncio] Using selector: KqueueSelector
2026-09-19 17:27:25 DEBUG [eta.access] POST /api/check/dictation → 200 (11ms)
2026-09-19 17:27:25 DEBUG [asyncio] Using selector: KqueueSelector
2026-09-19 17:27:25 DEBUG [eta.access] GET /api/check/sessions/1/export → 200 (6ms)
2026-09-19 17:27:25 DEBUG [asyncio] Using selector: KqueueSelector
2026-09-19 17:27:25 DEBUG [eta.access] GET /api/check/sessions/999999/export → 404 (5ms)
2026-09-19 17:27:25 DEBUG [asyncio] Using selector: KqueueSelector
2026-09-19 17:27:25 DEBUG [eta.access] POST /api/students/import → 200 (6ms)
2026-09-19 17:27:25 DEBUG [asyncio] Using selector: KqueueSelector
2026-09-19 17:27:25 DEBUG [eta.access] POST /api/check/dictation → 200 (18ms)
2026-09-19 17:27:25 DEBUG [asyncio] Using selector: KqueueSelector
2026-09-19 17:27:25 INFO [eta.api.check] 导出全部单生批改报告：2 名学生（session=1）
2026-09-19 17:27:25 DEBUG [eta.access] GET /api/check/sessions/1/export-all → 200 (8ms)
2026-09-19 17:27:25 DEBUG [asyncio] Using selector: KqueueSelector
2026-09-19 17:27:25 DEBUG [eta.access] GET /api/check/sessions/999999/export-all → 404 (2ms)
2026-09-19 17:27:26 WARNING [eta.trace] 运行留痕写入失败：[Errno 20] Not a directory: '/private/var/folders/sh/v4ws268d63928m_6n_jzds6m0000gn/T/pytest-of-zbloom/pytest-32/test_record_never_raises_on_io0/blocker/sub'
2026-09-19 17:27:26 DEBUG [asyncio] Using selector: KqueueSelector
2026-09-19 17:27:26 DEBUG [eta.access] POST /api/check/organize-upload → 200 (5ms)
2026-09-19 17:27:26 DEBUG [asyncio] Using selector: KqueueSelector
2026-09-19 17:27:26 DEBUG [eta.access] POST /api/check/organize-upload → 200 (4ms)
2026-09-19 17:27:26 DEBUG [asyncio] Using selector: KqueueSelector
2026-09-19 17:27:26 DEBUG [eta.access] POST /api/check/organize-upload → 400 (3ms)
2026-09-19 17:27:26 DEBUG [asyncio] Using selector: KqueueSelector
2026-09-19 17:27:26 DEBUG [asyncio] Using selector: KqueueSelector
2026-09-19 17:27:26 DEBUG [eta.access] POST /api/students → 200 (6ms)
2026-09-19 17:27:26 DEBUG [eta.access] POST /api/students/import → 200 (6ms)
2026-09-19 17:27:26 DEBUG [asyncio] Using selector: KqueueSelector
2026-09-19 17:27:26 DEBUG [asyncio] Using selector: KqueueSelector
2026-09-19 17:27:26 DEBUG [eta.access] POST /api/students → 200 (4ms)
2026-09-19 17:27:26 DEBUG [eta.access] POST /api/check/photo-parse → 200 (4ms)
2026-09-19 17:27:26 DEBUG [asyncio] Using selector: KqueueSelector
2026-09-19 17:27:26 DEBUG [eta.access] POST /api/check/photo-parse → 200 (6ms)
2026-09-19 17:27:26 DEBUG [asyncio] Using selector: KqueueSelector
2026-09-19 17:27:26 DEBUG [eta.access] POST /api/students → 200 (5ms)
2026-09-19 17:27:26 DEBUG [asyncio] Using selector: KqueueSelector
2026-09-19 17:27:26 DEBUG [eta.access] POST /api/students → 200 (4ms)
2026-09-19 17:27:26 DEBUG [asyncio] Using selector: KqueueSelector
2026-09-19 17:27:26 DEBUG [eta.access] POST /api/check/photo-parse → 200 (3ms)
2026-09-19 17:27:26 DEBUG [asyncio] Using selector: KqueueSelector
2026-09-19 17:27:26 DEBUG [asyncio] Using selector: KqueueSelector
2026-09-19 17:27:26 DEBUG [eta.access] POST /api/students → 200 (5ms)
2026-09-19 17:27:26 DEBUG [asyncio] Using selector: KqueueSelector
2026-09-19 17:27:26 DEBUG [eta.access] POST /api/students → 200 (5ms)
2026-09-19 17:27:26 DEBUG [asyncio] Using selector: KqueueSelector
2026-09-19 17:27:26 DEBUG [eta.access] POST /api/students/S01/cleanup → 200 (6ms)
2026-09-19 17:27:26 WARNING [eta.services.photo_check] 批改读图失败（张三/bad.jpg）：识别失败
2026-09-19 17:27:26 DEBUG [eta.access] POST /api/check/photo-parse → 200 (41ms)
2026-09-19 17:27:26 DEBUG [asyncio] Using selector: KqueueSelector
2026-09-19 17:27:26 DEBUG [eta.access] GET /api/students/S01/profile → 200 (3ms)
2026-09-19 17:27:26 DEBUG [asyncio] Using selector: KqueueSelector
2026-09-19 17:27:26 DEBUG [eta.access] POST /api/students/S01/cleanup → 200 (6ms)
2026-09-19 17:27:26 DEBUG [asyncio] Using selector: KqueueSelector
2026-09-19 17:27:26 DEBUG [eta.access] GET /api/students/S01/profile → 200 (3ms)
2026-09-19 17:27:26 DEBUG [asyncio] Using selector: KqueueSelector
2026-09-19 17:27:26 DEBUG [eta.access] POST /api/check/photo-parse → 422 (2ms)
2026-09-19 17:27:26 DEBUG [asyncio] Using selector: KqueueSelector
2026-09-19 17:27:26 DEBUG [asyncio] Using selector: KqueueSelector
2026-09-19 17:27:26 DEBUG [eta.access] POST /api/students/import → 200 (4ms)
2026-09-19 17:27:26 DEBUG [asyncio] Using selector: KqueueSelector
2026-09-19 17:27:26 DEBUG [eta.access] POST /api/students → 200 (6ms)
2026-09-19 17:27:26 DEBUG [asyncio] Using selector: KqueueSelector
2026-09-19 17:27:26 DEBUG [eta.access] POST /api/students → 200 (4ms)
2026-09-19 17:27:26 DEBUG [eta.access] POST /api/check/assignment → 200 (12ms)
2026-09-19 17:27:26 DEBUG [asyncio] Using selector: KqueueSelector
2026-09-19 17:27:26 DEBUG [asyncio] Using selector: KqueueSelector
2026-09-19 17:27:26 DEBUG [eta.access] GET /api/errors → 200 (2ms)
2026-09-19 17:27:26 DEBUG [eta.access] POST /api/students/S01/cleanup → 200 (3ms)
2026-09-19 17:27:26 DEBUG [asyncio] Using selector: KqueueSelector
2026-09-19 17:27:26 DEBUG [eta.access] GET /api/check/sessions/1/files → 200 (4ms)
2026-09-19 17:27:26 DEBUG [asyncio] Using selector: KqueueSelector
2026-09-19 17:27:26 DEBUG [eta.access] GET /api/check/sessions → 200 (2ms)
2026-09-19 17:27:26 DEBUG [asyncio] Using selector: KqueueSelector
2026-09-19 17:27:26 DEBUG [asyncio] Using selector: KqueueSelector
2026-09-19 17:27:26 DEBUG [eta.access] POST /api/students → 200 (8ms)
2026-09-19 17:27:26 DEBUG [eta.access] POST /api/check/assignment → 200 (11ms)
2026-09-19 17:27:26 DEBUG [asyncio] Using selector: KqueueSelector
2026-09-19 17:27:26 DEBUG [asyncio] Using selector: KqueueSelector
2026-09-19 17:27:26 DEBUG [eta.access] POST /api/students → 200 (5ms)
2026-09-19 17:27:26 DEBUG [eta.access] GET /api/check/sessions/1 → 200 (4ms)
2026-09-19 17:27:26 DEBUG [asyncio] Using selector: KqueueSelector
2026-09-19 17:27:26 DEBUG [eta.access] POST /api/students/S01/cleanup → 200 (6ms)
2026-09-19 17:27:26 DEBUG [asyncio] Using selector: KqueueSelector
2026-09-19 17:27:26 DEBUG [eta.access] POST /api/students/import → 200 (7ms)
2026-09-19 17:27:26 DEBUG [asyncio] Using selector: KqueueSelector
2026-09-19 17:27:26 DEBUG [eta.access] POST /api/check/assignment → 200 (12ms)
2026-09-19 17:27:26 DEBUG [asyncio] Using selector: KqueueSelector
2026-09-19 17:27:26 DEBUG [eta.access] POST /api/students/import → 200 (4ms)
2026-09-19 17:27:26 DEBUG [asyncio] Using selector: KqueueSelector
2026-09-19 17:27:26 DEBUG [asyncio] Using selector: KqueueSelector
2026-09-19 17:27:26 DEBUG [eta.access] POST /api/students → 200 (8ms)
2026-09-19 17:27:26 DEBUG [asyncio] Using selector: KqueueSelector
2026-09-19 17:27:26 DEBUG [eta.access] POST /api/check/assignment → 200 (11ms)
2026-09-19 17:27:26 DEBUG [eta.access] POST /api/students → 200 (4ms)
2026-09-19 17:27:26 DEBUG [asyncio] Using selector: KqueueSelector
2026-09-19 17:27:26 DEBUG [eta.access] GET /api/check/sessions → 200 (2ms)
2026-09-19 17:27:26 DEBUG [asyncio] Using selector: KqueueSelector
2026-09-19 17:27:26 DEBUG [asyncio] Using selector: KqueueSelector
2026-09-19 17:27:26 DEBUG [eta.access] GET /api/check/sessions → 200 (2ms)
2026-09-19 17:27:26 DEBUG [eta.access] POST /api/students/S01/cleanup → 200 (5ms)
2026-09-19 17:27:26 DEBUG [asyncio] Using selector: KqueueSelector
2026-09-19 17:27:26 DEBUG [eta.access] POST /api/students/import → 200 (4ms)
2026-09-19 17:27:26 DEBUG [asyncio] Using selector: KqueueSelector
2026-09-19 17:27:26 DEBUG [asyncio] Using selector: KqueueSelector
2026-09-19 17:27:26 DEBUG [eta.access] POST /api/check/assignment → 200 (11ms)
2026-09-19 17:27:26 DEBUG [eta.access] POST /api/students → 200 (6ms)
2026-09-19 17:27:26 DEBUG [asyncio] Using selector: KqueueSelector
2026-09-19 17:27:26 DEBUG [asyncio] Using selector: KqueueSelector
2026-09-19 17:27:26 DEBUG [eta.access] GET /api/check/sessions/1/files → 200 (3ms)
2026-09-19 17:27:26 DEBUG [eta.access] POST /api/students/P01/cleanup → 400 (2ms)
2026-09-19 17:27:26 DEBUG [asyncio] Using selector: KqueueSelector
2026-09-19 17:27:26 DEBUG [asyncio] Using selector: KqueueSelector
2026-09-19 17:27:26 DEBUG [eta.access] DELETE /api/check/sessions/1 → 200 (4ms)
2026-09-19 17:27:26 DEBUG [eta.access] POST /api/students/P01/cleanup → 400 (3ms)
2026-09-19 17:27:26 DEBUG [asyncio] Using selector: KqueueSelector
2026-09-19 17:27:26 DEBUG [eta.access] GET /api/check/sessions/1 → 404 (2ms)
2026-09-19 17:27:26 DEBUG [asyncio] Using selector: KqueueSelector
2026-09-19 17:27:26 DEBUG [eta.access] GET /api/check/sessions/1/files → 404 (3ms)
2026-09-19 17:27:26 DEBUG [asyncio] Using selector: KqueueSelector
2026-09-19 17:27:26 DEBUG [eta.access] GET /api/errors → 200 (2ms)
2026-09-19 17:27:26 DEBUG [asyncio] Using selector: KqueueSelector
2026-09-19 17:27:26 DEBUG [eta.access] POST /api/students/import → 200 (5ms)
2026-09-19 17:27:26 DEBUG [asyncio] Using selector: KqueueSelector
2026-09-19 17:27:26 DEBUG [asyncio] Using selector: KqueueSelector
2026-09-19 17:27:26 DEBUG [eta.access] POST /api/check/assignment → 200 (11ms)
2026-09-19 17:27:26 DEBUG [asyncio] Using selector: KqueueSelector
2026-09-19 17:27:26 DEBUG [eta.access] POST /api/students/NOPE/cleanup → 404 (2ms)
2026-09-19 17:27:26 DEBUG [asyncio] Using selector: KqueueSelector
2026-09-19 17:27:26 DEBUG [eta.access] DELETE /api/check/sessions/2 → 200 (4ms)
2026-09-19 17:27:26 DEBUG [asyncio] Using selector: KqueueSelector
2026-09-19 17:27:26 DEBUG [eta.access] POST /api/students → 200 (5ms)
2026-09-19 17:27:26 DEBUG [eta.access] GET /api/errors → 200 (3ms)
2026-09-19 17:27:26 DEBUG [asyncio] Using selector: KqueueSelector
2026-09-19 17:27:26 DEBUG [asyncio] Using selector: KqueueSelector
2026-09-19 17:27:26 DEBUG [eta.access] POST /api/students/V01/cleanup → 400 (3ms)
2026-09-19 17:27:26 DEBUG [eta.access] DELETE /api/check/sessions/999999 → 404 (2ms)
2026-09-19 17:27:26 DEBUG [asyncio] Using selector: KqueueSelector
2026-09-19 17:27:26 DEBUG [eta.access] POST /api/students/import → 200 (7ms)
2026-09-19 17:27:26 DEBUG [asyncio] Using selector: KqueueSelector
2026-09-19 17:27:26 DEBUG [eta.access] POST /api/check/photo-parse → 200 (3ms)
2026-09-19 17:27:26 DEBUG [asyncio] Using selector: KqueueSelector
2026-09-19 17:27:26 DEBUG [eta.access] POST /api/check/photo-parse → 200 (3ms)
2026-09-19 17:27:26 DEBUG [asyncio] Using selector: KqueueSelector
2026-09-19 17:27:26 DEBUG [eta.access] POST /api/check/md-reparse → 200 (5ms)
2026-09-19 17:27:26 DEBUG [asyncio] Using selector: KqueueSelector
2026-09-19 17:27:27 DEBUG [eta.access] POST /api/check/md-reparse → 400 (2ms)
2026-09-19 17:27:27 DEBUG [asyncio] Using selector: KqueueSelector
2026-09-19 17:27:27 DEBUG [eta.access] POST /api/students/import → 200 (7ms)
2026-09-19 17:27:27 DEBUG [asyncio] Using selector: KqueueSelector
2026-09-19 17:27:27 DEBUG [eta.access] POST /api/check/assignment → 200 (5ms)
2026-09-19 17:27:27 DEBUG [asyncio] Using selector: KqueueSelector
2026-09-19 17:27:27 DEBUG [eta.access] POST /api/students/import → 200 (5ms)
2026-09-19 17:27:27 DEBUG [asyncio] Using selector: KqueueSelector
2026-09-19 17:27:27 DEBUG [eta.access] POST /api/check/assignment → 200 (7ms)
2026-09-19 17:27:27 DEBUG [asyncio] Using selector: KqueueSelector
2026-09-19 17:27:27 DEBUG [eta.access] GET /api/check/sessions → 200 (3ms)
2026-09-19 17:27:27 DEBUG [asyncio] Using selector: KqueueSelector
2026-09-19 17:27:27 DEBUG [eta.access] GET /api/check/sessions → 200 (2ms)
2026-09-19 17:27:27 DEBUG [asyncio] Using selector: KqueueSelector
2026-09-19 17:27:27 DEBUG [eta.access] GET /api/check/sessions → 200 (3ms)
2026-09-19 17:27:27 WARNING [eta.ocr] dual 文档流 mineru 通道失败（降级继续）：MinerU 链路抖动
2026-09-19 17:27:27 WARNING [eta.ocr] dual 文档流 mineru 通道失败（降级继续）：down
2026-09-19 17:27:27 WARNING [eta.ocr] dual 文档流 paddleocr 通道失败（降级继续）：down
2026-09-19 17:27:28 DEBUG [asyncio] Using selector: KqueueSelector
2026-09-19 17:27:28 ERROR [eta.logs] 浏览器 [ERROR] 页面=#/scan 页面脚本错误
at boot
2026-09-19 17:27:28 DEBUG [eta.access] POST /api/logs/client → 200 (9ms)
2026-09-19 17:27:28 INFO [eta.ocr] MinerU batch=b1 创建，上传图片 (5 bytes)
2026-09-19 17:27:29 INFO [eta] 日志已就绪：目录 runtime/logs（按天轮转，保留 14 天，终端级别 INFO / 文件级别 DEBUG）
2026-09-19 17:27:29 DEBUG [asyncio] Using selector: KqueueSelector
2026-09-19 17:27:29 INFO [eta.main] ════════ 系统启动 ════════
2026-09-19 17:27:30 DEBUG [eta.access] GET /api/health → 200 (205ms)
2026-09-19 17:27:31 WARNING [eta.trace] 运行留痕写入失败：ENOTDIR: not a directory, mkdir '/private/tmp/eta_pt/test_record_never_raises_on_io0/blocker/sub/logs'
2026-09-19 17:27:31 DEBUG [eta.access] GET / → 200 (50ms)
2026-09-19 17:27:31 DEBUG [eta.access] GET /static/js/base.js → 200 (38ms)
2026-09-19 17:27:31 DEBUG [eta.access] GET /static/css/style.css → 200 (40ms)
2026-09-19 17:27:31 DEBUG [eta.access] GET /static/js/analysis.js → 200 (34ms)
2026-09-19 17:27:31 DEBUG [eta.access] GET /static/js/entry.js → 200 (37ms)
2026-09-19 17:27:31 DEBUG [eta.access] GET /static/js/lesson.js → 200 (37ms)
2026-09-19 17:27:31 DEBUG [eta.access] GET /static/js/confirm.js → 200 (39ms)
2026-09-19 17:27:31 DEBUG [eta.access] GET /static/js/students.js → 200 (17ms)
2026-09-19 17:27:31 DEBUG [eta.access] GET /static/js/grading.js → 200 (19ms)
2026-09-19 17:27:31 DEBUG [eta.access] GET /static/js/router.js → 200 (16ms)
2026-09-19 17:27:32 DEBUG [asyncio] Using selector: KqueueSelector
2026-09-19 17:27:32 DEBUG [eta.access] POST /api/check/organize-upload → 200 (3ms)
2026-09-19 17:27:32 DEBUG [eta.access] GET /api/ontology → 200 (6ms)
2026-09-19 17:27:32 DEBUG [asyncio] Using selector: KqueueSelector
2026-09-19 17:27:32 DEBUG [eta.access] POST /api/check/organize-upload → 200 (3ms)
2026-09-19 17:27:32 DEBUG [asyncio] Using selector: KqueueSelector
2026-09-19 17:27:32 DEBUG [eta.access] POST /api/check/organize-upload → 400 (2ms)
2026-09-19 17:27:32 DEBUG [asyncio] Using selector: KqueueSelector
2026-09-19 17:27:32 DEBUG [eta.access] POST /api/students/import → 200 (6ms)
2026-09-19 17:27:32 DEBUG [asyncio] Using selector: KqueueSelector
2026-09-19 17:27:32 DEBUG [eta.access] POST /api/check/photo-parse → 200 (6ms)
2026-09-19 17:27:32 DEBUG [asyncio] Using selector: KqueueSelector
2026-09-19 17:27:32 DEBUG [eta.access] POST /api/check/photo-parse → 200 (7ms)
2026-09-19 17:27:32 DEBUG [asyncio] Using selector: KqueueSelector
2026-09-19 17:27:32 DEBUG [eta.access] POST /api/check/photo-parse → 200 (5ms)
2026-09-19 17:27:32 DEBUG [asyncio] Using selector: KqueueSelector
2026-09-19 17:27:32 WARNING [eta.services.photo_check] 批改读图失败（张三/bad.jpg）：识别失败
2026-09-19 17:27:32 DEBUG [eta.access] POST /api/check/photo-parse → 200 (6ms)
2026-09-19 17:27:32 DEBUG [eta.access] GET /api/classes → 200 (6ms)
2026-09-19 17:27:32 DEBUG [eta.access] GET /api/students → 200 (3ms)
2026-09-19 17:27:32 DEBUG [eta.access] GET /api/check/sessions → 200 (14ms)
2026-09-19 17:27:32 DEBUG [asyncio] Using selector: KqueueSelector
2026-09-19 17:27:32 DEBUG [eta.access] POST /api/check/photo-parse → 422 (2ms)
2026-09-19 17:27:32 DEBUG [asyncio] Using selector: KqueueSelector
2026-09-19 17:27:32 DEBUG [eta.access] POST /api/students/import → 200 (16ms)
2026-09-19 17:27:32 DEBUG [asyncio] Using selector: KqueueSelector
2026-09-19 17:27:32 DEBUG [eta.access] POST /api/check/assignment → 200 (20ms)
2026-09-19 17:27:32 DEBUG [asyncio] Using selector: KqueueSelector
2026-09-19 17:27:32 DEBUG [eta.access] GET /api/errors → 200 (3ms)
2026-09-19 17:27:32 DEBUG [asyncio] Using selector: KqueueSelector
2026-09-19 17:27:32 DEBUG [eta.access] GET /api/check/sessions/1/files → 200 (3ms)
2026-09-19 17:27:32 DEBUG [asyncio] Using selector: KqueueSelector
2026-09-19 17:27:32 DEBUG [eta.access] GET /api/check/sessions → 200 (7ms)
2026-09-19 17:27:33 DEBUG [asyncio] Using selector: KqueueSelector
2026-09-19 17:27:33 DEBUG [eta.access] POST /api/check/assignment → 200 (14ms)
2026-09-19 17:27:33 DEBUG [asyncio] Using selector: KqueueSelector
2026-09-19 17:27:33 DEBUG [eta.access] GET /api/check/sessions/1 → 200 (5ms)
2026-09-19 17:27:33 DEBUG [asyncio] Using selector: KqueueSelector
2026-09-19 17:27:33 DEBUG [eta.access] POST /api/students/import → 200 (7ms)
2026-09-19 17:27:33 DEBUG [asyncio] Using selector: KqueueSelector
2026-09-19 17:27:33 DEBUG [eta.access] POST /api/check/assignment → 200 (17ms)
2026-09-19 17:27:33 DEBUG [asyncio] Using selector: KqueueSelector
2026-09-19 17:27:33 DEBUG [eta.access] POST /api/students/import → 200 (5ms)
2026-09-19 17:27:33 DEBUG [asyncio] Using selector: KqueueSelector
2026-09-19 17:27:33 DEBUG [eta.access] POST /api/check/assignment → 200 (14ms)
2026-09-19 17:27:33 DEBUG [asyncio] Using selector: KqueueSelector
2026-09-19 17:27:33 DEBUG [eta.access] GET /api/check/sessions → 200 (3ms)
2026-09-19 17:27:33 DEBUG [asyncio] Using selector: KqueueSelector
2026-09-19 17:27:33 DEBUG [eta.access] GET /api/check/sessions → 200 (3ms)
2026-09-19 17:27:33 DEBUG [asyncio] Using selector: KqueueSelector
2026-09-19 17:27:33 DEBUG [eta.access] POST /api/students/import → 200 (8ms)
2026-09-19 17:27:33 DEBUG [asyncio] Using selector: KqueueSelector
2026-09-19 17:27:33 DEBUG [eta.access] POST /api/check/assignment → 200 (15ms)
2026-09-19 17:27:33 DEBUG [asyncio] Using selector: KqueueSelector
2026-09-19 17:27:33 DEBUG [eta.access] GET /api/check/sessions/1/files → 200 (4ms)
2026-09-19 17:27:33 DEBUG [asyncio] Using selector: KqueueSelector
2026-09-19 17:27:33 DEBUG [eta.access] DELETE /api/check/sessions/1 → 200 (21ms)
2026-09-19 17:27:33 DEBUG [asyncio] Using selector: KqueueSelector
2026-09-19 17:27:33 DEBUG [eta.access] GET /api/check/sessions/1 → 404 (3ms)
2026-09-19 17:27:33 DEBUG [asyncio] Using selector: KqueueSelector
2026-09-19 17:27:33 DEBUG [eta.access] GET /api/check/sessions/1/files → 404 (5ms)
2026-09-19 17:27:33 DEBUG [asyncio] Using selector: KqueueSelector
2026-09-19 17:27:33 DEBUG [eta.access] GET /api/errors → 200 (4ms)
2026-09-19 17:27:33 DEBUG [asyncio] Using selector: KqueueSelector
2026-09-19 17:27:33 DEBUG [eta.access] POST /api/students/import → 200 (8ms)
2026-09-19 17:27:33 DEBUG [asyncio] Using selector: KqueueSelector
2026-09-19 17:27:33 DEBUG [eta.access] POST /api/check/assignment → 200 (18ms)
2026-09-19 17:27:33 DEBUG [asyncio] Using selector: KqueueSelector
2026-09-19 17:27:33 DEBUG [eta.access] DELETE /api/check/sessions/2 → 200 (4ms)
2026-09-19 17:27:33 DEBUG [asyncio] Using selector: KqueueSelector
2026-09-19 17:27:33 DEBUG [eta.access] GET /api/errors → 200 (3ms)
2026-09-19 17:27:33 DEBUG [asyncio] Using selector: KqueueSelector
2026-09-19 17:27:33 DEBUG [eta.access] DELETE /api/check/sessions/999999 → 404 (2ms)
2026-09-19 17:27:33 DEBUG [asyncio] Using selector: KqueueSelector
2026-09-19 17:27:33 DEBUG [eta.access] POST /api/students/import → 200 (9ms)
2026-09-19 17:27:33 DEBUG [asyncio] Using selector: KqueueSelector
2026-09-19 17:27:33 DEBUG [eta.access] POST /api/check/photo-parse → 200 (4ms)
2026-09-19 17:27:33 DEBUG [asyncio] Using selector: KqueueSelector
2026-09-19 17:27:33 DEBUG [eta.access] POST /api/check/photo-parse → 200 (5ms)
2026-09-19 17:27:33 DEBUG [asyncio] Using selector: KqueueSelector
2026-09-19 17:27:33 DEBUG [eta.access] POST /api/check/md-reparse → 200 (4ms)
2026-09-19 17:27:33 DEBUG [asyncio] Using selector: KqueueSelector
2026-09-19 17:27:33 DEBUG [eta.access] POST /api/check/md-reparse → 400 (4ms)
2026-09-19 17:27:33 DEBUG [asyncio] Using selector: KqueueSelector
2026-09-19 17:27:33 DEBUG [eta.access] POST /api/students/import → 200 (6ms)
2026-09-19 17:27:33 DEBUG [asyncio] Using selector: KqueueSelector
2026-09-19 17:27:33 DEBUG [eta.access] POST /api/check/assignment → 200 (6ms)
2026-09-19 17:27:33 DEBUG [asyncio] Using selector: KqueueSelector
2026-09-19 17:27:33 DEBUG [eta.access] POST /api/students/import → 200 (5ms)
2026-09-19 17:27:33 DEBUG [asyncio] Using selector: KqueueSelector
2026-09-19 17:27:33 DEBUG [eta.access] POST /api/check/assignment → 200 (8ms)
2026-09-19 17:27:33 DEBUG [asyncio] Using selector: KqueueSelector
2026-09-19 17:27:33 DEBUG [eta.access] GET /api/check/sessions → 200 (4ms)
2026-09-19 17:27:33 DEBUG [asyncio] Using selector: KqueueSelector
2026-09-19 17:27:33 DEBUG [eta.access] GET /api/check/sessions → 200 (3ms)
2026-09-19 17:27:33 DEBUG [asyncio] Using selector: KqueueSelector
2026-09-19 17:27:33 DEBUG [eta.access] GET /api/check/sessions → 200 (5ms)
2026-09-19 17:27:42 DEBUG [eta.access] POST /api/check/organize-upload → 200 (5ms)
2026-09-19 17:27:46 DEBUG [eta.access] GET /api/students → 200 (8ms)
2026-09-19 17:27:46 DEBUG [eta.access] GET /api/check/sessions → 200 (3ms)
2026-09-19 17:28:14 INFO [eta.providers.agent_chat] 智能体会话调用完成 | 返回 7049 字，耗时 21676ms
2026-09-19 17:28:43 INFO [eta.llm] AI 调用完成 | 模型=deepseek-v4-pro 返回 16409 字，耗时 28653ms
2026-09-19 17:28:43 DEBUG [eta.llm] llm.chat ok | model=deepseek-v4-pro chars=16409 28655ms
2026-09-19 17:29:02 INFO [eta.providers.agent_chat] 智能体会话调用完成 | 返回 7012 字，耗时 17847ms
2026-09-19 17:29:29 INFO [eta.llm] AI 调用完成 | 模型=deepseek-v4-pro 返回 16513 字，耗时 27527ms
2026-09-19 17:29:29 DEBUG [eta.llm] llm.chat ok | model=deepseek-v4-pro chars=16513 27527ms
2026-09-19 17:29:29 DEBUG [eta.access] POST /api/check/photo-parse → 200 (97112ms)
2026-09-19 17:29:40 DEBUG [eta.access] GET /api/students → 200 (5ms)
2026-09-19 17:30:02 DEBUG [eta.access] POST /api/students/import → 200 (16ms)
2026-09-19 17:30:02 DEBUG [eta.access] GET /api/classes → 200 (5ms)
2026-09-19 17:30:02 DEBUG [eta.access] GET /api/students → 200 (10ms)
2026-09-19 17:30:29 INFO [eta.providers.agent_chat] 智能体会话调用完成 | 返回 7082 字，耗时 19490ms
2026-09-19 17:30:58 INFO [eta.llm] AI 调用完成 | 模型=deepseek-v4-pro 返回 16600 字，耗时 29237ms
2026-09-19 17:30:58 DEBUG [eta.llm] llm.chat ok | model=deepseek-v4-pro chars=16600 29238ms
2026-09-19 17:31:18 INFO [eta.providers.agent_chat] 智能体会话调用完成 | 返回 6999 字，耗时 19506ms
2026-09-19 17:31:47 INFO [eta.llm] AI 调用完成 | 模型=deepseek-v4-pro 返回 17330 字，耗时 29417ms
2026-09-19 17:31:47 DEBUG [eta.llm] llm.chat ok | model=deepseek-v4-pro chars=17330 29418ms
2026-09-19 17:31:47 DEBUG [eta.access] POST /api/check/photo-parse → 200 (98564ms)
2026-09-19 17:32:16 INFO [eta.llm] AI 调用完成 | 模型=deepseek-v4-pro 返回 251 字，耗时 1925ms
2026-09-19 17:32:16 DEBUG [eta.llm] llm.chat ok | model=deepseek-v4-pro chars=251 1925ms
2026-09-19 17:32:17 INFO [eta.llm] AI 调用完成 | 模型=deepseek-v4-pro 返回 48 字，耗时 935ms
2026-09-19 17:32:17 DEBUG [eta.llm] llm.chat ok | model=deepseek-v4-pro chars=48 935ms
2026-09-19 17:32:18 INFO [eta.llm] AI 调用完成 | 模型=deepseek-v4-pro 返回 50 字，耗时 957ms
2026-09-19 17:32:18 DEBUG [eta.llm] llm.chat ok | model=deepseek-v4-pro chars=50 957ms
2026-09-19 17:32:19 INFO [eta.llm] AI 调用完成 | 模型=deepseek-v4-pro 返回 48 字，耗时 915ms
2026-09-19 17:32:19 DEBUG [eta.llm] llm.chat ok | model=deepseek-v4-pro chars=48 915ms
2026-09-19 17:32:20 INFO [eta.llm] AI 调用完成 | 模型=deepseek-v4-pro 返回 52 字，耗时 889ms
2026-09-19 17:32:20 DEBUG [eta.llm] llm.chat ok | model=deepseek-v4-pro chars=52 890ms
2026-09-19 17:32:21 INFO [eta.llm] AI 调用完成 | 模型=deepseek-v4-pro 返回 50 字，耗时 976ms
2026-09-19 17:32:21 DEBUG [eta.llm] llm.chat ok | model=deepseek-v4-pro chars=50 976ms
2026-09-19 17:32:23 INFO [eta.llm] AI 调用完成 | 模型=deepseek-v4-pro 返回 178 字，耗时 2222ms
2026-09-19 17:32:23 DEBUG [eta.llm] llm.chat ok | model=deepseek-v4-pro chars=178 2223ms
2026-09-19 17:32:24 INFO [eta.llm] AI 调用完成 | 模型=deepseek-v4-pro 返回 55 字，耗时 1086ms
2026-09-19 17:32:24 DEBUG [eta.llm] llm.chat ok | model=deepseek-v4-pro chars=55 1086ms
2026-09-19 17:32:25 INFO [eta.llm] AI 调用完成 | 模型=deepseek-v4-pro 返回 53 字，耗时 637ms
2026-09-19 17:32:25 DEBUG [eta.llm] llm.chat ok | model=deepseek-v4-pro chars=53 637ms
2026-09-19 17:32:26 INFO [eta.llm] AI 调用完成 | 模型=deepseek-v4-pro 返回 71 字，耗时 1562ms
2026-09-19 17:32:26 DEBUG [eta.llm] llm.chat ok | model=deepseek-v4-pro chars=71 1562ms
2026-09-19 17:32:29 INFO [eta.llm] AI 调用完成 | 模型=deepseek-v4-pro 返回 292 字，耗时 2740ms
2026-09-19 17:32:29 DEBUG [eta.llm] llm.chat ok | model=deepseek-v4-pro chars=292 2740ms
2026-09-19 17:32:31 INFO [eta.llm] AI 调用完成 | 模型=deepseek-v4-pro 返回 86 字，耗时 1653ms
2026-09-19 17:32:31 DEBUG [eta.llm] llm.chat ok | model=deepseek-v4-pro chars=86 1655ms
2026-09-19 17:32:33 INFO [eta.llm] AI 调用完成 | 模型=deepseek-v4-pro 返回 214 字，耗时 2059ms
2026-09-19 17:32:33 DEBUG [eta.llm] llm.chat ok | model=deepseek-v4-pro chars=214 2060ms
2026-09-19 17:32:36 INFO [eta.llm] AI 调用完成 | 模型=deepseek-v4-pro 返回 254 字，耗时 2589ms
2026-09-19 17:32:36 DEBUG [eta.llm] llm.chat ok | model=deepseek-v4-pro chars=254 2589ms
2026-09-19 17:32:37 INFO [eta.llm] AI 调用完成 | 模型=deepseek-v4-pro 返回 233 字，耗时 1852ms
2026-09-19 17:32:37 DEBUG [eta.llm] llm.chat ok | model=deepseek-v4-pro chars=233 1852ms
2026-09-19 17:32:39 INFO [eta.llm] AI 调用完成 | 模型=deepseek-v4-pro 返回 214 字，耗时 1353ms
2026-09-19 17:32:39 DEBUG [eta.llm] llm.chat ok | model=deepseek-v4-pro chars=214 1354ms
2026-09-19 17:32:41 INFO [eta.llm] AI 调用完成 | 模型=deepseek-v4-pro 返回 184 字，耗时 2168ms
2026-09-19 17:32:41 DEBUG [eta.llm] llm.chat ok | model=deepseek-v4-pro chars=184 2168ms
2026-09-19 17:32:43 INFO [eta.llm] AI 调用完成 | 模型=deepseek-v4-pro 返回 277 字，耗时 1817ms
2026-09-19 17:32:43 DEBUG [eta.llm] llm.chat ok | model=deepseek-v4-pro chars=277 1818ms
2026-09-19 17:32:44 INFO [eta.llm] AI 调用完成 | 模型=deepseek-v4-pro 返回 61 字，耗时 869ms
2026-09-19 17:32:44 DEBUG [eta.llm] llm.chat ok | model=deepseek-v4-pro chars=61 869ms
2026-09-19 17:32:46 INFO [eta.llm] AI 调用完成 | 模型=deepseek-v4-pro 返回 235 字，耗时 2306ms
2026-09-19 17:32:46 DEBUG [eta.llm] llm.chat ok | model=deepseek-v4-pro chars=235 2307ms
2026-09-19 17:32:47 INFO [eta.llm] AI 调用完成 | 模型=deepseek-v4-pro 返回 57 字，耗时 1264ms
2026-09-19 17:32:47 DEBUG [eta.llm] llm.chat ok | model=deepseek-v4-pro chars=57 1264ms
2026-09-19 17:32:48 INFO [eta.llm] AI 调用完成 | 模型=deepseek-v4-pro 返回 60 字，耗时 1118ms
2026-09-19 17:32:48 DEBUG [eta.llm] llm.chat ok | model=deepseek-v4-pro chars=60 1119ms
2026-09-19 17:32:50 INFO [eta.llm] AI 调用完成 | 模型=deepseek-v4-pro 返回 66 字，耗时 1190ms
2026-09-19 17:32:50 DEBUG [eta.llm] llm.chat ok | model=deepseek-v4-pro chars=66 1190ms
2026-09-19 17:32:52 INFO [eta.llm] AI 调用完成 | 模型=deepseek-v4-pro 返回 225 字，耗时 2096ms
2026-09-19 17:32:52 DEBUG [eta.llm] llm.chat ok | model=deepseek-v4-pro chars=225 2097ms
2026-09-19 17:32:53 INFO [eta.llm] AI 调用完成 | 模型=deepseek-v4-pro 返回 68 字，耗时 1283ms
2026-09-19 17:32:53 DEBUG [eta.llm] llm.chat ok | model=deepseek-v4-pro chars=68 1283ms
2026-09-19 17:32:56 INFO [eta.llm] AI 调用完成 | 模型=deepseek-v4-pro 返回 261 字，耗时 2661ms
2026-09-19 17:32:56 DEBUG [eta.llm] llm.chat ok | model=deepseek-v4-pro chars=261 2662ms
2026-09-19 17:32:56 DEBUG [eta.access] POST /api/check/assignment → 200 (41376ms)
2026-09-19 17:32:56 DEBUG [eta.access] GET /api/students → 200 (4ms)
2026-09-19 17:32:56 DEBUG [eta.access] GET /api/check/sessions → 200 (24ms)
2026-09-19 17:33:00 DEBUG [eta.access] GET /api/students → 200 (7ms)
2026-09-19 17:33:00 DEBUG [eta.access] GET /api/errors/tags → 200 (4ms)
2026-09-19 17:33:02 DEBUG [eta.access] GET /api/errors/batches → 200 (2ms)
2026-09-19 17:33:02 DEBUG [eta.access] GET /api/errors → 200 (18ms)
2026-09-19 17:33:05 DEBUG [eta.access] POST /api/errors/confirm-bulk → 200 (6ms)
2026-09-19 17:33:05 DEBUG [eta.access] GET /api/errors → 200 (4ms)
2026-09-19 17:33:39 DEBUG [eta.access] GET /api/errors → 200 (5ms)
2026-09-19 17:33:41 DEBUG [eta.access] GET /api/errors → 200 (4ms)
2026-09-19 17:33:43 DEBUG [eta.access] GET /api/errors/batches → 200 (10ms)
2026-09-19 17:33:43 DEBUG [eta.access] GET /api/dashboard → 200 (27ms)
2026-09-19 17:33:49 DEBUG [eta.access] GET /api/dashboard → 200 (15ms)
2026-09-19 17:33:52 DEBUG [eta.access] GET /api/errors/batches → 200 (4ms)
2026-09-19 17:33:52 DEBUG [eta.access] GET /api/decision-sheet → 200 (16ms)
2026-09-19 17:34:01 DEBUG [eta.access] GET /api/practices → 200 (4ms)
2026-09-19 17:34:06 DEBUG [eta.access] GET /api/papers → 200 (4ms)
2026-09-19 17:34:11 DEBUG [eta.access] GET /api/students/9601/profile → 200 (10ms)
2026-09-19 17:34:20 DEBUG [eta.access] GET /api/students/9603/profile → 200 (5ms)
2026-09-19 17:34:23 DEBUG [eta.access] GET /api/students/9604/profile → 200 (15ms)
2026-09-19 17:52:15 DEBUG [eta.access] GET / → 200 (2ms)
2026-09-19 17:52:15 DEBUG [eta.access] GET /static/css/style.css → 200 (11ms)
2026-09-19 17:52:15 DEBUG [eta.access] GET /static/js/base.js → 200 (13ms)
2026-09-19 17:52:15 DEBUG [eta.access] GET /static/js/entry.js → 200 (10ms)
2026-09-19 17:52:15 DEBUG [eta.access] GET /static/js/analysis.js → 200 (11ms)
2026-09-19 17:52:15 DEBUG [eta.access] GET /static/js/confirm.js → 200 (11ms)
2026-09-19 17:52:15 DEBUG [eta.access] GET /static/js/lesson.js → 200 (14ms)
2026-09-19 17:52:15 DEBUG [eta.access] GET /static/js/students.js → 200 (9ms)
2026-09-19 17:52:15 DEBUG [eta.access] GET /static/js/grading.js → 200 (9ms)
2026-09-19 17:52:15 DEBUG [eta.access] GET /static/js/router.js → 200 (6ms)
2026-09-19 17:52:15 DEBUG [eta.access] GET /api/ontology → 200 (3ms)
2026-09-19 17:52:16 DEBUG [eta.access] GET /api/classes → 200 (49ms)
2026-09-19 17:52:16 DEBUG [eta.access] GET /api/students → 200 (4ms)
